ID,name,latitude,longitude,town,state,postcode,operator,status,is_operational,max_power_kw,total_points,has_fast_charging,date_created,date_last_verified
510840,E-Fill Electric Hotel Food Mania,31.602844,76.924626,"Balh, Mandi",Himachal Pradesh,175021,E-Fill Electric (IN),Operational,True,30.0,1,True,2026-09-30 16:02:00+00:00,2026-10-03 16:15:00+00:00
510821,Nilkanth EV Charging Station - ChargeJet,23.7593343,53.3224671,Ahmedabad,Gujarat,382445,Unknown Operator,Operational,True,160.0,3,True,2026-09-30 04:52:00+00:00,2026-10-03 04:57:00+00:00
510820,Nilkanth EV Charging Station - ChargeJet,22.9799096,72.6338202,Ahemdabad,Gujarat,382445,Unknown Operator,Operational,True,158.0,4,True,2026-09-30 04:24:00+00:00,2026-10-03 04:26:00+00:00
510563,bhanu prasad hostal,16.258242901893652,80.32322550096455,Guntar,Andhra Pradesh,534350,Unknown Operator,Operational,True,120.0,1,True,2026-09-26 04:27:00+00:00,2026-09-29 04:31:00+00:00
510152,Subhash Super Fast EV Charging Station | 90kw - Electrasaur india,11.2982954,75.8616974,Kozhikode,Kerala,673571,Chargezone (India),Operational,True,120.0,6,True,2026-09-19 12:19:00+00:00,2026-09-22 12:23:00+00:00
510099,EzyCharge - IIT MANDI,31.78036032077505,76.99302044703995,Mandi,Himachal Pradesh,175075,Unknown Operator,Operational,True,3.3,1,False,2026-09-18 11:35:00+00:00,2026-09-21 12:28:00+00:00
509422,Narketpally - Addanki - Medarametla Road,16.890620274310365,79.56120562803494,Miryalguda,Telangana,508207,Unknown Operator,Operational,True,180.0,6,True,2026-09-16 10:37:00+00:00,2026-09-19 10:39:00+00:00
504729,Uplug Ev Charging Station & Network,16.94591281525385,74.40539505111667,Ashta,Maharashtra,416301,Unknown Operator,Operational,True,60.0,2,True,2026-08-15 06:26:00+00:00,2026-08-18 06:28:00+00:00
503818,NH-7 Hotel,20.63457905367952,78.92760438953907,Unknown,Maharashtra,Unknown,Charge_iN by Mahindra,Operational,True,240.0,4,True,2026-08-09 13:23:00+00:00,2026-08-09 13:23:00+00:00
503599,The Big Bay Highway Pitstop,13.605915504540487,77.78686997147047,Unknown,Karnataka,562104,Charge_iN by Mahindra,Operational,True,240.0,4,True,2026-08-08 09:33:00+00:00,2026-08-08 09:33:00+00:00
502497,TransEV Charging Station,23.547824,87.272638,Durgapur,West Bengal,713203,Unknown Operator,Operational,True,60.0,4,True,2026-08-06 06:28:00+00:00,2026-08-09 06:32:00+00:00
502325,MobiLane Statue of unity Tent city,21.88041164,73.72730263,Kevadia,Gujarat,Unknown,Unknown Operator,Operational,True,0.0,1,False,2026-08-05 13:21:00+00:00,2026-08-08 13:21:00+00:00
502323,MobiLane Hotel Darshan & Guest House,24.05835239,72.39079155,Palanpur,Gujarat,Unknown,Unknown Operator,Operational,True,0.0,1,False,2026-08-05 13:18:00+00:00,2026-08-08 13:21:00+00:00
502322,MobiLane Heat Treaters,23.020158,72.650465,Ahmedabad,Gujarat,Unknown,Unknown Operator,Operational,True,0.0,1,False,2026-08-05 13:16:00+00:00,2026-08-08 13:16:00+00:00
502321,"MobiLane Mini - Universal Honda, Paldi",23.01133244,72.5667051,Ahmedabad,Gujarat,Unknown,Unknown Operator,Operational,True,3.3,1,False,2026-08-05 13:14:00+00:00,2026-08-08 13:16:00+00:00
502320,"MobiLane Mini - Universal Honda, Bapunagar",23.02828892,72.63863053,Ahmedabad,Gujarat,Unknown,Unknown Operator,Operational,True,3.3,1,False,2026-08-05 13:13:00+00:00,2026-08-08 13:16:00+00:00
502319,MobiLane Mini - Parag Enterprise,22.86736473,72.39012894,Ahmedabad,Gujarat,Unknown,Unknown Operator,Operational,True,3.3,1,False,2026-08-05 13:11:00+00:00,2026-08-08 13:11:00+00:00
502318,MobiLane Mini - Sangath Office,23.12656968,72.59610827,Ahmedabad,Gujarat,Unknown,Unknown Operator,Operational,True,0.0,1,False,2026-08-05 13:10:00+00:00,2026-08-08 13:11:00+00:00
502317,MobiLane AMC Prahladnagar,23.0116839,72.5062851,Ahmedabad,Gujarat,Unknown,Unknown Operator,Operational,True,0.0,1,False,2026-08-05 13:08:00+00:00,2026-08-08 13:11:00+00:00
502316,MobiLane AMC Bapunagar,23.03970062,72.63085734,Ahmedabad,Gujarat,Unknown,Unknown Operator,Operational,True,0.0,1,False,2026-08-05 13:07:00+00:00,2026-08-08 13:11:00+00:00
502315,MobiLane AMC Chandkheda,23.1085196,72.5960508,Ahmedabad,Gujarat,Unknown,Unknown Operator,Operational,True,0.0,1,False,2026-08-05 13:05:00+00:00,2026-08-08 13:06:00+00:00
502314,MobiLane AMC Income Tax,23.042468,72.56975281,Ahmedabad,Gujarat,Unknown,Unknown Operator,Operational,True,0.0,1,False,2026-08-05 13:03:00+00:00,2026-08-08 13:06:00+00:00
502313,MobiLane AMC Kankariya,23.00847566,72.59844339,Ahmedabad,Gujarat,Unknown,Unknown Operator,Operational,True,0.0,1,False,2026-08-05 13:01:00+00:00,2026-08-08 13:06:00+00:00
502312,MobiLane AMC Motera,23.10327662,72.60546886,Ahmedabad,Gujarat,Unknown,Unknown Operator,Operational,True,0.0,1,False,2026-08-05 12:26:00+00:00,2026-08-08 12:31:00+00:00
502311,MobiLane AMC Sindhubhavan,23.04069829,72.49755956,Ahmedabad,Gujarat,Unknown,Unknown Operator,Operational,True,0.0,1,False,2026-08-05 12:25:00+00:00,2026-08-08 12:26:00+00:00
502310,MobiLane AMC Haridarshan,23.07004403,72.67268267,Ahmedabad,Gujarat,Unknown,Unknown Operator,Operational,True,0.0,1,False,2026-08-05 12:22:00+00:00,2026-08-08 12:26:00+00:00
502309,MobiLane AMC Narol GB/T,22.97311806,72.58925822,Ahmedabad,Gujarat,Unknown,Unknown Operator,Operational,True,0.0,1,False,2026-08-05 12:21:00+00:00,2026-08-08 12:26:00+00:00
502308,MobiLane AMC Govindwadi,22.98294931,72.59939531,Ahmedabad,Gujarat,Unknown,Unknown Operator,Operational,True,0.0,1,False,2026-08-05 12:19:00+00:00,2026-08-08 12:21:00+00:00
502307,MobiLane AMC Nikol,23.05496586,72.66465806,Ahmedabad,Gujarat,Unknown,Unknown Operator,Operational,True,0.0,1,False,2026-08-05 12:16:00+00:00,2026-08-08 12:21:00+00:00
502306,MobiLane AMC CTM,22.99229299,72.63302169,Unknown,Gujarat,Gujarat,Unknown Operator,Operational,True,0.0,1,False,2026-08-05 12:08:00+00:00,2026-08-08 12:10:00+00:00
502305,MobiLane Antarim Food Court,21.74259203,73.02209261,Bharuch,Gujarat,Unknown,Unknown Operator,Operational,True,80.0,1,True,2026-08-05 12:06:00+00:00,2026-08-08 12:10:00+00:00
502304,"MobiLane Patidar Bhavan, Ambaji",24.33457287,72.84591703,Ambaji,Gujarat,Unknown,Unknown Operator,Operational,True,80.0,1,True,2026-08-05 12:01:00+00:00,2026-08-08 12:05:00+00:00
502303,MobiLane Bliss Food Court,23.66791,72.38375,Mehsana,Gujarat,Unknown,Unknown Operator,Operational,True,80.0,1,True,2026-08-05 11:58:00+00:00,2026-08-08 12:00:00+00:00
502302,MobiLane Hold On Food Court,20.70102741,72.98737088,Valsad,Gujarat,Unknown,Unknown Operator,Operational,True,80.0,1,True,2026-08-05 11:56:00+00:00,2026-08-08 12:00:00+00:00
502301,MobiLane Krishna Sudama Restaurant,23.30198393,70.54710249,Samakhiali,Gujarat,Unknown,Unknown Operator,Operational,True,80.0,1,True,2026-08-05 11:53:00+00:00,2026-08-08 11:55:00+00:00
502300,MobiLane Hotel Grand Haveli,20.23524297,72.88379236,Valsad,Gujarat,Unknown,Unknown Operator,Operational,True,80.0,1,True,2026-08-05 11:50:00+00:00,2026-08-08 11:55:00+00:00
502299,MobiLane A K Tyre,22.9659785,72.58875729,Ahmedabad,Gujarat,Unknown,Unknown Operator,Operational,True,3.3,1,False,2026-08-05 11:48:00+00:00,2026-08-08 11:55:00+00:00
502297,MobiLane Shree Ambica Auto Hazira,21.1640446,72.73775251,Sueat,Gujarat,Unknown,Unknown Operator,Operational,True,15.0,1,False,2026-08-05 11:42:00+00:00,2026-08-08 11:55:00+00:00
502296,MobiLane Shree Ambica Auto Udhana,21.17227412,72.84159844,Surat,Gujarat,Unknown,Unknown Operator,Operational,True,15.0,1,False,2026-08-05 11:39:00+00:00,2026-08-08 11:40:00+00:00
502295,MobiLane The Bay at Ecoworld,12.92096727,77.68547587,Bengaluru,Karnataka,Unknown,Unknown Operator,Operational,True,80.0,1,True,2026-08-05 11:35:00+00:00,2026-08-08 11:40:00+00:00
502294,MobiLane E MART AUTOMOTIVE,16.50689363,80.67627937,Vijaywada,Andhra Pradesh,Unknown,Unknown Operator,Operational,True,0.0,1,False,2026-08-05 11:33:00+00:00,2026-08-08 11:35:00+00:00
502293,MobiLane Bluegrass Business Park,18.55023676,73.89425316,Pune,Maharashtra,Unknown,Unknown Operator,Operational,True,0.0,1,False,2026-08-05 11:29:00+00:00,2026-08-08 11:30:00+00:00
502292,MobiLane Ecospace,12.9249701,77.68147802,Bengaluru,Karnataka,Unknown,Unknown Operator,Operational,True,0.0,1,False,2026-08-05 11:27:00+00:00,2026-08-08 11:30:00+00:00
502291,MobiLane 45ICON,18.553845,73.796756,Baner,Maharashtra,Unknown,Unknown Operator,Operational,True,7.4,1,False,2026-08-05 11:25:00+00:00,2026-08-08 11:30:00+00:00
502290,MobiLane Equinox Business Park,19.071566,72.877213,Mumbai,Maharashtra,Unknown,Unknown Operator,Operational,True,0.0,1,False,2026-08-05 11:12:00+00:00,2026-08-08 11:15:00+00:00
502289,MobiLane Charan Kamal Family Restaurant,24.47374825,73.64897167,Udaipur,Rajasthan,Unknown,Unknown Operator,Operational,True,80.0,1,True,2026-08-05 11:10:00+00:00,2026-08-08 11:15:00+00:00
502288,MobiLane Indrajit Online,23.03788275,72.59719734,Ahmedabad,Gujarat,Unknown,Unknown Operator,Operational,True,3.3,1,False,2026-08-05 11:06:00+00:00,2026-08-08 11:09:00+00:00
502287,MobiLane Veer Savarkar Sports Complex Gate 1,23.06901,72.555783,Ahmedabad,Gujarat,Unknown,Unknown Operator,Operational,True,0.0,1,False,2026-08-05 11:05:00+00:00,2026-08-08 11:09:00+00:00
502286,MobiLane Praveg Lake Resort,20.38406824,72.87537391,Daman,Dadra And Nagar Haveli,Unknown,Unknown Operator,Operational,True,30.0,1,True,2026-08-05 11:01:00+00:00,2026-08-08 11:10:00+00:00
502285,MobiLane Mahudi - Dhyansthali Gandhinagar,23.478526,72.790529,Mahudi,Gujarat,Unknown,Unknown Operator,Operational,True,80.0,1,True,2026-08-05 10:43:00+00:00,2026-08-08 10:45:00+00:00
502284,"MobiLane Treat Hotel, Nashik",19.98038479,73.77865087,Nashik,Maharashtra,422009,Unknown Operator,Operational,True,120.0,1,True,2026-08-05 10:41:00+00:00,2026-08-08 10:45:00+00:00
502283,MobiLane AMC Gulbai Tekra,23.02918399,72.54720341,Ahmedabad,Gujarat,Unknown,Unknown Operator,Operational,True,0.0,1,False,2026-08-05 10:39:00+00:00,2026-08-08 10:40:00+00:00
502282,MobiLane E Motion Logitech Pvt Ltd,21.13824793,72.8810473,Surat,Gujarat,394210,Unknown Operator,Operational,True,0.0,1,False,2026-08-05 10:37:00+00:00,2026-08-08 10:40:00+00:00
502281,MobiLane Aranya By Treat,25.12566896,73.58149322,Udaipur,Rajasthan,313325,Unknown Operator,Operational,True,30.0,1,True,2026-08-05 10:35:00+00:00,2026-08-08 10:40:00+00:00
502280,MobiLane Veer Savarkar Sports Complex Gate 3,23.068148,72.55675454,Ahmedabad,Gujarat,380013,Unknown Operator,Operational,True,80.0,1,True,2026-08-05 10:32:00+00:00,2026-08-08 10:35:00+00:00
502279,MobiLane Deccan Vehicle Pvt. Ltd.,22.63914041,75.8474421,Indore,Madhya Pradesh,452012,Unknown Operator,Operational,True,3.3,1,False,2026-08-05 10:13:00+00:00,2026-08-08 10:15:00+00:00
502278,MobiLane SSKATPGCS,17.17050039,79.35476073,Manguru,Telangana,508205,Unknown Operator,Operational,True,0.0,2,False,2026-08-05 10:11:00+00:00,2026-08-08 10:15:00+00:00
502276,MobiLane Saya Grand By Treat,19.21916215,73.04392037,Thane,Maharashtra,421311,Unknown Operator,Operational,True,30.0,1,False,2026-08-05 10:08:00+00:00,2026-08-08 10:10:00+00:00
502275,MobiLane CRVRGROWA-EV CHARGING STATION - 2,17.46563933,78.40803289,Hyderabad,Telangana,500018,Unknown Operator,Operational,True,7.4,1,False,2026-08-05 10:06:00+00:00,2026-08-08 10:10:00+00:00
502274,"MobiLane Urbane By Treat, Daman",20.41151684,72.86665548,Daman,Dadra And Nagar Haveli,396215,Unknown Operator,Operational,True,80.0,1,True,2026-08-05 10:03:00+00:00,2026-08-08 10:05:00+00:00
502273,"MobiLane Ras By Treat, Silvassa",20.27024583,72.98842948,Silvassa,Dadra And Nagar Haveli,396230,Unknown Operator,Operational,True,30.0,1,True,2026-08-05 10:00:00+00:00,2026-08-08 10:05:00+00:00
502272,"MobiLane Treat Resort, Silvassa",20.24541534,73.05949946,Dadra And Nagar,Maharashtra,396230,Unknown Operator,Operational,True,30.0,1,True,2026-08-05 09:52:00+00:00,2026-08-08 09:55:00+00:00
502271,"MobiLane Treat Beach Resort, Gholvad",20.0879015,72.73375858,Gholvad,Maharashtra,401702,Unknown Operator,Operational,True,0.0,1,False,2026-08-05 09:48:00+00:00,2026-08-08 09:50:00+00:00
502270,MobiLane Treat Imperial,23.031836753805766,72.51127232436046,Chhatrapati Sambhajinagar,Maharashtra,431001,Unknown Operator,Operational,True,30.0,1,True,2026-08-05 09:45:00+00:00,2026-08-08 09:50:00+00:00
499983,"Tata EV Fast Charging - Lexican Motors, Siliguri",26.729458068776097,88.3780228278763,Siliguri,West Bengal,734010,Unknown Operator,Operational,True,18.0,1,False,2026-07-22 11:24:00+00:00,2026-07-25 11:27:00+00:00
498735,Bharat Charge 240 Kw Ev Charging Station,17.536408986261023,78.39305472101819,Hyderabad,Telangana,500090,Unknown Operator,Operational,True,240.0,7,True,2026-07-13 19:02:00+00:00,2026-07-16 19:06:00+00:00
497946,EL shaddai EV station,11.639719633540466,79.55066305423281,Unknown,Tamil Nadu,607308,ChargeMod (IN),Operational,True,120.0,2,False,2026-07-08 16:57:00+00:00,2026-07-11 17:00:00+00:00
497874,EL Shadaai EVCS (Charge Mod),11.641666906920406,79.55021663984337,Neyveli,Tamil Nadu,607308,Unknown Operator,Operational,True,120.0,2,True,2026-07-08 09:48:00+00:00,2026-07-11 09:53:00+00:00
497713,"Park Inn by Radisson, Vellore",12.932172599883003,79.13688025759188,Vellore,Tamil Nadu,632004,Unknown Operator,Operational,True,60.0,2,True,2026-07-07 05:39:00+00:00,2026-07-10 05:42:00+00:00
496646,Gali Number 9,28.75191134819556,77.20086879507613,Delhi,Delhi,110084,Unknown Operator,Operational,True,60.0,1,False,2026-06-30 15:14:00+00:00,2026-07-03 15:18:00+00:00
495322,Salzer EV Charging Station,10.89536729687184,76.94041881489534,Madukkarai,Tamil Nadu,641105,Unknown Operator,Operational,True,120.0,2,True,2026-06-25 07:05:00+00:00,2026-07-10 05:27:00+00:00
494161,SASS EV charging station⛽,17.46701200951925,78.30910573683411,Nallagandla,Telangana,500019,Unknown Operator,Operational,True,60.0,4,True,2026-06-17 02:59:00+00:00,2026-06-20 03:04:00+00:00
490933,Chargex Chrging Station,17.053336229183273,81.5915243434639,Devarapalle,Andhra Pradesh,534313,(Business Owner at Location),Operational,True,240.0,3,True,2026-05-25 06:45:00+00:00,2026-06-18 16:05:00+00:00
490795,Hotel Paladin Pride,13.890665810555973,79.8798169477675,Naidupeta,Andhra Pradesh,524126,Unknown Operator,Operational,True,120.0,1,True,2026-05-24 09:04:00+00:00,2026-05-27 09:09:00+00:00
489836,Madhav Midway Treat,23.090495352285146,78.48162263641143,Udaipura,Madhya Pradesh,464770,Tata Power,Operational,True,30.0,1,True,2026-05-17 09:50:00+00:00,2026-05-17 09:50:00+00:00
489138,Punjabi Haveli,32.88658102192956,74.95638850416762,Jammu,Jammu And Kashmir,Unknown,Tata Power,Operational,True,25.0,1,True,2026-05-12 06:51:00+00:00,2026-05-12 06:51:00+00:00
488067,G R Charging,21.3402489,74.9376926,Unknown,Maharashtra,425438,Statiq (IN),Operational,True,120.0,2,True,2026-05-04 15:12:00+00:00,2026-05-04 15:12:00+00:00
488062,Saguna Family Restaurant,17.8770089487871,75.97602203334469,Unknown,Maharashtra,Unknown,Nikol EV (IN),Operational,True,60.0,2,True,2026-05-04 06:50:00+00:00,2026-05-11 01:43:00+00:00
487809,Menu 99,10.337347239575656,77.95757891905723,Unknown,Tamil Nadu,624001,Zeon Charging,Operational,True,120.0,2,True,2026-05-02 06:32:00+00:00,2026-05-02 06:32:00+00:00
486925,VeChaarge EV Charging Station - Hilly Aqua,9.857073848870964,76.72914896160364,Muttam,Kerala,685587,Unknown Operator,Operational,True,80.0,2,True,2026-04-25 07:19:00+00:00,2026-04-28 07:23:00+00:00
485927,Guntur - Chirala Road,16.230967820072166,80.50969931337863,Unknown,Andhra Pradesh,522003,Unknown Operator,Operational,True,29.0,1,False,2026-04-17 11:06:00+00:00,2026-04-20 11:07:00+00:00
485770,Hotel Shri Durga,12.824969442096815,75.17543659776558,Sathikallu,Karnataka,574325,Statiq (IN),Operational,True,30.0,1,True,2026-04-16 15:31:00+00:00,2026-04-16 15:31:00+00:00
485543,VeChaarge Charging Station,10.158963087020666,76.35822818960128,Athani,Kerala,683585,Unknown Operator,Operational,True,60.0,2,True,2026-04-14 04:12:00+00:00,2026-04-17 04:16:00+00:00
485466,Srinivasa Residency,12.945135145283537,75.79442761903636,Sakaleshpura,Karnataka,573134,Tata Power,Operational,True,30.0,1,True,2026-04-13 16:06:00+00:00,2026-04-13 16:06:00+00:00
485444,Shakthi Charging Station,12.878980660652475,75.04671422477765,Bantwal,Karnataka,574231,Tata Power,Operational,True,30.0,2,True,2026-04-13 16:00:00+00:00,2026-04-13 16:00:00+00:00
485113,Panchjanya Automobiles,18.482695102792377,73.80274365086417,Pune,Maharashtra,411058,Tata Power,Operational,True,60.0,1,True,2026-04-10 14:43:00+00:00,2026-04-10 14:43:00+00:00
485112,Nanded City,18.45952286506575,73.78559864482418,Pune,Maharashtra,411068,Chargezone (India),Operational,True,30.0,2,True,2026-04-10 14:39:00+00:00,2026-04-10 14:39:00+00:00
485111,Datsons Electronics Pvt. Ltd,18.423345827831167,73.75486582515008,Pune,Maharashtra,411025,Tata Power,Operational,True,30.0,3,True,2026-04-10 14:32:00+00:00,2026-04-10 14:32:00+00:00
485110,Shell Petrol Pump,18.310542527502665,73.86760940905836,Pune,Maharashtra,412205,Shell Recharge (IN),Operational,True,30.0,2,True,2026-04-10 14:26:00+00:00,2026-04-10 14:26:00+00:00
485109,Jio-BP Mobility,18.28557562798189,73.87505232753846,Kelawade,Maharashtra,412205,JIO BP Pulse (India),Operational,True,30.0,2,True,2026-04-10 14:23:00+00:00,2026-04-10 14:23:00+00:00
485108,Grand Food Plaza,18.28154497701165,73.87636353467106,Kelwade Bhor,Maharashtra,412213,Tata Power,Operational,True,30.0,2,True,2026-04-10 14:21:00+00:00,2026-04-10 14:21:00+00:00
485107,Hotel Nanjundeshwara,13.285618008016613,77.1827495915004,Pandithanahalli,Karnataka,572104 ,Charge_iN by Mahindra,Operational,True,180.0,4,True,2026-04-10 14:13:00+00:00,2026-04-10 14:13:00+00:00
485099,"VeChaarge EV Charging Station - Chemmanda, Thrissur",10.38445,76.20057,Thrissur,Kerala,680711,Unknown Operator,Operational,True,30.0,2,True,2026-04-10 11:34:00+00:00,2026-04-13 11:34:00+00:00
484948,Sant Sawatamali,18.127500236686505,73.9838751615155,Unknown,Maharashtra,412801,Chargezone (India),Operational,True,30.0,2,True,2026-04-09 13:32:00+00:00,2026-04-09 13:32:00+00:00
484947,The Farmer's Kitchen,18.117907588358737,73.9872937763649,Khandala,Maharashtra,412801,Tata Power,Operational,True,30.0,1,True,2026-04-09 13:29:00+00:00,2026-04-09 13:29:00+00:00
484946,Hotel Aram Regency,18.002654665762318,73.99485811928642,Wele,Maharashtra,415517,Chargezone (India),Operational,True,30.0,2,True,2026-04-09 13:26:00+00:00,2026-04-09 13:26:00+00:00
484945,Hotel Ashirwad Inn,17.990830600792236,73.99070513633966,Wele,Maharashtra,415517,Zeon Charging,Operational,True,50.0,1,True,2026-04-09 13:25:00+00:00,2026-04-09 13:25:00+00:00
484944,OscarWadi Misal,17.987737858886614,73.98952587881438,Wele,Maharashtra,415517,Statiq (IN),Operational,True,150.0,3,True,2026-04-09 13:23:00+00:00,2026-04-09 13:23:00+00:00
484943,Hotel Sai Park Inn,17.97780430476992,73.98814830460636,Surur,Maharashtra,415517,Chargezone (India),Operational,True,60.0,2,True,2026-04-09 13:20:00+00:00,2026-04-09 13:20:00+00:00
484942,Hotel Sai Palace,17.916981447964183,73.97485404432253,Anavadi,Maharashtra,415515,Zeon Charging,Operational,True,30.0,2,True,2026-04-09 13:16:00+00:00,2026-04-09 13:16:00+00:00
484941,Hotel Ruchi Park,17.89954189035585,73.97251179354416,Badewadi,Maharashtra,415515,JIO BP Pulse (India),Operational,True,30.0,2,True,2026-04-09 13:13:00+00:00,2026-04-09 13:13:00+00:00
484940,Hotel Tatyancha Wada,17.86785873935572,73.95717787255023,Asale,Maharashtra,415513,Unknown Operator,Operational,True,30.0,2,True,2026-04-09 13:11:00+00:00,2026-04-09 13:11:00+00:00
484939,Anewadi Toll Plaza,17.81036487491417,73.97103555789285,Anewadi,Maharashtra,415020,Zeon Charging,Operational,True,30.0,2,True,2026-04-09 13:08:00+00:00,2026-04-09 13:08:00+00:00
484938,Amrai Resort,17.637720837508112,74.01241295965058,Shendre,Maharashtra,415519,Chargezone (India),Operational,True,120.0,4,True,2026-04-09 13:01:00+00:00,2026-04-09 13:01:00+00:00
484937,Hotel Rajmarg,17.606014312013446,74.03155558680098,Satara,Maharashtra,415519,JIO BP Pulse (India),Operational,True,30.0,2,True,2026-04-09 12:57:00+00:00,2026-04-09 12:57:00+00:00
484936,Hotel Mahendra,17.29809580708513,74.1672421570404,Gote,Maharashtra,415124,JIO BP Pulse (India),Operational,True,30.0,2,True,2026-04-09 12:54:00+00:00,2026-04-09 12:54:00+00:00
484935,Hotel Sangam,17.27376683937693,74.18033478074976,Malkapur,Maharashtra,415110,Tata Power,Operational,True,30.0,3,True,2026-04-09 12:51:00+00:00,2026-04-09 12:51:00+00:00
484933,Sai Restaurant and Cafe,17.225688254216273,74.18004450135562,Nandlapur,Maharashtra,415539,Zeon Charging,Operational,True,30.0,2,True,2026-04-09 12:48:00+00:00,2026-04-09 12:48:00+00:00
484931,HR Resort,17.20688925788464,74.15671570906908,Kale,Maharashtra,415104,Statiq (IN),Operational,True,30.0,2,True,2026-04-09 12:42:00+00:00,2026-04-09 12:42:00+00:00
484930,One Bite Restaurant & Captains Paradise Lodge,17.106772665855054,74.20528463090555,Kedargaon,Maharashtra,415406,Chargezone (India),Operational,True,30.0,1,True,2026-04-09 12:40:00+00:00,2026-04-09 12:40:00+00:00
484929,Jio-BP Mobility Station,16.96074917540507,74.27238858371413,Sangli,Maharashtra,415403,JIO BP Pulse (India),Operational,True,30.0,2,True,2026-04-09 12:35:00+00:00,2026-04-09 12:35:00+00:00
484928,Hotel 7/12 Food Mall,16.86187060364415,74.29702275641802,Kini,Maharashtra,416112,Chargezone (India),Operational,True,30.0,2,True,2026-04-09 12:33:00+00:00,2026-04-09 12:33:00+00:00
484927,Nakshatra Hotel,16.821849058337982,74.28634524546301,Peth Vadgoan,Maharashtra,416112,Unknown Operator,Operational,True,30.0,2,True,2026-04-09 12:29:00+00:00,2026-04-09 12:29:00+00:00
484926,Jio-BP Mobility Station,16.82115204141675,74.28579030888565,Kolhapur,Maharashtra,416112,JIO BP Pulse (India),Operational,True,30.0,2,True,2026-04-09 12:26:00+00:00,2026-04-09 12:26:00+00:00
484925,Hotel Vanashree Garden,16.745064120638784,74.32510322388913,Kolhapur,Maharashtra,416005,Adani Gas-EV (TR),Operational,True,30.0,1,True,2026-04-09 12:22:00+00:00,2026-04-09 12:22:00+00:00
484924,Konduskar Kia,16.753657471639805,74.27894909933461,Kolhapur,Maharashtra,416122,Tata Power,Operational,True,45.0,2,True,2026-04-09 12:20:00+00:00,2026-04-09 12:20:00+00:00
484923,"Unique Hyundai, Shiroli",16.731324639339437,74.28183031502982,Shiroli,Maharashtra,416122,Chargezone (India),Operational,True,30.0,2,True,2026-04-09 12:17:00+00:00,2026-04-09 12:17:00+00:00
484922,Highway Tadka,15.43949698165044,74.88361551536256,Mugad,Karnataka,580007,Charge_iN by Mahindra,Operational,True,180.0,4,True,2026-04-09 12:04:00+00:00,2026-04-09 12:04:00+00:00
481512,Reliance Mall,16.698876513466676,74.23114174500584,Kolhapur,Maharashtra,416002,JIO BP Pulse (India),Operational,True,30.0,2,True,2026-04-08 17:30:00+00:00,2026-04-08 17:30:00+00:00
481511,Kolhapur Railway Station,16.70295634772825,74.23709668798799,Kolhapur,Maharashtra,416001,Zeon Charging,Operational,True,30.0,1,True,2026-04-08 17:27:00+00:00,2026-04-08 17:27:00+00:00
481510,MAI Hyundai Kolhapur,16.70238664960913,74.25029800499102,Kolhapur,Maharashtra,416001,Chargezone (India),Operational,True,30.0,2,True,2026-04-08 17:24:00+00:00,2026-04-08 17:24:00+00:00
481509,CWC Kolhapur - I,16.702524278100203,74.26649372291912,Kolhapur,Maharashtra,416005,JIO BP Pulse (India),Operational,True,30.0,2,True,2026-04-08 17:21:00+00:00,2026-04-08 17:21:00+00:00
481508,Hotel Jurkis Thali Junction Kolhapur,16.682801730759486,74.27190754847119,Sarnobatwadi,Maharashtra,416004,Chargezone (India),Operational,True,30.0,1,True,2026-04-08 17:16:00+00:00,2026-04-08 17:16:00+00:00
481507,Hotel Purn Kolhapuri,16.62190538834921,74.29599618904076,Kaneriwadi,Maharashtra,416234,JIO BP Pulse (India),Operational,True,30.0,2,True,2026-04-08 17:13:00+00:00,2026-04-08 17:13:00+00:00
481506,Hotel Udupi Grand,16.395447585615557,74.37336389990233,Nipani,Karnataka,591237,Chargezone (India),Operational,True,30.0,2,True,2026-04-08 17:09:00+00:00,2026-04-08 17:09:00+00:00
481505,Regenta Resort Belagavi,15.752744488741396,74.41115324455757,Belagavi,Karnataka,590018,Zeon Charging,Operational,True,30.0,2,True,2026-04-08 17:04:00+00:00,2026-04-08 17:04:00+00:00
481504,Bellad Hyundai,15.463065888347815,74.9774624557773,Dharwad,Karnataka,580008,Chargezone (India),Operational,True,30.0,2,True,2026-04-08 16:59:00+00:00,2026-04-08 16:59:00+00:00
481503,Big Mishra Pedha Hubli-Dharwad Highway,15.394478733061298,75.00854070119784,Hubballi,Karnataka,580114,Chargezone (India),Operational,True,60.0,5,True,2026-04-08 16:56:00+00:00,2026-04-08 16:56:00+00:00
481502,Manickbag Automobiles,15.369551854899184,75.11909436764411,Hubballi,Karnataka,580031,Tata Power,Operational,True,25.0,2,True,2026-04-08 16:52:00+00:00,2026-04-08 16:52:00+00:00
481501,Hotel Punjab Junction,15.184936484038705,75.13612460192677,Agadi,Karnataka,581207,Tata Power,Operational,True,30.0,2,True,2026-04-08 16:48:00+00:00,2026-04-08 16:48:00+00:00
481500,Paakashala @ Chitradurga,14.248879279136355,76.42599146668157,Chitradurga,Karnataka,577517,Zeon Charging,Operational,True,100.0,8,True,2026-04-08 16:40:00+00:00,2026-04-08 16:41:00+00:00
481499,Sri Kamadenu Veg Restaurant,13.61215890500984,76.95345953343492,Karijevnahalli,Karnataka,572125,Tata Power,Operational,True,30.0,1,True,2026-04-08 16:32:00+00:00,2026-04-08 16:32:00+00:00
481498,Shell Recharge Sus Road,18.551668484658936,73.76101557363096,Pune,Maharashtra,411021,Shell Recharge (IN),Operational,True,30.0,2,True,2026-04-08 15:13:00+00:00,2026-04-08 15:13:00+00:00
481497,B4S Baner,18.5534199309817,73.77066239419024,Pune,Maharashtra,411045,JIO BP Pulse (India),Operational,True,30.0,2,True,2026-04-08 15:12:00+00:00,2026-04-08 15:12:00+00:00
481496,"Crystal Kia, Baner",18.557345771328887,73.77053982274862,Pune,Maharashtra,411069,Tata Power,Operational,True,75.0,2,True,2026-04-08 15:10:00+00:00,2026-04-08 15:10:00+00:00
481495,Aditya School,18.56124353052958,73.7812056950576,Pune,Maharashtra,411069,Zeon Charging,Operational,True,30.0,2,True,2026-04-08 15:09:00+00:00,2026-04-08 15:09:00+00:00
481494,Amar Business Zone,18.56414082731241,73.77645742740673,Pune,Maharashtra,411045,JIO BP Pulse (India),Operational,True,30.0,2,True,2026-04-08 15:07:00+00:00,2026-04-08 15:07:00+00:00
481493,Balewadi Charge Park,18.57893575826883,73.76250206523362,Pune,Maharashtra,411045,GO EC (IN),Operational,True,30.0,2,True,2026-04-08 15:05:00+00:00,2026-04-08 15:05:00+00:00
481492,Gaurav Icon Tower,18.59629964353062,73.75599935970514,Pune,Maharashtra,411057,Chargezone (India),Operational,True,30.0,2,True,2026-04-08 15:02:00+00:00,2026-04-08 15:02:00+00:00
481491,MG Motor B.U. Bhandari Showroom,18.599012307937844,73.75415702984328,Pune,Maharashtra,411057,Statiq (IN),Operational,True,30.0,2,True,2026-04-08 15:00:00+00:00,2026-04-08 15:00:00+00:00
481489,Hotel Sayaji Wakad,18.599090985407717,73.75190356008125,Pune,Maharashtra,411057,Tata Power,Operational,True,30.0,2,True,2026-04-08 14:57:00+00:00,2026-04-08 14:57:00+00:00
481488,Garve Hyundai,18.59991835206595,73.7537161148497,Pune,Maharashtra,411057,Chargezone (India),Operational,True,60.0,2,True,2026-04-08 14:54:00+00:00,2026-04-08 14:54:00+00:00
480935,Shell Tathawade,18.61358685499954,73.74883334321919,Pune,Maharashtra,411033,Shell Recharge (IN),Operational,True,30.0,3,True,2026-04-07 17:18:00+00:00,2026-04-07 17:18:00+00:00
480934,"Burger King, Tathawade",18.61652961025573,73.74773834178781,Pune,Maharashtra,411033,Tata Power,Operational,True,25.0,2,True,2026-04-07 17:15:00+00:00,2026-04-07 17:15:00+00:00
480933,Tata Motors Tathawade,18.623488205362765,73.74548104644525,Pune,Maharashtra,411033,Tata Power,Operational,True,25.0,1,True,2026-04-07 17:12:00+00:00,2026-04-07 17:12:00+00:00
480932,Sai Darbar Hotel,18.62389626695496,73.74563734187849,Pune,Maharashtra,411033,Tata Power,Operational,True,30.0,2,True,2026-04-07 17:10:00+00:00,2026-04-07 17:10:00+00:00
480931,"Life Republic, Hingewadi",18.62469386315059,73.71614384492979,Pune,Maharashtra,411057,Tata Power,Operational,True,30.0,3,True,2026-04-07 17:05:00+00:00,2026-04-07 17:05:00+00:00
480930,E Fill Electric Charging Station,18.65176177650684,73.73354791594272,Pimpri-Chinchwad,Maharashtra,412101,JIO BP Pulse (India),Operational,True,30.0,2,True,2026-04-07 16:54:00+00:00,2026-04-07 16:59:00+00:00
480439,O by Tamara Trivandrum,8.512700130028037,76.90155717443145,Unknown,Kerala,695001,Zeon Charging,Operational,True,7.4,1,False,2026-03-16 13:29:00+00:00,2026-03-16 13:29:00+00:00
480438,Mall Of Travancore,8.487399350739054,76.9263865896603,Unknown,Kerala,695024,Zeon Charging,Operational,True,120.0,2,True,2026-03-16 13:25:00+00:00,2026-03-16 13:25:00+00:00
480437,Al Ameen EVCS,11.083012168233694,76.06846692942781,Malappuram,Kerala,673642,ChargeMod (IN),Operational,True,80.0,3,True,2026-03-16 13:17:00+00:00,2026-03-16 13:17:00+00:00
480436,Caritas Hospital,9.643106438770388,76.54978698459388,Thellakom,Kerala,686630,ChargeMod (IN),Operational,True,60.0,2,True,2026-03-16 13:10:00+00:00,2026-03-16 13:10:00+00:00
480435,Sihla Energy EVCS,9.265237172773736,76.77803509536034,Pathanamthitta,Kerala,689671,ChargeMod (IN),Operational,True,60.0,3,True,2026-03-16 13:07:00+00:00,2026-03-16 13:07:00+00:00
480434,Vandanam Vibe EVCS,9.412054896881273,76.3497681949093,Alappuzha,Kerala,688004,GO EC (IN),Operational,True,30.0,1,True,2026-03-16 12:52:00+00:00,2026-03-16 12:52:00+00:00
480433,Thanneermukkom Soorya EVCS,9.651227575066756,76.37388825507924,Thanneermukkom,Kerala,688555,GO EC (IN),Operational,True,60.0,2,True,2026-03-16 12:49:00+00:00,2026-03-16 12:49:00+00:00
480432,Chavassery Power Boost EVCS,11.948082439185969,75.61538494401248,Chavassery,Kerala,670702,GO EC (IN),Operational,True,60.0,2,True,2026-03-16 12:41:00+00:00,2026-03-16 12:41:00+00:00
480431,Kakkanad Thomas Tower EVCS,10.003099231097394,76.36193325463523,Kakkanad,Kerala,682042,GO EC (IN),Operational,True,90.0,2,True,2026-03-16 12:34:00+00:00,2026-03-16 12:34:00+00:00
480430,Vyttila I-Drive EVCS,9.976617428146184,76.3178961221787,Vyttila,Kerala,680019,GO EC (IN),Operational,True,7.4,1,False,2026-03-16 12:32:00+00:00,2026-03-16 12:32:00+00:00
480429,Centre Square Mall EVCS,9.977956768136323,76.28359498430041,Kochi,Kerala,682035,GO EC (IN),Operational,True,60.0,3,True,2026-03-16 12:28:00+00:00,2026-03-16 12:29:00+00:00
480428,Kadavanthra Hi-Span EVCS,9.966419154275172,76.30020200358149,Elamkulam,Kerala,682020,GO EC (IN),Operational,True,80.0,3,True,2026-03-16 12:23:00+00:00,2026-03-16 12:23:00+00:00
480427,Thiruvankulam Thuruthiyil ECVS,9.944941654521244,76.3749542207513,Thiruvankulam,Kerala,682305,GO EC (IN),Operational,True,60.0,2,True,2026-03-16 12:19:00+00:00,2026-03-16 12:19:00+00:00
480426,Thiruvankulam Edifice EVCS,9.944357341495843,76.37454932652759,Thiruvankulam,Kerala,682305,GO EC (IN),Operational,True,30.0,1,True,2026-03-16 12:17:00+00:00,2026-03-16 12:17:00+00:00
480425,New Central Talkies EVCS,9.932870963002458,76.35402261324248,Thrippunithura,Kerala,682301,GO EC (IN),Operational,True,60.0,4,True,2026-03-16 12:13:00+00:00,2026-03-16 12:13:00+00:00
480424,Nucleus Mall EVCS,9.939769327506,76.33084767868081,Thrippunithura,Kerala,682304,GO EC (IN),Operational,True,90.0,4,True,2026-03-16 12:08:00+00:00,2026-03-16 12:08:00+00:00
480423,Maradu Crowne Plaza EVCS,9.934295516158258,76.31882007213062,Maradu,Kerala,682304,GO EC (IN),Operational,True,80.0,2,True,2026-03-16 12:06:00+00:00,2026-03-16 12:06:00+00:00
480422,Nettoor Royal Drive Smart EVCS,9.928512582134246,76.31755483825702,Nettoor,Kerala,682304,GO EC (IN),Operational,True,90.0,2,True,2026-03-16 12:04:00+00:00,2026-03-16 12:04:00+00:00
480421,VPS Lakeshore Hospital EVCS,9.918898936471678,76.31841806447744,Ernakulam,Kerala,682040,GO EC (IN),Operational,True,80.0,4,True,2026-03-16 12:01:00+00:00,2026-03-16 12:01:00+00:00
480420,Wayside Inn EVCS,9.649388802099397,76.33665331046609,Cherthala,Kerala,688539,GO EC (IN),Operational,True,30.0,1,True,2026-03-16 11:58:00+00:00,2026-03-16 11:58:00+00:00
480419,Kanjikuzhy Silver Sand EVCS,9.609362414766592,76.32996533541757,Kanjikuzhi,Kerala,688523,GO EC (IN),Operational,True,80.0,2,True,2026-03-16 11:55:00+00:00,2026-03-16 11:55:00+00:00
480418,CGH Coconut Lagoon,9.629063772891357,76.42994325927907,Kumarakom,Kerala,686563,GO EC (IN),Operational,True,7.4,1,False,2026-03-16 11:51:00+00:00,2026-03-16 11:51:00+00:00
480417,Manipuzha Lazza EVCS,9.568985392581736,76.5196765497044,Kottayam,Kerala,686001,GO EC (IN),Operational,True,7.4,1,False,2026-03-16 11:47:00+00:00,2026-03-16 11:47:00+00:00
480416,Changanassery Kohinoor EVCS,9.467585942191349,76.529836167442,Changanassery,Kerala,686103,GO EC (IN),Operational,True,80.0,2,True,2026-03-16 11:32:00+00:00,2026-03-16 11:32:00+00:00
480415,Changanassery Chaitanya Greem,9.43275347373934,76.54375728229024,Changanassery,Kerala,686102,GO EC (IN),Operational,True,60.0,2,True,2026-03-16 11:27:00+00:00,2026-03-16 11:27:00+00:00
480414,TK Road Power Park EVCS,9.38581270425044,76.61916026110157,Thiruvalla,Kerala,689541,GO EC (IN),Operational,True,60.0,2,True,2026-03-16 11:22:00+00:00,2026-03-16 11:22:00+00:00
480413,Kaviyoor M Point EVCS,9.3906625417263,76.6072280975178,Thiruvalla,Kerala,689582,GO EC (IN),Operational,True,80.0,2,True,2026-03-16 11:20:00+00:00,2026-03-16 11:20:00+00:00
480412,SR Commercial Centre EVCS,9.253682399563758,76.58650166246048,Mavelikkara,Kerala,690509,GO EC (IN),Operational,True,80.0,2,True,2026-03-16 11:16:00+00:00,2026-03-16 11:16:00+00:00
480411,Haripad Saugandhika EVCS,9.266620588627518,76.46132375899651,Haripad,Kerala,690513,GO EC (IN),Operational,True,80.0,2,True,2026-03-16 11:11:00+00:00,2026-03-16 11:16:00+00:00
480410,Karunagappally Energy Spot,9.059438002693,76.53579910806559,Karunagapally,Kerala,690518,GO EC (IN),Operational,True,80.0,2,True,2026-03-16 11:07:00+00:00,2026-03-16 11:07:00+00:00
480409,Karunagappally Memories Inn,9.089815631359244,76.5272522393791,Karunagapally,Kerala,690544,GO EC (IN),Operational,True,80.0,2,True,2026-03-16 11:04:00+00:00,2026-03-16 11:04:00+00:00
480408,Ochira Merit EVCS,9.119213418338845,76.51867061239898,Ochira,Kerala,690528,GO EC (IN),Operational,True,120.0,2,True,2026-03-16 11:01:00+00:00,2026-03-16 11:01:00+00:00
480407,Power Plus EVCS,9.16889314718044,76.71631290057576,Adoor,Kerala,689518,GO EC (IN),Operational,True,80.0,2,True,2026-03-16 10:57:00+00:00,2026-03-16 10:57:00+00:00
480406,Pathanapuram Anjana EVCS,9.096268712020644,76.84666890396215,Pathanapuram,Kerala,691524,GO EC (IN),Operational,True,60.0,3,True,2026-03-16 10:54:00+00:00,2026-03-16 10:54:00+00:00
480405,Kallambalam Power Bay EVCS,8.756819929206785,76.79358309071404,Thiruvananthapuram,Kerala,695603,GO EC (IN),Operational,True,30.0,1,True,2026-03-16 10:51:00+00:00,2026-03-16 10:51:00+00:00
480404,Pulimath Maram Chai Cafe EVCS,8.746709854174853,76.89821761212352,Thiruvananthapuram,Kerala,695600,GO EC (IN),Operational,True,80.0,2,True,2026-03-16 10:49:00+00:00,2026-03-16 10:49:00+00:00
480403,Nedumangad KFC EVCS,8.604154390902394,76.99784557219118,Nedumangad,Kerala,695544,GO EC (IN),Operational,True,60.0,2,True,2026-03-16 10:45:00+00:00,2026-08-29 04:16:00+00:00
480402,RashMishi DLF South Court,28.527351121599693,77.22113007205314,Newdelhi,Delhi,110017,Unknown Operator,Operational,True,60.0,2,True,2026-03-16 09:31:00+00:00,2026-03-19 09:32:00+00:00
479445,Blaze Fast Charger For 2 Ev Wheeler ,17.340475789422385,78.54539549782817,Lb Nagar,Telangana,Unknown,Bolt.Earth (IN),Operational,True,3.0,1,False,2026-02-28 14:42:00+00:00,2026-03-03 14:43:00+00:00
479438,Tata Power Charging Station,22.2869608,86.7909833,Unknown,Odisha,Unknown,Unknown Operator,Operational,True,25.0,1,False,2026-02-28 08:13:00+00:00,2026-03-01 09:24:00+00:00
479437,Hindustan Petroleum Corporation Limited Charging Station,22.4497441,86.59494370000002,Unknown,Odisha,Unknown,Unknown Operator,Operational,True,30.0,2,False,2026-02-28 08:13:00+00:00,2026-03-01 09:24:00+00:00
479436,Hindustan Petroleum Corporation Limited,22.4498584,86.5950411,Unknown,Odisha,Unknown,Unknown Operator,Operational,True,0.0,1,False,2026-02-28 08:13:00+00:00,2026-03-01 09:24:00+00:00
479435,Jio-bp,22.14025,85.71265,Unknown,Odisha,Unknown,Unknown Operator,Operational,True,7.4,1,False,2026-02-28 08:13:00+00:00,2026-03-01 09:24:00+00:00
479434,Jio-bp,22.0015401,85.3279801,Unknown,Odisha,Unknown,Unknown Operator,Operational,True,7.4,1,False,2026-02-28 08:13:00+00:00,2026-03-01 09:24:00+00:00
479433,Ather Grid Charging Station,22.243666,84.827354,Unknown,Odisha,Unknown,Unknown Operator,Operational,True,1.100000023841858,3,False,2026-02-28 08:13:00+00:00,2026-03-01 09:24:00+00:00
479432,Ather Grid Charging Station,22.23666,84.77015,Unknown,Odisha,Unknown,Unknown Operator,Operational,True,1.100000023841858,1,False,2026-02-28 08:13:00+00:00,2026-03-01 09:24:00+00:00
479431,Ather Grid Charging Station,22.2267046,84.8641165,Unknown,Odisha,Unknown,Unknown Operator,Operational,True,1.100000023841858,1,False,2026-02-28 08:13:00+00:00,2026-03-01 09:24:00+00:00
479430,Tata Power Charging Station,22.2268099,84.79603639999999,Unknown,Odisha,Unknown,Unknown Operator,Operational,True,25.0,1,False,2026-02-28 08:13:00+00:00,2026-03-01 09:24:00+00:00
479429,Ather Charging Station,22.2278125,84.81838739999999,Unknown,Odisha,Unknown,Unknown Operator,Operational,True,1.100000023841858,2,False,2026-02-28 08:13:00+00:00,2026-03-01 09:24:00+00:00
479428,Ather charging station,22.1040381,84.0375432,Unknown,Odisha,Unknown,Unknown Operator,Operational,True,1.1,1,False,2026-02-28 08:13:00+00:00,2026-03-01 09:24:00+00:00
479427,Jio-bp,22.1100379,83.99531890000002,Unknown,Odisha,Unknown,Unknown Operator,Operational,True,7.4,1,False,2026-02-28 08:13:00+00:00,2026-03-01 09:24:00+00:00
479426,Ather Grid Charging Station,22.105083,84.03789499999999,Unknown,Odisha,Unknown,Unknown Operator,Operational,True,1.100000023841858,1,False,2026-02-28 08:13:00+00:00,2026-03-01 09:24:00+00:00
479425,Tata Power Charging Station,21.762953,87.010724,Unknown,Odisha,Unknown,Unknown Operator,Operational,True,3.299999952316284,1,False,2026-02-28 08:13:00+00:00,2026-03-01 09:24:00+00:00
479424,Ather Grid Charging Station,21.940046,86.74460599999999,Unknown,Odisha,Unknown,Unknown Operator,Operational,True,1.1,1,False,2026-02-28 08:13:00+00:00,2026-03-01 09:24:00+00:00
479423,WARIVO ELECTRIC SCOOTER SHOWROOM -PREMJIT MOTORS BARIPADA,21.9265285,86.7319555,Unknown,Odisha,Unknown,Unknown Operator,Operational,True,0.0,1,False,2026-02-28 08:12:00+00:00,2026-03-01 09:24:00+00:00
479422,Ather Grid Charging Station,21.909101,86.751335,Unknown,Odisha,Unknown,Unknown Operator,Operational,True,1.100000023841858,1,False,2026-02-28 08:12:00+00:00,2026-03-01 09:24:00+00:00
479421,Electric Vehicle Charging Station,21.8057616,85.9951672,Unknown,Odisha,Unknown,Unknown Operator,Operational,True,0.0,1,False,2026-02-28 08:12:00+00:00,2026-03-01 09:24:00+00:00
479420,Ather Grid Charging Station,21.85272,83.99909,Unknown,Odisha,Unknown,Unknown Operator,Operational,True,1.100000023841858,1,False,2026-02-28 08:12:00+00:00,2026-03-01 09:24:00+00:00
479419,Tata Power Charging Station,21.86703,83.966208,Unknown,Odisha,Unknown,Unknown Operator,Operational,True,25.0,1,False,2026-02-28 08:12:00+00:00,2026-03-01 09:24:00+00:00
479418,Ather Grid Charging Station,21.917408,83.38266,Unknown,Odisha,Unknown,Unknown Operator,Operational,True,1.100000023841858,1,False,2026-02-28 08:12:00+00:00,2026-03-01 09:24:00+00:00
479417,Tata Power Charging Station,21.920674,83.37071399999999,Unknown,Odisha,Unknown,Unknown Operator,Operational,True,25.0,1,False,2026-02-28 08:12:00+00:00,2026-03-01 09:24:00+00:00
479416,BPCL Charging Station,21.872869,83.38834899999999,Unknown,Odisha,Unknown,Unknown Operator,Operational,True,30.0,1,False,2026-02-28 08:12:00+00:00,2026-03-01 09:24:00+00:00
479415,Ankush Vehicles,21.8485001,82.7791088,Unknown,Odisha,Unknown,Unknown Operator,Operational,True,0.0,1,False,2026-02-28 08:12:00+00:00,2026-03-01 09:24:00+00:00
479414,CharjKaro Charging Station,21.8069144,82.75252929999999,Unknown,Odisha,Unknown,Unknown Operator,Operational,True,60.0,2,False,2026-02-28 08:12:00+00:00,2026-03-01 09:24:00+00:00
479413,BPCL Charging Station,21.8641043,82.4621088,Unknown,Odisha,Unknown,Unknown Operator,Operational,True,30.0,1,False,2026-02-28 08:12:00+00:00,2026-03-01 09:24:00+00:00
479412,Electric Vehicle Charging Station,21.8833782,82.1504942,Unknown,Odisha,Unknown,Unknown Operator,Operational,True,0.0,1,False,2026-02-28 08:12:00+00:00,2026-03-01 09:24:00+00:00
479411,BPCL Charging Station,21.734158,81.535732,Unknown,Odisha,Unknown,Unknown Operator,Operational,True,30.0,1,False,2026-02-28 08:12:00+00:00,2026-03-01 09:24:00+00:00
479410,Jio-bp pulse Charging Station,21.592751,87.02058799999999,Unknown,Odisha,Unknown,Unknown Operator,Operational,True,7.4,1,False,2026-02-28 08:12:00+00:00,2026-03-01 09:24:00+00:00
479409,Jio-bp pulse Charging Station,21.5926108,87.0205579,Unknown,Odisha,Unknown,Unknown Operator,Operational,True,7.4,1,False,2026-02-28 08:12:00+00:00,2026-03-01 09:24:00+00:00
479408,Electric Vehicle Charging Station,21.5930166,87.02072849999999,Unknown,Odisha,Unknown,Unknown Operator,Operational,True,0.0,1,False,2026-02-28 08:12:00+00:00,2026-03-01 09:24:00+00:00
479407,Ather Grid Charging Station,21.481623,86.9069,Unknown,Odisha,Unknown,Unknown Operator,Operational,True,1.100000023841858,3,False,2026-02-28 08:12:00+00:00,2026-03-01 09:24:00+00:00
479406,Ather Charging Station,21.49872,86.93108,Unknown,Odisha,Unknown,Unknown Operator,Operational,True,1.100000023841858,2,False,2026-02-28 08:12:00+00:00,2026-03-01 09:24:00+00:00
479405,Electric Vehicle Charging Station,21.5746535,87.09849589999999,Unknown,Odisha,Unknown,Unknown Operator,Operational,True,0.0,1,False,2026-02-28 08:12:00+00:00,2026-03-01 09:24:00+00:00
479404,Tata Power Charging Station,21.479922,86.904904,Unknown,Odisha,Unknown,Unknown Operator,Operational,True,30.0,1,False,2026-02-28 08:12:00+00:00,2026-03-01 09:24:00+00:00
479403,Ather Charging Station,21.5064591,86.911091,Unknown,Odisha,Unknown,Unknown Operator,Operational,True,1.100000023841858,1,False,2026-02-28 08:11:00+00:00,2026-03-01 09:24:00+00:00
479402,Tata Power Charging Station,21.4978274,86.8896469,Unknown,Odisha,Unknown,Unknown Operator,Operational,True,30.0,1,False,2026-02-28 08:11:00+00:00,2026-03-01 09:24:00+00:00
479401,Tata Power Charging Station,21.548809,85.494006,Unknown,Odisha,Unknown,Unknown Operator,Operational,True,7.400000095367432,1,False,2026-02-28 08:11:00+00:00,2026-03-01 09:24:00+00:00
479400,Ather Grid Charging Station,21.6324613,85.5907884,Unknown,Odisha,Unknown,Unknown Operator,Operational,True,1.100000023841858,1,False,2026-02-28 08:11:00+00:00,2026-03-01 09:24:00+00:00
479399,Electric Vehicle Charging Station,21.5490869,85.49427089999999,Unknown,Odisha,Unknown,Unknown Operator,Operational,True,0.0,1,False,2026-02-28 08:11:00+00:00,2026-03-01 09:24:00+00:00
479398,Ather Charging Station,21.65143,85.59394999999999,Unknown,Odisha,Unknown,Unknown Operator,Operational,True,1.100000023841858,1,False,2026-02-28 08:11:00+00:00,2026-03-01 09:24:00+00:00
479397,Ather Grid Charging Station,21.491887,83.9860082,Unknown,Odisha,Unknown,Unknown Operator,Operational,True,1.100000023841858,1,False,2026-02-28 08:11:00+00:00,2026-03-01 09:24:00+00:00
479396,Ather Grid Charging Station,21.467634,83.97726399999999,Unknown,Odisha,Unknown,Unknown Operator,Operational,True,1.100000023841858,2,False,2026-02-28 08:11:00+00:00,2026-03-01 09:24:00+00:00
479395,Tata Power Charging Station,21.5106163,84.00592019999999,Unknown,Odisha,Unknown,Unknown Operator,Operational,True,30.0,1,False,2026-02-28 08:11:00+00:00,2026-03-01 09:24:00+00:00
479394,Ather Charging Station,21.49525,83.97572,Unknown,Odisha,Unknown,Unknown Operator,Operational,True,1.100000023841858,1,False,2026-02-28 08:11:00+00:00,2026-03-01 09:24:00+00:00
479393,Tata Power Charging Station,21.5010249,83.89131309999999,Unknown,Odisha,Unknown,Unknown Operator,Operational,True,30.0,4,False,2026-02-28 08:11:00+00:00,2026-03-01 09:24:00+00:00
479392,BPCL Charging Station,21.494135,83.98228999999999,Unknown,Odisha,Unknown,Unknown Operator,Operational,True,30.0,1,False,2026-02-28 08:11:00+00:00,2026-03-01 09:24:00+00:00
479391,Jio-bp,21.6326653,82.15920369999999,Unknown,Odisha,Unknown,Unknown Operator,Operational,True,7.4,1,False,2026-02-28 08:11:00+00:00,2026-03-01 09:24:00+00:00
479390,Jio-bp,21.55027,81.94745999999999,Unknown,Odisha,Unknown,Unknown Operator,Operational,True,7.4,1,False,2026-02-28 08:11:00+00:00,2026-03-01 09:24:00+00:00
479389,Ather Grid Charging Station,21.51608,81.69389,Unknown,Odisha,Unknown,Unknown Operator,Operational,True,1.100000023841858,2,False,2026-02-28 08:11:00+00:00,2026-03-01 09:24:00+00:00
479388,PRATIK E RICKSHAW,21.7025644,81.5427175,Unknown,Odisha,Unknown,Unknown Operator,Operational,True,0.0,1,False,2026-02-28 08:11:00+00:00,2026-03-01 09:24:00+00:00
479387,Ather Grid Charging Station,21.697687,81.54614,Unknown,Odisha,Unknown,Unknown Operator,Operational,True,1.100000023841858,1,False,2026-02-28 08:11:00+00:00,2026-03-01 09:24:00+00:00
479386,Tata Power Charging Station,21.63401,81.62389,Unknown,Odisha,Unknown,Unknown Operator,Operational,True,30.0,1,False,2026-02-28 08:11:00+00:00,2026-03-01 09:24:00+00:00
479385,BPCL Charging Station,21.5166085,81.69392789999999,Unknown,Odisha,Unknown,Unknown Operator,Operational,True,30.0,1,False,2026-02-28 08:11:00+00:00,2026-03-01 09:24:00+00:00
479384,Jio-bp pulse Charging Station,21.317264,86.725105,Unknown,Odisha,Unknown,Unknown Operator,Operational,True,7.4,1,False,2026-02-28 08:11:00+00:00,2026-03-01 09:24:00+00:00
479383,Electric Vehicle Charging Station,21.2845369,86.67497949999999,Unknown,Odisha,Unknown,Unknown Operator,Operational,True,0.0,1,False,2026-02-28 08:11:00+00:00,2026-03-01 09:24:00+00:00
479382,BPCL Charging Station,21.3825286,86.79633,Unknown,Odisha,Unknown,Unknown Operator,Operational,True,30.0,1,False,2026-02-28 08:10:00+00:00,2026-03-01 09:24:00+00:00
479381,BPCL Charging Station,21.358081,86.78445099999999,Unknown,Odisha,Unknown,Unknown Operator,Operational,True,30.0,1,False,2026-02-28 08:10:00+00:00,2026-03-01 09:24:00+00:00
479380,Electric Vehicle Charging Station,21.2216615,86.1190697,Unknown,Odisha,Unknown,Unknown Operator,Operational,True,0.0,1,False,2026-02-28 08:10:00+00:00,2026-03-01 09:24:00+00:00
479379,Ather Grid Charging Station,21.200249,86.12389,Unknown,Odisha,Unknown,Unknown Operator,Operational,True,1.100000023841858,1,False,2026-02-28 08:10:00+00:00,2026-03-01 09:24:00+00:00
479378,BPCL Charging Station,21.3652959,83.7440391,Unknown,Odisha,Unknown,Unknown Operator,Operational,True,30.0,1,False,2026-02-28 08:10:00+00:00,2026-03-01 09:24:00+00:00
479377,BPCL Charging Station,21.314257,83.45897819999999,Unknown,Odisha,Unknown,Unknown Operator,Operational,True,30.0,1,False,2026-02-28 08:10:00+00:00,2026-03-01 09:24:00+00:00
479376,BPCL Charging Station,21.3127038,83.3128902,Unknown,Odisha,Unknown,Unknown Operator,Operational,True,30.0,1,False,2026-02-28 08:10:00+00:00,2026-03-01 09:24:00+00:00
479375,BPCL Charging Station,21.314738,83.30917099999999,Unknown,Odisha,Unknown,Unknown Operator,Operational,True,30.0,1,False,2026-02-28 08:10:00+00:00,2026-03-01 09:24:00+00:00
479374,Adani Charging Station,21.296246,82.921301,Unknown,Odisha,Unknown,Unknown Operator,Operational,True,60.0,3,False,2026-02-28 08:10:00+00:00,2026-03-01 09:24:00+00:00
479373,Ather Grid Charging Station,21.32392,81.7012,Unknown,Odisha,Unknown,Unknown Operator,Operational,True,1.1,1,False,2026-02-28 08:10:00+00:00,2026-03-01 09:24:00+00:00
479372,Electric Vehicle Charging Station,21.2020656,81.9192961,Unknown,Odisha,Unknown,Unknown Operator,Operational,True,0.0,1,False,2026-02-28 08:10:00+00:00,2026-03-01 09:24:00+00:00
479371,BPCL Charging Station,21.205784500000004,81.872112,Unknown,Odisha,Unknown,Unknown Operator,Operational,True,30.0,1,False,2026-02-28 08:10:00+00:00,2026-03-01 09:24:00+00:00
479370,Jio-bp,21.3028027,81.7368091,Unknown,Odisha,Unknown,Unknown Operator,Operational,True,7.4,1,False,2026-02-28 08:10:00+00:00,2026-03-01 09:24:00+00:00
479369,Electric Vehicle Charging Station,21.2182526,81.6301313,Unknown,Odisha,Unknown,Unknown Operator,Operational,True,0.0,1,False,2026-02-28 08:10:00+00:00,2026-03-01 09:24:00+00:00
479368,NIKOL EV Charging Station,21.3173134,81.63971839999999,Unknown,Odisha,Unknown,Unknown Operator,Operational,True,0.0,1,False,2026-02-28 08:10:00+00:00,2026-03-01 09:24:00+00:00
479367,Tata Power Charging Station,21.2377887,81.6896835,Unknown,Odisha,Unknown,Unknown Operator,Operational,True,30.0,1,False,2026-02-28 08:10:00+00:00,2026-03-01 09:24:00+00:00
479366,BPCL Charging Station,21.2495941,81.523425,Unknown,Odisha,Unknown,Unknown Operator,Operational,True,30.0,1,False,2026-02-28 08:10:00+00:00,2026-03-01 09:24:00+00:00
479365,Jio-bp,21.341343,81.429919,Unknown,Odisha,Unknown,Unknown Operator,Operational,True,7.4,1,False,2026-02-28 08:10:00+00:00,2026-03-01 09:24:00+00:00
479364,BPCL Charging Station,21.364806,81.66376439999999,Unknown,Odisha,Unknown,Unknown Operator,Operational,True,30.0,1,False,2026-02-28 08:10:00+00:00,2026-03-01 09:24:00+00:00
479363,Ather Grid Charging Station,21.2416455,81.4959004,Unknown,Odisha,Unknown,Unknown Operator,Operational,True,1.100000023841858,1,False,2026-02-28 08:09:00+00:00,2026-03-01 09:24:00+00:00
479362,BPCL Charging Station,21.335394,81.62172699999999,Unknown,Odisha,Unknown,Unknown Operator,Operational,True,30.0,1,False,2026-02-28 08:09:00+00:00,2026-03-01 09:24:00+00:00
479361,Tata Power Charging Station,21.2404095,81.6577801,Unknown,Odisha,Unknown,Unknown Operator,Operational,True,7.4,1,False,2026-02-28 08:09:00+00:00,2026-03-01 09:24:00+00:00
479360,Ather Grid Charging Station,21.2444126,81.607608,Unknown,Odisha,Unknown,Unknown Operator,Operational,True,1.1,1,False,2026-02-28 08:09:00+00:00,2026-03-01 09:24:00+00:00
479359,BPCL Charging Station,21.315833,81.639605,Unknown,Odisha,Unknown,Unknown Operator,Operational,True,30.0,1,False,2026-02-28 08:09:00+00:00,2026-03-01 09:24:00+00:00
479358,Laxmi E Bike Solution,21.2346227,81.6644444,Unknown,Odisha,Unknown,Unknown Operator,Operational,True,0.0,1,False,2026-02-28 08:09:00+00:00,2026-03-01 09:24:00+00:00
479357,Ather Grid Charging Station,21.2404001,81.6029695,Unknown,Odisha,Unknown,Unknown Operator,Operational,True,1.100000023841858,1,False,2026-02-28 08:09:00+00:00,2026-03-01 09:24:00+00:00
479356,BPCL Charging Station,21.24332,81.579622,Unknown,Odisha,Unknown,Unknown Operator,Operational,True,30.0,1,False,2026-02-28 08:09:00+00:00,2026-03-01 09:24:00+00:00
479355,Electric Vehicle Charging Station,21.2350671,81.6309002,Unknown,Odisha,Unknown,Unknown Operator,Operational,True,70.0,2,False,2026-02-28 08:09:00+00:00,2026-03-01 09:24:00+00:00
479354,Ather Charging Station,21.2440004,81.6347188,Unknown,Odisha,Unknown,Unknown Operator,Operational,True,1.1,1,False,2026-02-28 08:09:00+00:00,2026-03-01 09:24:00+00:00
479353,Ather Charging Station,21.225601,81.6560523,Unknown,Odisha,Unknown,Unknown Operator,Operational,True,1.100000023841858,2,False,2026-02-28 08:09:00+00:00,2026-03-01 09:24:00+00:00
479352,Tata Power Charging Station,21.255368300000004,81.62945309999999,Unknown,Odisha,Unknown,Unknown Operator,Operational,True,30.0,2,False,2026-02-28 08:09:00+00:00,2026-03-01 09:24:00+00:00
479351,Ather Grid Charging Station,21.2402071,81.6843083,Unknown,Odisha,Unknown,Unknown Operator,Operational,True,1.100000023841858,1,False,2026-02-28 08:09:00+00:00,2026-03-01 09:24:00+00:00
479350,Ola Charging Station,21.2395532,81.67767140000001,Unknown,Odisha,Unknown,Unknown Operator,Operational,True,30.0,1,False,2026-02-28 08:09:00+00:00,2026-03-01 09:24:00+00:00
479349,Bolt.Earth,21.0984032,86.52668419999999,Unknown,Odisha,Unknown,Unknown Operator,Operational,True,7.4,1,False,2026-02-28 08:09:00+00:00,2026-03-01 09:24:00+00:00
479348,Ather Grid Charging Station,21.071771,86.49831999999999,Unknown,Odisha,Unknown,Unknown Operator,Operational,True,1.100000023841858,1,False,2026-02-28 08:09:00+00:00,2026-03-01 09:24:00+00:00
479347,Jio-bp pulse Charging Station,21.070288100000003,86.4970845,Unknown,Odisha,Unknown,Unknown Operator,Operational,True,7.4,1,False,2026-02-28 08:09:00+00:00,2026-03-01 09:24:00+00:00
479346,Jio-bp pulse Charging Station,20.9758779,86.4012231,Unknown,Odisha,Unknown,Unknown Operator,Operational,True,7.4,1,False,2026-02-28 08:09:00+00:00,2026-03-01 09:24:00+00:00
479345,Tata Power Charging Station,21.069810000000004,86.496256,Unknown,Odisha,Unknown,Unknown Operator,Operational,True,30.0,1,False,2026-02-28 08:09:00+00:00,2026-03-01 09:24:00+00:00
479344,Ather Grid Charging Station,21.104305,86.532646,Unknown,Odisha,Unknown,Unknown Operator,Operational,True,1.1,1,False,2026-02-28 08:09:00+00:00,2026-03-01 09:24:00+00:00
479343,Ather Grid Charging Station,20.9362048,86.1646624,Unknown,Odisha,Unknown,Unknown Operator,Operational,True,1.100000023841858,1,False,2026-02-28 08:08:00+00:00,2026-03-01 09:24:00+00:00
479342,Tata Power Charging Station,20.9189587,86.2169684,Unknown,Odisha,Unknown,Unknown Operator,Operational,True,25.0,1,False,2026-02-28 08:08:00+00:00,2026-03-01 09:24:00+00:00
479341,Electric Vehicle Charging Station,20.9867242,85.98919599999999,Unknown,Odisha,Unknown,Unknown Operator,Operational,True,0.0,1,False,2026-02-28 08:08:00+00:00,2026-03-01 09:24:00+00:00
479340,Tata Power Charging Station,20.9502562,85.989753,Unknown,Odisha,Unknown,Unknown Operator,Operational,True,7.4,1,False,2026-02-28 08:08:00+00:00,2026-03-01 09:24:00+00:00
479339,BPCL Charging Station,21.0685308,82.3617326,Unknown,Odisha,Unknown,Unknown Operator,Operational,True,30.0,1,False,2026-02-28 08:08:00+00:00,2026-03-01 09:24:00+00:00
479338,EESL Charging Station,21.1636206,81.78835800000002,Unknown,Odisha,Unknown,Unknown Operator,Operational,True,0.0,1,False,2026-02-28 08:08:00+00:00,2026-03-01 09:24:00+00:00
479337,Tata Power Charging Station,21.1612821,81.796672,Unknown,Odisha,Unknown,Unknown Operator,Operational,True,7.4,1,False,2026-02-28 08:08:00+00:00,2026-03-01 09:24:00+00:00
479336,EESL Charging Station,21.1613368,81.7964476,Unknown,Odisha,Unknown,Unknown Operator,Operational,True,0.0,1,False,2026-02-28 08:08:00+00:00,2026-03-01 09:24:00+00:00
479335,BPCL Charging Station,21.0784588,81.7518659,Unknown,Odisha,Unknown,Unknown Operator,Operational,True,30.0,1,False,2026-02-28 08:08:00+00:00,2026-03-01 09:24:00+00:00
479334,Ather Grid Charging Station,21.1340895,81.7723539,Unknown,Odisha,Unknown,Unknown Operator,Operational,True,1.100000023841858,1,False,2026-02-28 08:08:00+00:00,2026-03-01 09:24:00+00:00
479333,BPCL Charging Station,21.0435101,81.7320747,Unknown,Odisha,Unknown,Unknown Operator,Operational,True,30.0,1,False,2026-02-28 08:08:00+00:00,2026-03-01 09:24:00+00:00
479332,Om sai corporation e rickshaw,21.0478294,81.53317779999999,Unknown,Odisha,Unknown,Unknown Operator,Operational,True,0.0,1,False,2026-02-28 08:08:00+00:00,2026-03-01 09:24:00+00:00
479331,Electric Vehicle Charging Station,21.035982,81.54613220000002,Unknown,Odisha,Unknown,Unknown Operator,Not Operational,False,0.0,1,False,2026-02-28 08:08:00+00:00,2026-03-01 09:24:00+00:00
479329,Hindustan Petroleum Corporation Limited,20.838154,86.30842299999999,Unknown,Odisha,Unknown,Unknown Operator,Operational,True,0.0,1,False,2026-02-28 08:08:00+00:00,2026-03-01 09:24:00+00:00
479328,Ather Grid Charging Station,20.7039371,86.1341964,Unknown,Odisha,Unknown,Unknown Operator,Operational,True,1.100000023841858,1,False,2026-02-28 08:08:00+00:00,2026-03-01 09:24:00+00:00
479327,Jio-bp pulse Charging Station,20.752399,86.150857,Unknown,Odisha,Unknown,Unknown Operator,Operational,True,7.4,1,False,2026-02-28 08:08:00+00:00,2026-03-01 09:24:00+00:00
479326,Electric Vehicle Charging Station,20.6581671,86.11731379999999,Unknown,Odisha,Unknown,Unknown Operator,Operational,True,0.0,1,False,2026-02-28 08:08:00+00:00,2026-03-01 09:24:00+00:00
479325,Ampere EV by Greaves - Green Wheels,20.6942379,86.1328793,Unknown,Odisha,Unknown,Unknown Operator,Operational,True,0.0,1,False,2026-02-28 08:08:00+00:00,2026-03-01 09:24:00+00:00
479324,BPCL Charging Station,20.656229,86.112809,Unknown,Odisha,Unknown,Unknown Operator,Operational,True,30.0,1,False,2026-02-28 08:08:00+00:00,2026-03-01 09:24:00+00:00
479323,Ather Grid Charging Station,20.6695199,85.5922933,Unknown,Odisha,Unknown,Unknown Operator,Operational,True,1.100000023841858,1,False,2026-02-28 08:07:00+00:00,2026-03-01 09:24:00+00:00
479322,Jio-bp,20.8014756,85.5434702,Unknown,Odisha,Unknown,Unknown Operator,Operational,True,7.4,1,False,2026-02-28 08:07:00+00:00,2026-03-01 09:24:00+00:00
479321,Tata Power Charging Station,20.8317557,85.24166029999999,Unknown,Odisha,Unknown,Unknown Operator,Operational,True,25.0,1,False,2026-02-28 08:07:00+00:00,2026-03-01 09:24:00+00:00
479320,Thunder Plus Charging Station,20.8317352,85.2416586,Unknown,Odisha,Unknown,Unknown Operator,Operational,True,15.0,1,False,2026-02-28 08:07:00+00:00,2026-03-01 09:24:00+00:00
479319,Tata Power Ez Charging Station,20.8327932,85.23828859999999,Unknown,Odisha,Unknown,Unknown Operator,Operational,True,30.0,1,False,2026-02-28 08:07:00+00:00,2026-03-01 09:24:00+00:00
479318,Ather Grid Charging Station,20.832794,85.085236,Unknown,Odisha,Unknown,Unknown Operator,Operational,True,1.100000023841858,1,False,2026-02-28 08:07:00+00:00,2026-03-01 09:24:00+00:00
479317,Tata Power Charging Station,20.8450685,85.1162026,Unknown,Odisha,Unknown,Unknown Operator,Operational,True,30.0,2,False,2026-02-28 08:07:00+00:00,2026-03-01 09:24:00+00:00
479316,Hindustan Petroleum Corporation Limited Charging Station,20.8235109,85.0620926,Unknown,Odisha,Unknown,Unknown Operator,Operational,True,30.0,1,False,2026-02-28 08:07:00+00:00,2026-03-01 09:24:00+00:00
479315,Hindustan Petroleum Corporation Limited,20.8234079,85.06204989999999,Unknown,Odisha,Unknown,Unknown Operator,Operational,True,0.0,1,False,2026-02-28 08:07:00+00:00,2026-03-01 09:24:00+00:00
479314,Jio-bp,20.80489,84.03399,Unknown,Odisha,Unknown,Unknown Operator,Operational,True,7.4,1,False,2026-02-28 08:07:00+00:00,2026-03-01 09:24:00+00:00
479313,Electric Vehicle Charging Station,20.8577541,83.94418209999999,Unknown,Odisha,Unknown,Unknown Operator,Operational,True,0.0,1,False,2026-02-28 08:07:00+00:00,2026-03-01 09:24:00+00:00
479312,Electric Vehicle Charging Station,20.8471861,83.89413499999999,Unknown,Odisha,Unknown,Unknown Operator,Operational,True,0.0,1,False,2026-02-28 08:07:00+00:00,2026-03-01 09:24:00+00:00
479311,Tata Power Charging Station,20.7425344,81.5791428,Unknown,Odisha,Unknown,Unknown Operator,Operational,True,30.0,1,False,2026-02-28 08:07:00+00:00,2026-03-01 09:24:00+00:00
479310,BPCL Charging Station,20.817085,81.68281019999999,Unknown,Odisha,Unknown,Unknown Operator,Operational,True,30.0,1,False,2026-02-28 08:07:00+00:00,2026-03-01 09:24:00+00:00
479309,Ather Grid Charging Station,20.5307153,86.3579333,Unknown,Odisha,Unknown,Unknown Operator,Operational,True,1.100000023841858,1,False,2026-02-28 08:07:00+00:00,2026-03-01 09:24:00+00:00
479308,kesannager electric office,20.4209459,86.0903038,Unknown,Odisha,Unknown,Unknown Operator,Operational,True,0.0,1,False,2026-02-28 08:07:00+00:00,2026-03-01 09:24:00+00:00
479307,Adani Charging Station,20.4823589,86.0581588,Unknown,Odisha,Unknown,Unknown Operator,Operational,True,7.4,1,False,2026-02-28 08:07:00+00:00,2026-03-01 09:24:00+00:00
479306,Tata Power Charging Station,20.3702497,85.8909745,Unknown,Odisha,Unknown,Unknown Operator,Operational,True,25.0,1,False,2026-02-28 08:07:00+00:00,2026-03-01 09:24:00+00:00
479305,Ather Grid Charging Station,20.491886,85.93527,Unknown,Odisha,Unknown,Unknown Operator,Operational,True,1.1,1,False,2026-02-28 08:07:00+00:00,2026-03-01 09:24:00+00:00
479304,Ather Grid Charging Station,20.4791192,85.8398223,Unknown,Odisha,Unknown,Unknown Operator,Not Operational,False,1.1,1,False,2026-02-28 08:07:00+00:00,2026-03-01 09:24:00+00:00
479303,Tata Power Charging Station,20.529316,85.949237,Unknown,Odisha,Unknown,Unknown Operator,Operational,True,25.0,1,False,2026-02-28 08:06:00+00:00,2026-03-01 09:24:00+00:00
479302,Ather Grid Charging Station,20.453737,85.88848999999999,Unknown,Odisha,Unknown,Unknown Operator,Operational,True,1.100000023841858,1,False,2026-02-28 08:06:00+00:00,2026-03-01 09:24:00+00:00
479301,Electric Vehicle Charging Station,20.4116317,85.8794133,Unknown,Odisha,Unknown,Unknown Operator,Operational,True,0.0,1,False,2026-02-28 08:06:00+00:00,2026-03-01 09:24:00+00:00
479300,Tata Power Charging Station,20.481787,85.81721300000001,Unknown,Odisha,Unknown,Unknown Operator,Operational,True,25.0,1,False,2026-02-28 08:06:00+00:00,2026-03-01 09:24:00+00:00
479299,Ather Grid Charging Station,20.4497938,85.8982001,Unknown,Odisha,Unknown,Unknown Operator,Operational,True,1.1,1,False,2026-02-28 08:06:00+00:00,2026-03-01 09:24:00+00:00
479298,Ather Grid Charging Station,20.469631,85.85469,Unknown,Odisha,Unknown,Unknown Operator,Operational,True,1.100000023841858,1,False,2026-02-28 08:06:00+00:00,2026-03-01 09:24:00+00:00
479297,Ather Grid Charging Station,20.460117,85.88938,Unknown,Odisha,Unknown,Unknown Operator,Operational,True,1.100000023841858,1,False,2026-02-28 08:06:00+00:00,2026-03-01 09:24:00+00:00
479296,Ather Grid Charging Station,20.44235,85.90481,Unknown,Odisha,Unknown,Unknown Operator,Operational,True,1.1,1,False,2026-02-28 08:06:00+00:00,2026-03-01 09:24:00+00:00
479295,Bal Gopal Motors,20.4551603,85.88665549999999,Unknown,Odisha,Unknown,Unknown Operator,Operational,True,0.0,1,False,2026-02-28 08:06:00+00:00,2026-03-01 09:24:00+00:00
479294,Ather Charging Station,20.446043,85.9069427,Unknown,Odisha,Unknown,Unknown Operator,Operational,True,1.1,1,False,2026-02-28 08:06:00+00:00,2026-03-01 09:24:00+00:00
479293,Ather Grid Charging Station,20.4660615,85.9053606,Unknown,Odisha,Unknown,Unknown Operator,Operational,True,1.1,1,False,2026-02-28 08:06:00+00:00,2026-03-01 09:24:00+00:00
479292,Ather Grid Charging Station,20.474403,85.84479979999999,Unknown,Odisha,Unknown,Unknown Operator,Operational,True,1.100000023841858,1,False,2026-02-28 08:06:00+00:00,2026-03-01 09:24:00+00:00
479291,Tata Power Charging Station,20.4051611,85.8798077,Unknown,Odisha,Unknown,Unknown Operator,Operational,True,25.0,2,False,2026-02-28 08:06:00+00:00,2026-03-01 09:24:00+00:00
479290,Jio-bp pulse Charging Station,20.5506603,85.774418,Unknown,Odisha,Unknown,Unknown Operator,Operational,True,7.4,1,False,2026-02-28 08:06:00+00:00,2026-03-01 09:24:00+00:00
479289,Ather Grid Charging Station,20.4621758,85.8837439,Unknown,Odisha,Unknown,Unknown Operator,Operational,True,1.100000023841858,1,False,2026-02-28 08:06:00+00:00,2026-03-01 09:24:00+00:00
479288,Jio-bp pulse EV Charging Station,20.3770148,85.8893793,Unknown,Odisha,Unknown,Unknown Operator,Operational,True,7.4,1,False,2026-02-28 08:06:00+00:00,2026-03-01 09:24:00+00:00
479287,Hindustan Petroleum Corporation Limited,20.5512697,85.98549589999999,Unknown,Odisha,Unknown,Unknown Operator,Operational,True,0.0,1,False,2026-02-28 08:06:00+00:00,2026-03-01 09:24:00+00:00
479286,Hindustan Petroleum Corporation Limited,20.2895101,86.6453834,Unknown,Odisha,Unknown,Unknown Operator,Operational,True,0.0,1,False,2026-02-28 08:06:00+00:00,2026-03-01 09:24:00+00:00
479285,Tata Power Charging Station,20.307243,86.320751,Unknown,Odisha,Unknown,Unknown Operator,Operational,True,25.0,1,False,2026-02-28 08:06:00+00:00,2026-03-01 09:24:00+00:00
479284,Ather Grid Charging Station,20.2606974,86.20164369999999,Unknown,Odisha,Unknown,Unknown Operator,Operational,True,1.100000023841858,2,False,2026-02-28 08:05:00+00:00,2026-03-01 09:24:00+00:00
479283,BPCL Charging Station,20.193901,85.85999199999999,Unknown,Odisha,Unknown,Unknown Operator,Operational,True,30.0,1,False,2026-02-28 08:05:00+00:00,2026-03-01 09:24:00+00:00
479282,Electric Vehicle Charging Station,20.289135,85.8152489,Unknown,Odisha,Unknown,Unknown Operator,Operational,True,0.0,1,False,2026-02-28 08:05:00+00:00,2026-03-01 09:24:00+00:00
479281,Ather Grid Charging Station,20.315432,85.82054,Unknown,Odisha,Unknown,Unknown Operator,Not Operational,False,1.100000023841858,1,False,2026-02-28 08:05:00+00:00,2026-03-01 09:24:00+00:00
479280,Adani Charging Station,20.3570179,85.88882029999999,Unknown,Odisha,Unknown,Unknown Operator,Operational,True,60.0,5,False,2026-02-28 08:05:00+00:00,2026-03-01 09:24:00+00:00
479279,Ather Grid Charging Station,20.256187,85.78683749999999,Unknown,Odisha,Unknown,Unknown Operator,Operational,True,1.100000023841858,2,False,2026-02-28 08:05:00+00:00,2026-03-01 09:24:00+00:00
479278,Ather Grid Charging Station,20.2614172,85.84389929999999,Unknown,Odisha,Unknown,Unknown Operator,Operational,True,1.100000023841858,1,False,2026-02-28 08:05:00+00:00,2026-03-01 09:24:00+00:00
479277,Tata Power Charging Station,20.2995501,85.8309735,Unknown,Odisha,Unknown,Unknown Operator,Operational,True,30.0,1,False,2026-02-28 08:05:00+00:00,2026-03-01 09:24:00+00:00
479276,Statiq Charging Station,20.2914763,85.8560122,Unknown,Odisha,Unknown,Unknown Operator,Operational,True,60.0,2,False,2026-02-28 08:05:00+00:00,2026-03-01 09:24:00+00:00
479275,Ather Grid Charging Station,20.2669537,85.8694239,Unknown,Odisha,Unknown,Unknown Operator,Operational,True,1.100000023841858,1,False,2026-02-28 08:05:00+00:00,2026-03-01 09:24:00+00:00
479274,Ather Charging Station,20.2640837,85.8457679,Unknown,Odisha,Unknown,Unknown Operator,Operational,True,1.100000023841858,1,False,2026-02-28 08:05:00+00:00,2026-03-01 09:24:00+00:00
479273,Statiq Charging Station,20.245772,85.78304299999999,Unknown,Odisha,Unknown,Unknown Operator,Operational,True,60.0,2,False,2026-02-28 08:05:00+00:00,2026-03-01 09:24:00+00:00
479272,Tata Power Charging Station,20.259014,85.8397059,Unknown,Odisha,Unknown,Unknown Operator,Operational,True,30.0,2,False,2026-02-28 08:05:00+00:00,2026-03-01 09:24:00+00:00
479271,Ather Grid Charging Station,20.2710386,85.7838293,Unknown,Odisha,Unknown,Unknown Operator,Operational,True,1.1,1,False,2026-02-28 08:05:00+00:00,2026-03-01 09:24:00+00:00
479270,Ather Grid Charging Station,20.2986351,85.8227086,Unknown,Odisha,Unknown,Unknown Operator,Operational,True,1.100000023841858,1,False,2026-02-28 08:05:00+00:00,2026-03-01 09:24:00+00:00
479269,Adani Charging Station,20.2529878,85.81877899999999,Unknown,Odisha,Unknown,Unknown Operator,Operational,True,60.0,2,False,2026-02-28 08:05:00+00:00,2026-03-01 09:24:00+00:00
479268,Ather Charging Station,20.2476107,85.8409846,Unknown,Odisha,Unknown,Unknown Operator,Operational,True,1.1,1,False,2026-02-28 08:05:00+00:00,2026-03-01 09:24:00+00:00
479267,Ather Grid Charging Station,20.283109,85.80601109999999,Unknown,Odisha,Unknown,Unknown Operator,Operational,True,1.100000023841858,1,False,2026-02-28 08:05:00+00:00,2026-03-01 09:24:00+00:00
479266,BPCL Charging Station,20.25473,85.787241,Unknown,Odisha,Unknown,Unknown Operator,Operational,True,30.0,2,False,2026-02-28 08:05:00+00:00,2026-03-01 09:24:00+00:00
479265,Tata Power Charging Station,20.2269974,85.841081,Unknown,Odisha,Unknown,Unknown Operator,Operational,True,30.0,3,False,2026-02-28 08:05:00+00:00,2026-03-01 09:24:00+00:00
479264,Ola Electric Mobility Charging Station,20.2573761,85.84097299999999,Unknown,Odisha,Unknown,Unknown Operator,Operational,True,1.5,1,False,2026-02-28 08:05:00+00:00,2026-03-01 09:24:00+00:00
479263,DiodeEV Charging Station,20.2277148,85.73563039999999,Unknown,Odisha,Unknown,Unknown Operator,Operational,True,0.0,1,False,2026-02-28 08:04:00+00:00,2026-03-01 09:24:00+00:00
479262,Statiq Charging Station,20.205643,85.644066,Unknown,Odisha,Unknown,Unknown Operator,Operational,True,60.0,2,False,2026-02-28 08:04:00+00:00,2026-03-01 09:24:00+00:00
479261,Tata Power Charging Station,20.2411801,85.75915549999999,Unknown,Odisha,Unknown,Unknown Operator,Operational,True,25.0,3,False,2026-02-28 08:04:00+00:00,2026-03-01 09:24:00+00:00
479260,Tata Power Charging Station,20.238165,85.75664300000001,Unknown,Odisha,Unknown,Unknown Operator,Operational,True,25.0,2,False,2026-02-28 08:04:00+00:00,2026-03-01 09:24:00+00:00
479259,Kazam Charging Station,20.2555141,85.6866637,Unknown,Odisha,Unknown,Unknown Operator,Operational,True,7.4,1,False,2026-02-28 08:04:00+00:00,2026-03-01 09:24:00+00:00
479258,Thunder Plus Charging Station,20.242778,85.75611699999999,Unknown,Odisha,Unknown,Unknown Operator,Operational,True,15.0,1,False,2026-02-28 08:04:00+00:00,2026-03-01 09:24:00+00:00
479257,Kazam Charging Station,20.2530223,85.6869698,Unknown,Odisha,Unknown,Unknown Operator,Operational,True,3.299999952316284,7,False,2026-02-28 08:04:00+00:00,2026-03-01 09:24:00+00:00
479256,Kazam Charging Station,20.2546992,85.6867814,Unknown,Odisha,Unknown,Unknown Operator,Operational,True,3.299999952316284,1,False,2026-02-28 08:04:00+00:00,2026-03-01 09:24:00+00:00
479255,Tata Power Charging Station,20.2306078,85.7376707,Unknown,Odisha,Unknown,Unknown Operator,Operational,True,60.0,2,False,2026-02-28 08:04:00+00:00,2026-03-01 09:24:00+00:00
479254,Tata Power Charging Station,20.2407436,85.7590281,Unknown,Odisha,Unknown,Unknown Operator,Operational,True,7.4,1,False,2026-02-28 08:04:00+00:00,2026-03-01 09:24:00+00:00
479253,Electric Vehicle Charging Station,20.223618,85.726762,Unknown,Odisha,Unknown,Unknown Operator,Operational,True,30.0,1,False,2026-02-28 08:04:00+00:00,2026-03-01 09:24:00+00:00
479252,Electric Vehicle Charging Station,20.1939131,85.65214879999999,Unknown,Odisha,Unknown,Unknown Operator,Operational,True,0.0,1,False,2026-02-28 08:04:00+00:00,2026-03-01 09:24:00+00:00
479251,Ather Grid Charging Station,20.178873,85.61153,Unknown,Odisha,Unknown,Unknown Operator,Operational,True,1.100000023841858,1,False,2026-02-28 08:04:00+00:00,2026-03-01 09:24:00+00:00
479250,Hindustan Petroleum Corporation Limited,20.1545358,85.0637881,Unknown,Odisha,Unknown,Unknown Operator,Operational,True,0.0,1,False,2026-02-28 08:04:00+00:00,2026-03-01 09:24:00+00:00
479249,Jio-bp,20.141301,83.968362,Unknown,Odisha,Unknown,Unknown Operator,Operational,True,7.4,1,False,2026-02-28 08:04:00+00:00,2026-03-01 09:24:00+00:00
479248,Electric Vehicle Charging Station,20.2027864,82.936256,Unknown,Odisha,Unknown,Unknown Operator,Operational,True,0.0,1,False,2026-02-28 08:04:00+00:00,2026-03-01 09:24:00+00:00
479247,BPCL Charging Station,20.3013862,82.7516433,Unknown,Odisha,Unknown,Unknown Operator,Operational,True,30.0,2,False,2026-02-28 08:04:00+00:00,2026-03-01 09:24:00+00:00
479246,"MIRZA RIYAZ HOUSE , CONNON XEROX SERVICE CENTRE,",20.0299963,86.13191499999999,Unknown,Odisha,Unknown,Unknown Operator,Operational,True,0.0,1,False,2026-02-28 08:04:00+00:00,2026-03-01 09:24:00+00:00
479245,Jio-bp pulse Charging Station,20.036226000000003,85.825447,Unknown,Odisha,Unknown,Unknown Operator,Operational,True,7.4,1,False,2026-02-28 08:04:00+00:00,2026-03-01 09:24:00+00:00
479244,Jio-bp pulse Charging Station,19.981225700000003,85.8251193,Unknown,Odisha,Unknown,Unknown Operator,Operational,True,7.4,1,False,2026-02-28 08:04:00+00:00,2026-03-01 09:26:00+00:00
479243,Ather Charging Station,20.001994,85.8205414,Unknown,Odisha,Unknown,Unknown Operator,Operational,True,1.100000023841858,1,False,2026-02-28 08:03:00+00:00,2026-03-01 09:26:00+00:00
479242,Ather Grid Charging Station,19.913864,85.98975,Unknown,Odisha,Unknown,Unknown Operator,Not Operational,False,1.100000023841858,1,False,2026-02-28 08:03:00+00:00,2026-03-01 09:26:00+00:00
479241,Electric Vehicle Charging Station,20.0089777,85.8138496,Unknown,Odisha,Unknown,Unknown Operator,Operational,True,0.0,1,False,2026-02-28 08:03:00+00:00,2026-03-01 09:26:00+00:00
479240,BPCL Charging Station,20.0090935,85.81383199999999,Unknown,Odisha,Unknown,Unknown Operator,Operational,True,30.0,1,False,2026-02-28 08:03:00+00:00,2026-03-01 09:26:00+00:00
479239,Tata Power Charging Station,19.8373153,85.8366266,Unknown,Odisha,Unknown,Unknown Operator,Operational,True,25.0,2,False,2026-02-28 08:03:00+00:00,2026-03-01 09:26:00+00:00
479238,Hindustan Petroleum Corporation Limited,19.887409,85.803106,Unknown,Odisha,Unknown,Unknown Operator,Operational,True,0.0,1,False,2026-02-28 08:03:00+00:00,2026-03-01 09:26:00+00:00
479237,Ather Grid Charging Station,19.864923,85.66566999999999,Unknown,Odisha,Unknown,Unknown Operator,Operational,True,1.100000023841858,1,False,2026-02-28 08:03:00+00:00,2026-03-01 09:26:00+00:00
479236,Tata Power Charging Station,19.9604389,85.4336031,Unknown,Odisha,Unknown,Unknown Operator,Operational,True,25.0,1,False,2026-02-28 08:03:00+00:00,2026-03-01 09:26:00+00:00
479235,BPCL Charging Station,19.995597,85.479968,Unknown,Odisha,Unknown,Unknown Operator,Operational,True,30.0,1,False,2026-02-28 08:03:00+00:00,2026-03-01 09:26:00+00:00
479234,Hindustan Petroleum Corporation Limited,19.9901672,85.4736527,Unknown,Odisha,Unknown,Unknown Operator,Operational,True,0.0,1,False,2026-02-28 08:03:00+00:00,2026-03-01 09:26:00+00:00
479233,Ather Grid Charging Station,19.924364,84.57135,Unknown,Odisha,Unknown,Unknown Operator,Operational,True,1.100000023841858,1,False,2026-02-28 08:03:00+00:00,2026-03-01 09:26:00+00:00
479232,Jio-bp,20.038907,84.63856899999999,Unknown,Odisha,Unknown,Unknown Operator,Operational,True,7.4,1,False,2026-02-28 08:03:00+00:00,2026-03-01 09:26:00+00:00
479231,Tata Power Charging Station,19.924915,83.174075,Unknown,Odisha,Unknown,Unknown Operator,Operational,True,25.0,1,False,2026-02-28 08:03:00+00:00,2026-03-01 09:26:00+00:00
479230,Electric Vehicle Charging Station,20.0887924,82.36210489999999,Unknown,Odisha,Unknown,Unknown Operator,Operational,True,100.0,11,False,2026-02-28 08:03:00+00:00,2026-03-01 09:26:00+00:00
479229,G.K Rickshaw,19.8134808,85.8362997,Unknown,Odisha,Unknown,Unknown Operator,Operational,True,0.0,1,False,2026-02-28 08:03:00+00:00,2026-03-01 09:26:00+00:00
479228,Ather Grid Charging Station,19.7952607,85.8132809,Unknown,Odisha,Unknown,Unknown Operator,Operational,True,1.100000023841858,1,False,2026-02-28 08:03:00+00:00,2026-03-01 09:26:00+00:00
479227,KACHERI SECTION TPCODL,19.8024197,85.8239399,Unknown,Odisha,Unknown,Unknown Operator,Operational,True,0.0,1,False,2026-02-28 08:03:00+00:00,2026-03-01 09:26:00+00:00
479226,Relux Charging Station,19.7907462,85.8030868,Unknown,Odisha,Unknown,Unknown Operator,Operational,True,30.0,1,False,2026-02-28 08:03:00+00:00,2026-03-01 09:26:00+00:00
479225,Electric Vehicle Charging Station,19.718938,85.5235713,Unknown,Odisha,Unknown,Unknown Operator,Operational,True,0.0,1,False,2026-02-28 08:03:00+00:00,2026-03-01 09:26:00+00:00
479224,Ather Grid Charging Station,19.799158,85.664566,Unknown,Odisha,Unknown,Unknown Operator,Operational,True,1.100000023841858,1,False,2026-02-28 08:03:00+00:00,2026-03-01 09:26:00+00:00
479223,Ather Grid Charging Station,19.71935,85.52448679999999,Unknown,Odisha,Unknown,Unknown Operator,Operational,True,1.100000023841858,1,False,2026-02-28 08:02:00+00:00,2026-03-01 09:26:00+00:00
479222,Jio-bp pulse Charging Station,19.67855,85.171409,Unknown,Odisha,Unknown,Unknown Operator,Operational,True,7.4,1,False,2026-02-28 08:02:00+00:00,2026-03-01 09:26:00+00:00
479221,Tata Power Charging Station,19.6782474,85.1714786,Unknown,Odisha,Unknown,Unknown Operator,Operational,True,30.0,1,False,2026-02-28 08:02:00+00:00,2026-03-01 09:26:00+00:00
479220,Adani Charging Station,19.6331555,85.1353263,Unknown,Odisha,Unknown,Unknown Operator,Operational,True,7.4,1,False,2026-02-28 08:02:00+00:00,2026-03-01 09:26:00+00:00
479219,BPCL Charging Station,19.749316,85.20759799999999,Unknown,Odisha,Unknown,Unknown Operator,Operational,True,60.0,2,False,2026-02-28 08:02:00+00:00,2026-03-01 09:26:00+00:00
479218,Jio-bp,19.731375,83.479141,Unknown,Odisha,Unknown,Unknown Operator,Operational,True,7.4,1,False,2026-02-28 08:02:00+00:00,2026-03-01 09:26:00+00:00
479217,Tata Power Charging Station,19.652453,82.225619,Unknown,Odisha,Unknown,Unknown Operator,Operational,True,30.0,1,False,2026-02-28 08:02:00+00:00,2026-03-01 09:26:00+00:00
479216,Ather Grid Charging Station,19.31151,84.83354,Unknown,Odisha,Unknown,Unknown Operator,Operational,True,1.100000023841858,1,False,2026-02-28 08:02:00+00:00,2026-03-01 09:26:00+00:00
479215,Ather Grid Charging Station,19.34123,84.76845,Unknown,Odisha,Unknown,Unknown Operator,Operational,True,1.100000023841858,1,False,2026-02-28 08:02:00+00:00,2026-03-01 09:26:00+00:00
479214,Ather Grid Charging Station,19.324255,84.87503,Unknown,Odisha,Unknown,Unknown Operator,Operational,True,1.100000023841858,1,False,2026-02-28 08:02:00+00:00,2026-03-01 09:26:00+00:00
479213,Electric Vehicle Charging Station,19.3171717,84.7772474,Unknown,Odisha,Unknown,Unknown Operator,Operational,True,0.0,1,False,2026-02-28 08:02:00+00:00,2026-03-01 09:26:00+00:00
479212,Electric Vehicle Charging Station,19.3071386,84.8292277,Unknown,Odisha,Unknown,Unknown Operator,Operational,True,0.0,1,False,2026-02-28 08:02:00+00:00,2026-03-01 09:26:00+00:00
479211,Electric Vehicle Charging Station,19.3194175,84.7844863,Unknown,Odisha,Unknown,Unknown Operator,Operational,True,0.0,1,False,2026-02-28 08:02:00+00:00,2026-03-01 09:26:00+00:00
479210,Ather Grid Charging Station,19.308462,84.77319,Unknown,Odisha,Unknown,Unknown Operator,Operational,True,1.1,1,False,2026-02-28 08:02:00+00:00,2026-03-01 09:26:00+00:00
479209,Ather Grid Charging Station,19.301504,84.83013,Unknown,Odisha,Unknown,Unknown Operator,Operational,True,1.1,1,False,2026-02-28 08:02:00+00:00,2026-03-01 09:26:00+00:00
479208,Ather Grid Charging Station,19.306038,84.78173,Unknown,Odisha,Unknown,Unknown Operator,Not Operational,False,1.100000023841858,1,False,2026-02-28 08:02:00+00:00,2026-03-01 09:26:00+00:00
479207,Tata Power Charging Station,19.315211,84.85814400000001,Unknown,Odisha,Unknown,Unknown Operator,Operational,True,25.0,2,False,2026-02-28 08:02:00+00:00,2026-03-01 09:26:00+00:00
479206,Ather Grid Charging Station,19.31608,84.85278,Unknown,Odisha,Unknown,Unknown Operator,Operational,True,1.100000023841858,1,False,2026-02-28 08:02:00+00:00,2026-03-01 09:26:00+00:00
479205,Ather Grid Charging Station,19.30744,84.81665,Unknown,Odisha,Unknown,Unknown Operator,Operational,True,1.1,1,False,2026-02-28 08:02:00+00:00,2026-03-01 09:26:00+00:00
479204,Electric Vehicle Charging Station,19.3176997,84.79058359999999,Unknown,Odisha,Unknown,Unknown Operator,Operational,True,0.0,1,False,2026-02-28 08:02:00+00:00,2026-03-01 09:26:00+00:00
479203,Ather Grid Charging Station,19.32163,84.86715,Unknown,Odisha,Unknown,Unknown Operator,Operational,True,1.100000023841858,1,False,2026-02-28 08:01:00+00:00,2026-03-01 09:26:00+00:00
479202,Ather Grid Charging Station,19.319885,84.78112999999999,Unknown,Odisha,Unknown,Unknown Operator,Operational,True,1.100000023841858,1,False,2026-02-28 08:01:00+00:00,2026-03-01 09:26:00+00:00
479201,Ather Grid Charging Station,19.2956471,84.81956579999999,Unknown,Odisha,Unknown,Unknown Operator,Operational,True,1.1,1,False,2026-02-28 08:01:00+00:00,2026-03-01 09:26:00+00:00
479200,BPCL Charging Station,19.334627,84.768619,Unknown,Odisha,Unknown,Unknown Operator,Operational,True,30.0,1,False,2026-02-28 08:01:00+00:00,2026-03-01 09:26:00+00:00
479199,Ather Charging Station,19.3057277,84.7817268,Unknown,Odisha,Unknown,Unknown Operator,Not Operational,False,1.100000023841858,1,False,2026-02-28 08:01:00+00:00,2026-03-01 09:26:00+00:00
479198,Ather Grid Charging Station,19.303381,84.79504399999999,Unknown,Odisha,Unknown,Unknown Operator,Operational,True,1.1,1,False,2026-02-28 08:01:00+00:00,2026-03-01 09:26:00+00:00
479197,Tata Power Charging Station,19.2991714,84.83176309999999,Unknown,Odisha,Unknown,Unknown Operator,Operational,True,7.4,1,False,2026-02-28 08:01:00+00:00,2026-03-01 09:26:00+00:00
479196,Maa Tara Tarini Tour And Travels,19.447535,84.591458,Unknown,Odisha,Unknown,Unknown Operator,Operational,True,0.0,1,False,2026-02-28 08:01:00+00:00,2026-03-01 09:26:00+00:00
479195,Electric Vehicle Charging Station,19.180776,84.725327,Unknown,Odisha,Unknown,Unknown Operator,Operational,True,30.0,1,False,2026-02-28 08:01:00+00:00,2026-03-01 09:26:00+00:00
479194,Ather Grid Charging Station,19.26892,84.77745,Unknown,Odisha,Unknown,Unknown Operator,Not Operational,False,1.100000023841858,1,False,2026-02-28 08:01:00+00:00,2026-03-01 09:26:00+00:00
479193,BPCL Charging Station,19.183324,84.727616,Unknown,Odisha,Unknown,Unknown Operator,Operational,True,30.0,1,False,2026-02-28 08:01:00+00:00,2026-03-01 09:26:00+00:00
479192,Ather Grid Charging Station,19.194212,84.61756,Unknown,Odisha,Unknown,Unknown Operator,Operational,True,1.100000023841858,1,False,2026-02-28 08:01:00+00:00,2026-03-01 09:26:00+00:00
479191,Ather Grid Charging Station,18.845465,84.50309999999999,Unknown,Odisha,Unknown,Unknown Operator,Operational,True,1.100000023841858,1,False,2026-02-28 08:01:00+00:00,2026-03-01 09:26:00+00:00
479190,DIMILI VILLAGE,18.8020625,83.9918125,Unknown,Odisha,Unknown,Unknown Operator,Operational,True,0.0,1,False,2026-02-28 08:01:00+00:00,2026-03-01 09:26:00+00:00
479189,Electric Vehicle Charging Station,18.7689167,83.4215387,Unknown,Odisha,Unknown,Unknown Operator,Operational,True,0.0,1,False,2026-02-28 08:01:00+00:00,2026-03-01 09:26:00+00:00
479188,Tata Power Charging Station,18.8582131,82.5899051,Unknown,Odisha,Unknown,Unknown Operator,Operational,True,30.0,1,False,2026-02-28 08:01:00+00:00,2026-03-01 09:26:00+00:00
479187,BPCL Charging Station,18.84732,82.56517099999999,Unknown,Odisha,Unknown,Unknown Operator,Operational,True,30.0,2,False,2026-02-28 08:01:00+00:00,2026-03-01 09:26:00+00:00
479186,Ather Grid Charging Station,18.606024,84.22991499999999,Unknown,Odisha,Unknown,Unknown Operator,Operational,True,1.100000023841858,1,False,2026-02-28 08:01:00+00:00,2026-03-01 09:26:00+00:00
479185,Tata Power Charging Station,18.534753,83.651339,Unknown,Odisha,Unknown,Unknown Operator,Operational,True,30.0,1,False,2026-02-28 08:01:00+00:00,2026-03-01 09:26:00+00:00
479184,okinawa electric scooter,18.5970465,83.7640945,Unknown,Odisha,Unknown,Unknown Operator,Operational,True,0.0,1,False,2026-02-28 08:01:00+00:00,2026-03-01 09:26:00+00:00
479183,Electric Vehicle Charging Station,18.6104394,83.39922849999999,Unknown,Odisha,Unknown,Unknown Operator,Operational,True,0.0,1,False,2026-02-28 08:00:00+00:00,2026-03-01 09:26:00+00:00
479182,Tata Power Charging Station,18.5035093,83.2469705,Unknown,Odisha,Unknown,Unknown Operator,Operational,True,30.0,1,False,2026-02-28 08:00:00+00:00,2026-03-01 09:26:00+00:00
479181,Jio-bp,18.7012078,82.879837,Unknown,Odisha,Unknown,Unknown Operator,Operational,True,7.4,1,False,2026-02-28 08:00:00+00:00,2026-03-01 09:26:00+00:00
479180,Ather Grid Charging Station,18.295933,83.893148,Unknown,Odisha,Unknown,Unknown Operator,Operational,True,1.1,1,False,2026-02-28 08:00:00+00:00,2026-03-01 09:26:00+00:00
479179,Jio-bp pulse Charging Station,18.3262791,83.941268,Unknown,Odisha,Unknown,Unknown Operator,Operational,True,7.4,1,False,2026-02-28 08:00:00+00:00,2026-03-01 09:26:00+00:00
479178,Tata Power Charging Station,18.3243588,83.9391102,Unknown,Odisha,Unknown,Unknown Operator,Operational,True,25.0,1,False,2026-02-28 08:00:00+00:00,2026-03-01 09:26:00+00:00
479177,DK MOTORS,18.3226736,83.893722,Unknown,Odisha,Unknown,Unknown Operator,Operational,True,0.0,1,False,2026-02-28 08:00:00+00:00,2026-03-01 09:26:00+00:00
479176,Urzza Charging Station,18.4243285,84.04802459999999,Unknown,Odisha,Unknown,Unknown Operator,Operational,True,0.0,1,False,2026-02-28 08:00:00+00:00,2026-03-01 09:26:00+00:00
479175,Ather Energy Charging Station,18.309546,83.91882,Unknown,Odisha,Unknown,Unknown Operator,Operational,True,1.100000023841858,1,False,2026-02-28 08:00:00+00:00,2026-03-01 09:26:00+00:00
479174,Voltran Charging Station,18.3004408,83.8711628,Unknown,Odisha,Unknown,Unknown Operator,Operational,True,0.0,1,False,2026-02-28 08:00:00+00:00,2026-03-01 09:26:00+00:00
479173,Jio-bp,18.289378,83.914594,Unknown,Odisha,Unknown,Unknown Operator,Operational,True,7.4,1,False,2026-02-28 08:00:00+00:00,2026-03-01 09:26:00+00:00
479172,Ather Grid Charging Station,18.2791756,83.5261386,Unknown,Odisha,Unknown,Unknown Operator,Operational,True,1.1,1,False,2026-02-28 08:00:00+00:00,2026-03-01 09:26:00+00:00
479171,AtherGrid Charging Station,18.3372038,82.87792549999999,Unknown,Odisha,Unknown,Unknown Operator,Operational,True,1.100000023841858,1,False,2026-02-28 08:00:00+00:00,2026-03-01 09:26:00+00:00
479170,Ather Grid Charging Station,18.3225938,82.8776518,Unknown,Odisha,Unknown,Unknown Operator,Operational,True,1.100000023841858,1,False,2026-02-28 08:00:00+00:00,2026-03-01 09:26:00+00:00
479169,Charzer Charging Station,18.2958652,82.9144748,Unknown,Odisha,Unknown,Unknown Operator,Operational,True,0.0,1,False,2026-02-28 08:00:00+00:00,2026-03-01 09:26:00+00:00
479168,Electric Vehicle Charging Station,18.3137141,82.8937424,Unknown,Odisha,Unknown,Unknown Operator,Operational,True,7.400000095367432,1,False,2026-02-28 08:00:00+00:00,2026-03-01 09:26:00+00:00
479167,Tata Power Charging Station,18.139519,83.617595,Unknown,Odisha,Unknown,Unknown Operator,Operational,True,30.0,1,False,2026-02-28 08:00:00+00:00,2026-03-01 09:26:00+00:00
479166,Jio-bp pulse Charging Station,18.1499177,83.6353106,Unknown,Odisha,Unknown,Unknown Operator,Operational,True,7.4,1,False,2026-02-28 08:00:00+00:00,2026-03-01 09:26:00+00:00
479165,Tata Power Charging Station,18.173032,83.676949,Unknown,Odisha,Unknown,Unknown Operator,Operational,True,30.0,1,False,2026-02-28 08:00:00+00:00,2026-03-01 09:26:00+00:00
479164,JoulePoint Charging Station,18.0418515,83.50972209999999,Unknown,Odisha,Unknown,Unknown Operator,Operational,True,0.0,1,False,2026-02-28 08:00:00+00:00,2026-03-01 09:26:00+00:00
479163,Bolt.Earth Charging Station,18.0203857,83.4020948,Unknown,Odisha,Unknown,Unknown Operator,Operational,True,7.4,1,False,2026-02-28 08:00:00+00:00,2026-03-01 09:26:00+00:00
479162,Ather Grid Charging Station,18.0565007,83.3971128,Unknown,Odisha,Unknown,Unknown Operator,Operational,True,1.100000023841858,1,False,2026-02-28 08:00:00+00:00,2026-03-01 09:26:00+00:00
479161,Electric Vehicle Charging Station,18.0570972,83.39718810000001,Unknown,Odisha,Unknown,Unknown Operator,Operational,True,0.0,1,False,2026-02-28 07:59:00+00:00,2026-03-01 09:26:00+00:00
479160,ParkNConnect Charging Station,18.0928016,83.3884047,Unknown,Odisha,Unknown,Unknown Operator,Operational,True,0.0,1,False,2026-02-28 07:59:00+00:00,2026-03-01 09:26:00+00:00
479159,Ather Grid Charging Station,18.080786,83.38528,Unknown,Odisha,Unknown,Unknown Operator,Operational,True,1.100000023841858,1,False,2026-02-28 07:59:00+00:00,2026-03-01 09:26:00+00:00
479158,Hindustan Petroleum Corporation Limited Charging Station,17.9524227,83.4163581,Unknown,Odisha,Unknown,Unknown Operator,Operational,True,30.0,1,False,2026-02-28 07:59:00+00:00,2026-03-01 09:26:00+00:00
479157,Ather Grid Charging Station,18.0801438,83.38535089999999,Unknown,Odisha,Unknown,Unknown Operator,Operational,True,1.100000023841858,1,False,2026-02-28 07:59:00+00:00,2026-03-01 09:26:00+00:00
479156,Hindustan Petroleum Corporation Limited,17.952420999999998,83.416311,Unknown,Odisha,Unknown,Unknown Operator,Operational,True,0.0,1,False,2026-02-28 07:59:00+00:00,2026-03-01 09:26:00+00:00
479155,Tata Power Charging Station,17.957767699999998,83.1773604,Unknown,Odisha,Unknown,Unknown Operator,Operational,True,30.0,1,False,2026-02-28 07:59:00+00:00,2026-03-01 09:26:00+00:00
479154,Ather Grid Charging Station,18.116682,83.13772,Unknown,Odisha,Unknown,Unknown Operator,Operational,True,1.100000023841858,1,False,2026-02-28 07:59:00+00:00,2026-03-01 09:26:00+00:00
478918,Royal Drive EVCS,8.503495480028349,76.91166164075435,Venpalavattom,Kerala,695001,GO EC (IN),Operational,True,80.0,2,True,2026-02-25 18:12:00+00:00,2026-02-25 18:12:00+00:00
478917,Poovar PNT EVCS,8.315968832633814,77.09035464903081,Kulathoor,Kerala,695506,GO EC (IN),Operational,True,80.0,3,True,2026-02-25 18:09:00+00:00,2026-02-25 18:09:00+00:00
478916,Ayyappa EVCS,9.478662771564018,76.84487199188538,Erumely,Kerala,686509,GO EC (IN),Operational,True,30.0,3,True,2026-02-25 18:06:00+00:00,2026-02-25 18:06:00+00:00
478915,Adimali Rangers,10.014144203609249,76.94382996626405,Adimali,Kerala,685561,GO EC (IN),Operational,True,80.0,2,True,2026-02-25 18:03:00+00:00,2026-02-25 18:03:00+00:00
478914,Hill View EVCS,10.069936650612604,77.0609419438648,Munnar,Kerala,685612,GO EC (IN),Operational,True,90.0,2,True,2026-02-25 18:01:00+00:00,2026-02-25 18:01:00+00:00
478913,Cargo Auto Hub EVCS,9.702761974968482,76.72119375310945,Bharananganam,Kerala,686578,GO EC (IN),Operational,True,90.0,2,True,2026-02-25 17:59:00+00:00,2026-02-25 17:59:00+00:00
478912,Minerva EVCS,9.69257642934194,76.5596900481155,Ettumanoor,Kerala,686631,GO EC (IN),Operational,True,60.0,2,True,2026-02-25 17:56:00+00:00,2026-02-25 17:56:00+00:00
478911,Savoi Complex EVCS,9.86134074552723,76.59599011191699,Koothattukulam,Kerala,686662,GO EC (IN),Operational,True,80.0,2,True,2026-02-25 17:53:00+00:00,2026-02-25 17:53:00+00:00
478910,Haridwar EVCS,9.872065277160488,76.5961145873373,Koothattukulam,Kerala,686662,GO EC (IN),Operational,True,60.0,4,True,2026-02-25 17:51:00+00:00,2026-02-25 17:51:00+00:00
478909,Pattakulam EV Super Charging Station,10.058637624098736,76.65237791798609,Kothamangalam,Kerala,686666,GO EC (IN),Operational,True,90.0,2,True,2026-02-25 17:49:00+00:00,2026-02-25 17:49:00+00:00
478908,Eco Park EVCS,10.068236156628489,76.38681352633876,Pukkattupady,Kerala,683561,GO EC (IN),Operational,True,80.0,2,True,2026-02-25 17:44:00+00:00,2026-02-25 17:44:00+00:00
478907,Yash Square EVCS,10.110574970248052,76.3728727396483,Aluva,Kerala,983105,GO EC (IN),Operational,True,60.0,2,True,2026-02-25 17:42:00+00:00,2026-02-25 17:42:00+00:00
478906,Ie.On EVCS,10.08867026769022,76.42441988441647,Vazhakkulam,Kerala,683112,GO EC (IN),Operational,True,90.0,2,True,2026-02-25 17:40:00+00:00,2026-02-25 17:40:00+00:00
478905,JP Complex EVCS,10.111540536058044,76.47892756655858,Perumbavoor,Kerala,683500,GO EC (IN),Operational,True,80.0,2,True,2026-02-25 17:37:00+00:00,2026-02-25 17:37:00+00:00
478904,Electro Spark EVCS,10.163080637651008,76.48721724799293,Perumbavoor,Kerala,683543,GO EC (IN),Operational,True,90.0,2,True,2026-02-25 17:35:00+00:00,2026-02-25 17:35:00+00:00
478903,Smartvolt EVCS,10.168792563403002,76.4347441321296,Kalady,Kerala,683550,GO EC (IN),Operational,True,60.0,2,True,2026-02-25 17:32:00+00:00,2026-02-25 17:32:00+00:00
478902,Chendamangalam Combined Energy,10.16452076216052,76.23328993057385,Chendamangalam,Kerala,683512,GO EC (IN),Operational,True,30.0,2,True,2026-02-25 17:29:00+00:00,2026-02-25 17:30:00+00:00
478901,Ideal EV Super Charging Station,10.149223784894389,76.22650589996533,North Paravur,Kerala,683513,GO EC (IN),Operational,True,80.0,2,True,2026-02-25 17:24:00+00:00,2026-02-25 17:24:00+00:00
478900,rajeEVam EVCS,10.203141262774878,76.20040094604155,Kodungallur,Kerala,680669,GO EC (IN),Operational,True,60.0,4,True,2026-02-25 17:21:00+00:00,2026-02-25 17:21:00+00:00
478898,Chavakkad Golden Tower EVCS,10.64297240272117,75.98558047526978,Punnayur,Kerala,680516,GO EC (IN),Operational,True,80.0,2,True,2026-02-25 17:15:00+00:00,2026-02-25 17:15:00+00:00
478897,Guruvayoor Sreeja EVCS,10.593309833570416,76.03739687984421,Guruvayur,Kerala,680101,GO EC (IN),Operational,True,90.0,2,True,2026-02-25 17:10:00+00:00,2026-02-25 17:10:00+00:00
478896,Swathi EVCS,10.611860183538624,76.68416479299663,Kollengode,Kerala,678506,GO EC (IN),Operational,True,30.0,1,True,2026-02-25 17:07:00+00:00,2026-02-25 17:07:00+00:00
478895,Hi - Span EVCS,10.819635717471757,76.8101969101815,Pampampallam,Kerala,678624,GO EC (IN),Operational,True,80.0,3,True,2026-02-25 17:04:00+00:00,2026-02-25 17:04:00+00:00
478894,Page EVCS,10.901221324645904,75.92541639232945,Tirur,Kerala,676101,GO EC (IN),Operational,True,80.0,3,True,2026-02-25 16:48:00+00:00,2026-02-25 16:48:00+00:00
478893,Dilkush EVCS,11.179791935422458,75.87213471284201,Ramanattukara,Kerala,673633,GO EC (IN),Operational,True,60.0,2,True,2026-02-25 16:44:00+00:00,2026-02-25 16:44:00+00:00
478892,Calicut Malabar Gold HQ EVCS,11.280481991240876,75.87910483208498,Peruvayal,Kerala,673008,GO EC (IN),Operational,True,30.0,2,True,2026-02-25 16:38:00+00:00,2026-02-25 16:38:00+00:00
478891,Kunnamangalam Little Flower EVCS,11.29802224355133,75.85300038713615,Chelavoor,Kerala,673005,GO EC (IN),Operational,True,90.0,2,True,2026-02-25 16:35:00+00:00,2026-02-25 16:35:00+00:00
478890,Lulu Mall EVCS,11.240854622601075,75.80269852324648,Govindapuram,Kerala,673007,GO EC (IN),Operational,True,60.0,5,True,2026-02-25 16:32:00+00:00,2026-02-25 17:26:00+00:00
478888,Iris Mall EVCS,11.446248437657204,75.83307969273824,Balusseri,Kerala,673612,GO EC (IN),Operational,True,80.0,4,True,2026-02-25 16:23:00+00:00,2026-02-25 16:23:00+00:00
478887,Elektron EVCS,11.5512536877674,75.74625710699922,Perambra,Kerala,673524,GO EC (IN),Operational,True,60.0,3,True,2026-02-25 16:19:00+00:00,2026-02-25 16:19:00+00:00
478886,Power Drive EV Supercharging Station,11.88139916175274,75.50131377392029,Anjarakandy,Kerala,670613,GO EC (IN),Operational,True,60.0,3,True,2026-02-25 16:11:00+00:00,2026-02-25 16:11:00+00:00
478885,Sreekandapuram Samudra EVCS,12.042528332541051,75.50983363960029,Sreekandapuram,Kerala,670631,GO EC (IN),Operational,True,60.0,2,True,2026-02-25 16:04:00+00:00,2026-02-25 16:04:00+00:00
478884,Tamar Cafe,12.606281841440776,74.93843823993836,Kumbla,Kerala,621321,GO EC (IN),Operational,True,30.0,1,True,2026-02-25 14:29:00+00:00,2026-02-25 14:29:00+00:00
478883,Sheraton Grand Chennai Resort,12.744285810719331,80.23928129928231,Chennai,Tamil Nadu,Unknown,Chargezone (India),Operational,True,60.0,2,True,2026-02-25 14:02:00+00:00,2026-02-25 14:02:00+00:00
478882,Four Points By Sheraton,12.613079212258144,80.16879623508567,Mahabalipuram,Tamil Nadu,603104,Chargezone (India),Operational,True,60.0,2,True,2026-02-25 13:59:00+00:00,2026-02-25 13:59:00+00:00
478881,Pondur - Oragadam,12.9274339889228,79.93416222500605,Sriperumbudur,Tamil Nadu,602105,Chargezone (India),Operational,True,240.0,4,True,2026-02-25 13:55:00+00:00,2026-02-25 13:55:00+00:00
478880,Fairfield By Marriott,12.932607263975813,79.90581636365982,Sriperumbudur,Tamil Nadu,602106,Chargezone (India),Operational,True,60.0,2,True,2026-02-25 13:53:00+00:00,2026-02-25 13:53:00+00:00
478879,Hotel Seasons,12.258660691700726,79.06838859499601,Tiruvannamalai,Tamil Nadu,606604,Chargezone (India),Operational,True,30.0,2,True,2026-02-25 13:49:00+00:00,2026-02-25 13:49:00+00:00
478878,Sugam Hospitality,11.812845967903256,79.41801965083755,Arasur,Tamil Nadu,Unknown,Chargezone (India),Operational,True,240.0,4,True,2026-02-25 13:47:00+00:00,2026-02-25 13:47:00+00:00
478877,Ashva Hyundai,11.26305138193004,78.89741317551022,Elambalur,Tamil Nadu,621220,Chargezone (India),Operational,True,60.0,2,True,2026-02-25 13:45:00+00:00,2026-02-25 13:45:00+00:00
478876,Kovai Hyundai,11.648355238581187,78.12020883197545,Salem,Tamil Nadu,636002,Chargezone (India),Operational,True,60.0,2,True,2026-02-25 13:42:00+00:00,2026-02-25 13:42:00+00:00
478875,Lotus Hyundai,11.045483552313344,76.98578975061423,Coimbatore,Tamil Nadu,641001,Chargezone (India),Operational,True,60.0,2,True,2026-02-25 13:39:00+00:00,2026-02-25 13:39:00+00:00
478874,Vetri Hyundai,10.74085676932485,79.10755813243168,Thanjavur,Tamil Nadu,208263,Chargezone (India),Operational,True,60.0,2,True,2026-02-25 13:33:00+00:00,2026-02-25 13:33:00+00:00
478873,Courtyard By Marriott,10.804353216764468,78.67725322133538,Tiruchirappalli,Tamil Nadu,620003,Chargezone (India),Operational,True,60.0,2,True,2026-02-25 13:31:00+00:00,2026-02-25 13:31:00+00:00
478872,Oxina Hyundai,10.79120739742136,78.65778447767138,Tiruchirappalli,Tamil Nadu,620012,Chargezone (India),Operational,True,60.0,2,True,2026-02-25 13:28:00+00:00,2026-02-25 13:28:00+00:00
478871,Surya's Veggie Restaurant,10.560668956103342,78.32180842129367,Vaiyampatti,Tamil Nadu,Unknown,Chargezone (India),Operational,True,30.0,2,True,2026-02-25 13:25:00+00:00,2026-02-25 13:25:00+00:00
478870,Sree Karpagamoorthy Automobiles,10.070078412437482,78.72750457905886,Karaikudi,Tamil Nadu,623001,Chargezone (India),Operational,True,120.0,2,True,2026-02-25 13:21:00+00:00,2026-02-25 13:21:00+00:00
478869,Veepees Bistro And Cafè,9.817119728793584,77.97834106844039,Tirumangalam,Tamil Nadu,626706,Chargezone (India),Operational,True,60.0,2,True,2026-02-25 13:16:00+00:00,2026-02-25 13:16:00+00:00
478868,M. S. Shanmuganadar Mattai Kadai,9.300003538238656,77.91565810874727,Mettupatti,Tamil Nadu,Unknown,Chargezone (India),Operational,True,30.0,2,True,2026-02-25 13:12:00+00:00,2026-02-25 13:12:00+00:00
478867,Popular Hyundai,10.502420240994908,76.2579822603825,Thrissur,Kerala,680751,Chargezone (India),Operational,True,60.0,2,True,2026-02-25 12:59:00+00:00,2026-02-25 12:59:00+00:00
478866,Indus EV Charging,12.259156611678948,75.1505298833124,Nileshwaram,Kerala,670314,Chargezone (India),Operational,True,60.0,5,True,2026-02-25 12:55:00+00:00,2026-02-25 12:55:00+00:00
478865,JBS Bistro Cafe,8.540251135444834,77.6695171019943,Tirunelveli,Tamil Nadu,Unknown,ChargeMod (IN),Operational,True,30.0,2,False,2026-02-25 12:50:00+00:00,2026-02-25 12:50:00+00:00
478864,Hydra Charging Station,10.71722242604902,77.55621379831837,Dharapuram,Tamil Nadu,Unknown,ChargeMod (IN),Operational,True,60.0,2,True,2026-02-25 12:45:00+00:00,2026-02-25 12:45:00+00:00
478863,Hydra Charging Station,10.996757801064945,77.00865211137602,Singallur,Tamil Nadu,661005,ChargeMod (IN),Operational,True,60.0,2,True,2026-02-25 12:42:00+00:00,2026-02-25 12:42:00+00:00
478862,Hydra Charging,11.052857748144802,76.94583684438237,Coimbatore,Tamil Nadu,641001,ChargeMod (IN),Operational,True,60.0,1,True,2026-02-25 12:39:00+00:00,2026-02-25 12:39:00+00:00
478861,Hydra Charging Station,11.318649525285707,76.92080873008081,Mettupalayam,Tamil Nadu,641305,ChargeMod (IN),Operational,True,30.0,1,True,2026-02-25 12:37:00+00:00,2026-02-25 12:37:00+00:00
478860,Cherumattathil Agencies,9.910471285998,76.36446384088367,Udayamperoor,Kerala,682305,ChargeMod (IN),Operational,True,30.0,1,True,2026-02-25 12:32:00+00:00,2026-02-25 12:32:00+00:00
478859,Keys Select Kochi,9.93319162075302,76.30004944680684,Kochi,Kerala,682013,ChargeMod (IN),Operational,True,60.0,1,True,2026-02-25 12:26:00+00:00,2026-02-25 12:26:00+00:00
478858,Lemon Tree Vembanad Lake Resort,9.619244355956296,76.37218582016601,Muhamma,Kerala,688525,ChargeMod (IN),Not Operational,False,60.0,2,True,2026-02-25 12:24:00+00:00,2026-02-25 12:24:00+00:00
478857,Key Select Thiruvananthapuram,8.494716714177173,76.95231017696483,Thiruvananthapuram,Kerala,695001,ChargeMod (IN),Operational,True,30.0,1,True,2026-02-25 12:21:00+00:00,2026-03-16 12:57:00+00:00
478856,Lemon Tree Hotel,8.493284029472079,76.95731609551763,Unknown,Kerala,695001,ChargeMod (IN),Operational,True,30.0,1,True,2026-02-25 12:19:00+00:00,2026-03-16 12:56:00+00:00
478855,KKOH,8.194502907329976,77.39441636405729,Nagercoil,Tamil Nadu,629003,ChargeMod (IN),Operational,True,60.0,2,False,2026-02-25 12:10:00+00:00,2026-02-25 12:14:00+00:00
478854,Regen Energy,10.666222948787706,76.11344399451855,Kechery,Kerala,680604,ChargeMod (IN),Operational,True,80.0,2,True,2026-02-25 11:56:00+00:00,2026-02-25 11:56:00+00:00
478520,Driftnatuon Food Court NH44,16.814493844888574,78.14832853615515,Unknown,Telangana,509242,Chargezone (India),Operational,True,60.0,2,True,2026-02-21 07:37:00+00:00,2026-02-21 07:38:00+00:00
478519,Driftnation Food Court NH44,16.81475506843826,78.14840023044755,Unknown,Telangana,509242,JIO BP Pulse (India),Operational,True,60.0,2,True,2026-02-21 07:35:00+00:00,2026-02-21 07:39:00+00:00
478491,SK Volt Hub Kovoor,11.268432385552984,75.83115597227672,Kozhikode,Kerala,673014,Zeon Charging,Operational,True,60.0,2,True,2026-02-20 11:55:00+00:00,2026-02-20 12:00:00+00:00
477284,NE-4 KFC Parking,27.73556257243409,76.98387710828884,Unknown,Haryana,Unknown,Statiq (IN),Operational,True,120.0,2,True,2026-02-12 14:16:00+00:00,2026-02-13 14:35:00+00:00
475941,Hotel Highway King,26.83003059112643,75.57120343985028,Unknown,Rajasthan,303007,Statiq (IN),Operational,True,60.0,4,True,2026-02-11 07:40:00+00:00,2026-02-13 14:35:00+00:00
475886,Old Rao Hotel,26.63638296566327,75.10221733386027,Dudu,Rajasthan,Unknown,Adani Gas-EV (TR),Operational,True,30.0,2,True,2026-02-10 07:58:00+00:00,2026-02-13 08:02:00+00:00
475875,Earthtron EV,27.56255202357048,76.07508906161235,Paota,Rajasthan,303106,EarthtronEV (IN),Operational,True,30.0,2,True,2026-02-10 04:38:00+00:00,2026-02-13 14:35:00+00:00
475873,Mannat,27.56240731948739,76.07497800868437,Paota,Rajasthan,303106,Charge_iN by Mahindra,Operational,True,180.0,4,True,2026-02-10 04:36:00+00:00,2026-02-13 14:35:00+00:00
475680,Amrai Resort,17.63735818944548,74.01217807085504,Satara,Maharashtra,Unknown,Chargezone (India),Operational,True,60.0,3,True,2026-02-08 09:58:00+00:00,2026-04-09 13:03:00+00:00
475673,Tata.Ev Vapi,20.38011025856339,72.9144548806346,Vapi,Gujarat,Unknown,Chargezone (India),Operational,True,120.0,2,True,2026-02-08 09:24:00+00:00,2026-02-08 09:24:00+00:00
475671,BPCL EV Dharamshala Road,32.21450538531376,76.31693962970235,Dharamshala,Himachal Pradesh,176200,eDrive BPCL (IN),Operational,True,60.0,2,True,2026-02-08 09:16:00+00:00,2026-02-08 09:16:00+00:00
475660,Bundelkhand Expressway 188 Km Rest Area,26.33694245728,79.37007254737911,Unknown,Uttar Pradesh,Unknown,Adani Gas-EV (TR),Operational,True,240.0,7,True,2026-02-08 06:47:00+00:00,2026-02-11 06:52:00+00:00
475659,Bundelkhand Expressway Chitrakoot Toll,25.25244456439633,80.74364419320561,Unknown,Uttar Pradesh,210202,Adani Gas-EV (TR),Operational,True,240.0,6,True,2026-02-08 04:06:00+00:00,2026-02-11 04:06:00+00:00
475550,JIO-BP Pulse,18.82290770769148,78.32172267909633,Armoor,Telangana,503200,JIO BP Pulse (India),Operational,True,60.0,1,True,2026-02-07 05:08:00+00:00,2026-02-10 05:11:00+00:00
475512,NH44,15.886334147441591,78.01636638843978,Unknown,Telangana,509128,Chargezone (India),Operational,True,240.0,6,True,2026-02-06 07:46:00+00:00,2026-02-09 07:47:00+00:00
475401,Sai Restaurant & Cafe,17.22435243142344,74.18016473328942,Narayanwadi,Maharashtra,Unknown,Zeon Charging,Operational,True,60.0,2,True,2026-02-02 00:50:00+00:00,2026-02-02 00:50:00+00:00
475337,Ishyu Restaurant Jetcharge,24.89141834594497,75.96482113417042,Unknown,Rajasthan,Unknown,eDrive BPCL (IN),Operational,True,120.0,2,True,2026-02-01 14:21:00+00:00,2026-02-01 14:21:00+00:00
474598,Al Ameemi Fast Charging Station,12.105660473422844,75.21173432031628,Payyanur,Kerala,671350,ChargeMod (IN),Operational,True,40.0,2,True,2026-01-23 12:49:00+00:00,2026-01-23 12:49:00+00:00
474596,EQ TP Power | Vellur,12.149897992825927,75.2126366440724,Vellur,Kerala,670307,ChargeMod (IN),Operational,True,30.0,1,True,2026-01-23 12:46:00+00:00,2026-01-23 12:46:00+00:00
474595,EQ Sprinkle EVCS | Thaliparamba,12.048654635370426,75.34628006166724,Thaliparamba,Kerala,670143,ChargeMod (IN),Operational,True,40.0,2,True,2026-01-23 12:44:00+00:00,2026-01-23 12:44:00+00:00
474594,Chirakkal Bank EVCS,11.91670441912386,75.35830443320492,Chirakkal,Kerala,670022,ChargeMod (IN),Operational,True,30.0,1,True,2026-01-23 12:42:00+00:00,2026-01-23 12:42:00+00:00
474593,VAN-V | EVOK | Panamaram,11.72574709855104,76.07767336604513,Panamaram,Kerala,673124,ChargeMod (IN),Operational,True,60.0,2,True,2026-01-23 12:38:00+00:00,2026-01-23 12:38:00+00:00
474592,JetEV Nest Developers | Kambalakkad,11.6678126676712,76.07946996948226,Kamabalakkad,Kerala,673122,ChargeMod (IN),Operational,True,30.0,1,True,2026-01-23 12:36:00+00:00,2026-01-23 12:36:00+00:00
474589,Ecozone EVCS | Ulliyeri,11.446514859247143,75.77262022445586,Ulliyeri,Kerala,673315,ChargeMod (IN),Operational,True,30.0,1,True,2026-01-23 12:29:00+00:00,2026-01-23 12:29:00+00:00
474585,Kairali EVCS | Vengalam,11.364746011174972,75.73944992877182,Vengalam,Kerala,673318,ChargeMod (IN),Operational,True,60.0,2,True,2026-01-23 12:13:00+00:00,2026-01-23 12:13:00+00:00
474584,EVM Citroen Calicut,11.30428542732038,75.75957892280337,Kozhikode,Kerala,673005,ChargeMod (IN),Operational,True,30.0,1,True,2026-01-23 12:06:00+00:00,2026-01-23 12:06:00+00:00
474582,Shakti | EVOK Charging Hub,11.257841246701844,75.81018791903341,Kozhikode,Kerala,673016,ChargeMod (IN),Operational,True,90.0,2,True,2026-01-23 12:03:00+00:00,2026-01-23 12:03:00+00:00
474580,EcoVolt EVCS | EVOK | Pantheerankavu,11.235354677733028,75.84566829942764,Pantheerankavu,Kerala,673027,ChargeMod (IN),Operational,True,60.0,2,True,2026-01-23 12:01:00+00:00,2026-01-23 12:01:00+00:00
474578,Bisluck Energy EVCS | Vattaparamba,11.16434134008496,75.96400736946612,Edavannappara,Kerala,673648,ChargeMod (IN),Operational,True,60.0,2,True,2026-01-23 11:57:00+00:00,2026-01-23 11:57:00+00:00
474576,Elite EVOK Charging Hub | Perinthalmanna,10.97774960516776,76.242862885499,Perinthalmanna,Kerala,679322,ChargeMod (IN),Operational,True,60.0,2,True,2026-01-23 11:52:00+00:00,2026-01-23 11:52:00+00:00
474575,Sam EVCV | Perinthalmanna,10.95035814349646,76.16323671441523,Parinthalmanna,Kerala,679338,ChargeMod (IN),Operational,True,20.0,1,True,2026-01-23 11:49:00+00:00,2026-01-23 11:49:00+00:00
474574,BP Angadi | EVOK | Tirur,10.88631362374086,75.93057433099898,Tirur,Kerala,676101,ChargeMod (IN),Operational,True,30.0,1,True,2026-01-23 11:46:00+00:00,2026-01-23 11:48:00+00:00
474573,EVee Buddy | Town Plug EVCS | Palakkad,10.76489386251312,76.65199428138283,Palakkad,Kerala,678001,ChargeMod (IN),Operational,True,30.0,1,True,2026-01-23 11:32:00+00:00,2026-01-23 11:32:00+00:00
474571,EVMOD EVCS | Pudussery,10.796990864937015,76.76440925644602,Kanjikode,Kerala,678621,ChargeMod (IN),Operational,True,60.0,2,True,2026-01-23 11:30:00+00:00,2026-01-23 11:30:00+00:00
474570,EVDay EVCS | Ottappalam | Manissery,10.777715299374591,76.34122770419708,Ottappalam,Kerala,679522,ChargeMod (IN),Operational,True,45.0,2,True,2026-01-23 11:27:00+00:00,2026-01-23 11:27:00+00:00
474568,K4 EV Fast Charging Station,10.705220458256877,76.0892676022388,Kunnamkulam,Kerala,680519,ChargeMod (IN),Operational,True,60.0,2,True,2026-01-23 11:24:00+00:00,2026-02-20 15:45:00+00:00
474567,VKJ | Flash Charge EVCS | Chettuva,10.521423220390917,76.05127900964453,Chettuva,Kerala,680569,ChargeMod (IN),Operational,True,60.0,2,True,2026-01-23 11:21:00+00:00,2026-01-23 11:21:00+00:00
474565,Duke Communications | Pazhuvil,10.416437872608014,76.1536747860506,Pazhuvil,Kerala,680565,ChargeMod (IN),Operational,True,30.0,1,True,2026-01-23 11:19:00+00:00,2026-01-23 11:19:00+00:00
474564,Amigo EV Charge Hub | Marygiri | Vadakkenchery,10.584055517894868,76.4358174230016,Vadakkenchery,Kerala,678683,ChargeMod (IN),Operational,True,30.0,1,True,2026-01-23 11:16:00+00:00,2026-01-23 11:16:00+00:00
474563,Turbo EV Charge Hub | Mannuthi Bypass,10.528605753564008,76.25562112844545,Mannuthi,Kerala,680655,ChargeMod (IN),Operational,True,40.0,2,True,2026-01-23 11:11:00+00:00,2026-01-23 11:11:00+00:00
474562,EVOK Charging Hub | Mannuthy,10.539559645990693,76.253916842178,Mannuthi,Kerala,680657,ChargeMod (IN),Operational,True,30.0,1,True,2026-01-23 11:09:00+00:00,2026-01-23 11:09:00+00:00
474561,M Star EVCS | Koorkenchery,10.511219802362843,76.21322686637518,Thrissur,Kerala,680021,ChargeMod (IN),Operational,True,50.0,2,True,2026-01-23 11:07:00+00:00,2026-01-23 11:07:00+00:00
474560,Irrai EVCS | Chalakka,10.155044701593752,76.28093391543848,Chalakka,Kerala,683524,ChargeMod (IN),Operational,True,30.0,1,True,2026-01-23 10:35:00+00:00,2026-01-23 10:35:00+00:00
474559,SK EVCS | Kizhakkambalam,10.036476395229997,76.41865034222911,Kizhakkambalam,Kerala,683562,ChargeMod (IN),Operational,True,60.0,3,True,2026-01-23 10:32:00+00:00,2026-02-13 02:56:00+00:00
474558,Jayalakshmi Silks EVCS | CAPGO | Vennala,10.003945576726636,76.3133535047184,Vennala,Kerala,682025,ChargeMod (IN),Operational,True,60.0,4,True,2026-01-23 10:22:00+00:00,2026-01-23 10:22:00+00:00
474557,Sunvolt DLF Riverside | Vyttila,9.95922402244898,76.31419020501517,Vyttila,Kerala,682019,ChargeMod (IN),Operational,True,30.0,1,True,2026-01-23 10:17:00+00:00,2026-01-23 10:17:00+00:00
474556,Flash EVCS | Kundannoor,9.938719980937565,76.31830915617024,Kundannoor,Kerala,682304,ChargeMod (IN),Operational,True,30.0,1,True,2026-01-23 10:15:00+00:00,2026-01-23 10:15:00+00:00
474555,Adithya Shree EVCS | Ponnamveli,9.74323198081818,76.31942862417168,Cherthala,Kerala,688532,ChargeMod (IN),Operational,True,30.0,2,True,2026-01-23 10:12:00+00:00,2026-01-23 10:12:00+00:00
474554,EVee Buddy | Mangalath EVCS | Mangalathunada,10.016772858051835,76.50315706545018,Kolenchery,Kerala,686689,ChargeMod (IN),Operational,True,30.0,1,True,2026-01-23 10:10:00+00:00,2026-01-23 10:10:00+00:00
474553,Kavalangad Service Bank EVCS | EVOK,10.059068578217918,76.68397959284152,Nellimattom,Kerala,686693,ChargeMod (IN),Operational,True,60.0,2,True,2026-01-23 10:07:00+00:00,2026-01-23 10:07:00+00:00
474552,EVOK Charging Station | Meenkunnam,9.935613467019522,76.57550196671468,Meenkunnam,Kerala,686672,ChargeMod (IN),Operational,True,30.0,1,True,2026-01-23 10:05:00+00:00,2026-01-23 10:05:00+00:00
474550,EVee Buddy | Vedas Energy EVCS | Ramapuram,9.796182731293456,76.66330810978661,Ramapuram,Kerala,686576,ChargeMod (IN),Operational,True,80.0,2,True,2026-01-23 09:55:00+00:00,2026-01-23 09:55:00+00:00
474549,Qwik Volt EVCS | Kothanalloor,9.718846765722049,76.52517369004113,Ettumanoor,Kerala,686632,ChargeMod (IN),Operational,True,90.0,2,True,2026-01-23 09:52:00+00:00,2026-01-23 09:52:00+00:00
474548,Nest Homestay EVOK | Adimali,10.017257943716489,77.00066031382221,Adimali,Kerala,685565,ChargeMod (IN),Operational,True,30.0,1,True,2026-01-23 09:49:00+00:00,2026-01-23 09:49:00+00:00
474547,EVee Buddy | Everest Hotel | Idukki,9.847466205348368,76.9809564366526,Idukki,Kerala,685602,ChargeMod (IN),Operational,True,30.0,1,True,2026-01-23 09:46:00+00:00,2026-01-23 09:46:00+00:00
474546,Flash Charge EVCS | Kattappana,9.750837650469537,77.10918575774053,Kattappana,Kerala,685508,ChargeMod (IN),Operational,True,30.0,1,True,2026-01-23 09:40:00+00:00,2026-01-23 09:40:00+00:00
474545,Flash Charge EVCS | Vagamon,9.688898073953794,76.90444842810166,Vagamon,Kerala,685503,ChargeMod (IN),Operational,True,20.0,1,True,2026-01-23 09:38:00+00:00,2026-01-23 09:38:00+00:00
474544,EV Point EVCS | Pala,9.71975234535428,76.69166294010688,Pala,Kerala,686575,ChargeMod (IN),Operational,True,60.0,2,True,2026-01-23 09:35:00+00:00,2026-01-23 09:35:00+00:00
474543,EQ ChargeMate | Naalumanikkattu,9.606083638734518,76.57615046762476,Manarcadu,Kerala,686019,ChargeMod (IN),Operational,True,40.0,2,True,2026-01-23 09:33:00+00:00,2026-01-23 09:33:00+00:00
474542,Sihla Energy EVCS | Pathanadu,9.50967457321012,76.69336074121975,Pathanadu,Kerala,686542,ChargeMod (IN),Operational,True,60.0,2,True,2026-01-23 09:29:00+00:00,2026-01-23 09:29:00+00:00
474541,EQ Charis EVCS | Cheeranchira,9.478424884249108,76.56147986042515,Changanassery,Kerala,686106,ChargeMod (IN),Operational,True,30.0,1,True,2026-01-23 09:26:00+00:00,2026-01-23 09:26:00+00:00
474540,Iongrid | Thuruthy,9.473794270373643,76.52851437737809,Changanasseri,Kerala,686535,ChargeMod (IN),Operational,True,90.0,2,True,2026-01-23 09:22:00+00:00,2026-01-23 09:22:00+00:00
474539,Zap N Go,9.4177052402365,76.48812051007178,Kuttanadu,Kerala,689595,ChargeMod (IN),Operational,True,60.0,2,True,2026-01-23 09:19:00+00:00,2026-02-28 18:57:00+00:00
474538,EVOK Charging Station | Thiruvalla,9.357343562392998,76.59062444761048,Thiruvalla,Kerala,689106,ChargeMod (IN),Operational,True,80.0,2,True,2026-01-23 09:13:00+00:00,2026-01-23 09:13:00+00:00
474478,Anupama EVCS | Pathiyoor,9.211019140228416,76.50314274183074,Pathiyoor,Kerala,690508,ChargeMod (IN),Operational,True,30.0,1,True,2026-01-22 14:24:00+00:00,2026-01-22 14:24:00+00:00
474477,EQ Kalayil EVCS | Adoor,9.147193176115792,76.73240138590631,Adoor,Kerala,691523,ChargeMod (IN),Operational,True,30.0,1,True,2026-01-22 14:21:00+00:00,2026-01-22 14:21:00+00:00
474476,Throw In Foodcourt | Karunagappalli,9.067236462385123,76.53588535115716,Karunagappalli,Kerala,690518,ChargeMod (IN),Operational,True,30.0,1,True,2026-01-22 14:16:00+00:00,2026-01-22 14:16:00+00:00
474475,Best EVCS | Karunagappalli,9.046108945574415,76.5366839442604,Karunagapally,Kerala,690518,ChargeMod (IN),Operational,True,30.0,1,True,2026-01-22 14:11:00+00:00,2026-01-22 14:11:00+00:00
474474,Panamthodil Bakers | Chavara,8.983229974793687,76.53477039800418,Chavara,Kerala,698582,ChargeMod (IN),Operational,True,90.0,2,True,2026-01-22 14:09:00+00:00,2026-01-22 14:09:00+00:00
474472,Pontoor EVCS | Fill Nxt | Kunnicode,9.026472181320996,76.851901085588,Kunnicode,Kerala,691322,ChargeMod (IN),Operational,True,30.0,1,True,2026-01-22 14:06:00+00:00,2026-01-22 14:06:00+00:00
474471,Gilgal EVCS | Fill Nxt | Valakom,8.962957682899102,76.83555763990444,Valakom,Kerala,691532,ChargeMod (IN),Operational,True,30.0,2,True,2026-01-22 14:03:00+00:00,2026-01-22 14:03:00+00:00
474470,M Square EVOK | Kureepuzha,8.921314624972311,76.57636971126544,Kollam,Kerala,691319,ChargeMod (IN),Operational,True,50.0,2,True,2026-01-22 13:59:00+00:00,2026-01-22 13:59:00+00:00
474467,JKV Powern Hub EVCS | Palayam,8.500476045362007,76.95228964181433,Thiruvananthapuram,Kerala,695001,ChargeMod (IN),Operational,True,90.0,2,True,2026-01-22 13:44:00+00:00,2026-01-22 13:44:00+00:00
474465,Chandra EVCS | Pettah,8.494429796646727,76.93007271012243,Thiruvananthapuram,Kerala,695001,ChargeMod (IN),Operational,True,45.0,1,True,2026-01-22 13:40:00+00:00,2026-01-22 13:40:00+00:00
474464,Illam Chacka,8.491842863574092,76.9201682008487,Thriuvananthapuram,Kerala,695024,ChargeMod (IN),Operational,True,80.0,2,True,2026-01-22 13:38:00+00:00,2026-01-22 13:38:00+00:00
474463,EV Park ECVS Kazhakkoottam | Karthika Park Hotel,8.572651965073888,76.87040125713293,Thiruvananthapuram,Kerala,695001,ChargeMod (IN),Operational,True,90.0,2,True,2026-01-22 13:25:00+00:00,2026-01-22 13:25:00+00:00
474462,EQ Future Mobility Thakkaram,8.578585530292187,76.86647624850741,Thiruvananthapuram,Kerala,695001,ChargeMod (IN),Operational,True,20.0,1,True,2026-01-22 13:22:00+00:00,2026-01-22 15:00:00+00:00
474366,Rest Area Mumbai - Vadodara Expressway,22.170156061343988,73.08761282093997,Saraswani,Gujarat,Unknown,eDrive BPCL (IN),Operational,True,30.0,2,True,2026-01-19 15:25:00+00:00,2026-01-20 02:41:00+00:00
474365,NE4 Eest Area Saraswani,22.18022593297984,73.08990857907611,Saraswani,Gujarat,Unknown,eDrive BPCL (IN),Operational,True,30.0,2,True,2026-01-19 15:24:00+00:00,2026-01-20 02:41:00+00:00
474364,Hotel Empire ChargeZone,20.740672958672647,73.0356012014945,Chikhli,Gujarat,396521,Chargezone (India),Operational,True,60.0,2,True,2026-01-19 14:30:00+00:00,2026-01-20 02:41:00+00:00
474363,Home,26.6975,91.8512,Hailakandi,Assam,788151,Unknown Operator,Operational,True,24.0,1,False,2026-01-19 14:28:00+00:00,2026-01-22 14:29:00+00:00
474191,Viraj Junction EFill EVCS,16.536666790073667,74.31995764262308,Nh48,Karnataka,591229,Tata Power,Operational,True,60.0,2,True,2026-01-15 06:32:00+00:00,2026-01-18 06:37:00+00:00
473117,Tata Power Hotel Elite,26.838270570472844,80.85377711286401,Lucknow,Uttar Pradesh,226017,Tata Power,Operational,True,30.0,1,True,2026-01-13 13:15:00+00:00,2026-01-16 13:19:00+00:00
473032,Hotel Annapura,22.794234488352203,73.85882625545071,Piplod,Gujarat,Unknown,Chargezone (India),Operational,True,60.0,2,True,2026-01-12 15:22:00+00:00,2026-01-15 15:24:00+00:00
473031,Shree Kanha International Chargezone,23.3865133246122,75.05985128378688,Ratlam,Madhya Pradesh,Unknown,Chargezone (India),Operational,True,60.0,3,True,2026-01-12 15:18:00+00:00,2026-01-15 15:19:00+00:00
472820,KR RESORT,29.88678759214764,73.92823039326373,Ganganagar,Rajasthan,335001,Unknown Operator,Operational,True,30.0,1,True,2026-01-09 18:33:00+00:00,2026-01-12 18:35:00+00:00
472811,Tata PowerYamuna Expressway Mathura RHS,27.61204701128193,77.74185073192439,Yamuna Expressway,Uttar Pradesh,281202,Tata Power,Operational,True,120.0,4,True,2026-01-09 16:52:00+00:00,2026-01-12 16:55:00+00:00
472810,Tata Power Yamuna Expressway Mathura Exit LHS,27.55039596637711,77.75506264207092,Yamuna Expressway,Uttar Pradesh,281204,Tata Power,Operational,True,120.0,4,True,2026-01-09 16:49:00+00:00,2026-01-12 16:49:00+00:00
472808,Statiq Jaypee Agra,27.153405340639026,78.07073593311952,Agra,Uttar Pradesh,Unknown,Statiq (IN),Operational,True,120.0,2,True,2026-01-09 16:43:00+00:00,2026-01-12 16:44:00+00:00
472798,KR RESORT,29.88699156029739,73.92473793102454,Ganganagar,Rajasthan,335001,Unknown Operator,Operational,True,30.0,1,True,2026-01-09 01:27:00+00:00,2026-01-12 01:32:00+00:00
472532,ev,11.046407561050373,77.07956128281876,Coimbatore,Tamil Nadu,641062,Unknown Operator,Operational,True,30.0,1,False,2026-01-04 14:53:00+00:00,2026-01-07 14:54:00+00:00
472508,Charging station,12.960850473046191,77.58182473802742,Unknown,Karnataka,560002,Unknown Operator,Operational,True,0.0,1,False,2026-01-04 09:52:00+00:00,2026-01-07 09:53:00+00:00
472439,Midway Treat Khushi Inn Sakadehi Betul Hotel,21.997785954355106,77.86538182767944,Unknown,Madhya Pradesh,460005,Tryk (IN),Operational,True,120.0,2,True,2026-01-02 03:47:00+00:00,2026-02-15 02:21:00+00:00
472327,Rest Area Jio BP  RHS,26.378544178688983,76.25327630896135,Bonli,Rajasthan,Unknown,JIO BP Pulse (India),Operational,True,60.0,4,True,2025-12-31 11:34:00+00:00,2026-01-03 11:38:00+00:00
472326,Lakshya Water Park,25.162225667133868,76.1663600759789,Kota District,Rajasthan,325208,Xobolt (IN),Operational,True,30.0,1,True,2025-12-31 11:32:00+00:00,2026-01-03 11:33:00+00:00
471993, Chargezone Hotel Rangoli,21.038975778372475,72.9752654100723,Navsari,Gujarat,Unknown,Chargezone (India),Operational,True,60.0,3,True,2025-12-26 15:44:00+00:00,2026-01-20 02:41:00+00:00
471992,DME Bonli Jio BP LHS,26.377358016679597,76.25375666945047,Bonli,Rajasthan,Unknown,JIO BP Pulse (India),Operational,True,60.0,2,True,2025-12-26 15:34:00+00:00,2025-12-29 15:49:00+00:00
471991,DME Garoth Rest Area RHS,24.345261626028037,75.67832329584303,Garoth,Madhya Pradesh,Unknown,Volttic (IN),Operational,True,60.0,2,True,2025-12-26 15:26:00+00:00,2025-12-29 15:54:00+00:00
471989,Volttic Delhi Mumbai Expressway LHS Garoth,24.346875612361345,75.68155965704818,Garoth,Madhya Pradesh,Unknown,Volttic (IN),Operational,True,60.0,2,True,2025-12-26 14:58:00+00:00,2025-12-29 15:59:00+00:00
471854,Green Mountain Resort,24.54054054054054,77.20867783566665,Guna,Madhya Pradesh,473110,Chargezone (India),Operational,True,60.0,2,True,2025-12-25 03:42:00+00:00,2025-12-28 03:46:00+00:00
471853,Hotel Shivani,23.96396396396412,76.93830402560593,Biora,Madhya Pradesh,Unknown,Chargezone (India),Operational,True,60.0,2,True,2025-12-25 02:27:00+00:00,2025-12-28 02:30:00+00:00
471003,160kW GREEN ENERGY EV CHARGING STATION,9.437442172035318,76.54200920369158,Changanassery,Kerala,686102,Unknown Operator,Operational,True,160.0,6,True,2025-12-15 05:56:00+00:00,2026-02-10 19:56:00+00:00
470897,RK Mess & Restaurant,11.044939,78.055861,Manmangalam,Tamil Nadu,639006,Statiq (IN),Operational,True,60.0,2,True,2025-12-12 12:59:00+00:00,2025-12-15 13:02:00+00:00
470760,Aravai Aanandas,10.777439,77.920825,Karur,Tamil Nadu,639201,Hydra Charging (IN),Operational,True,60.0,2,True,2025-12-09 17:37:00+00:00,2026-02-25 12:46:00+00:00
470710,VSB Auto Care,10.964214297245904,78.04655560696892,Karur,Tamil Nadu,639008,Relux Electric (India),Operational,True,60.0,2,True,2025-12-08 05:44:00+00:00,2025-12-11 05:47:00+00:00
470709,AKR Textiles,10.963961710013322,78.0480420514914,Karur,Tamil Nadu,639008,Zeon Charging,Operational,True,60.0,2,True,2025-12-08 05:38:00+00:00,2025-12-11 05:42:00+00:00
469744,Volttic LHS DME,27.287131064283077,76.77469481284459,Rajpura,Rajasthan,Unknown,Volttic (IN),Operational,True,60.0,2,True,2025-11-21 16:04:00+00:00,2025-11-24 16:09:00+00:00
469742,Avantika Resort EV Cosmos,22.81045961560405,74.30068522366184,Dahod,Gujarat,Unknown,JIO BP Pulse (India),Operational,True,60.0,1,True,2025-11-21 15:59:00+00:00,2025-11-24 16:04:00+00:00
469522,Regenta Fairlark,22.28764514676448,73.13222578916577,Vadodara,Gujarat,Unknown,JIO BP Pulse (India),Operational,True,60.0,2,True,2025-11-18 12:36:00+00:00,2025-11-21 12:39:00+00:00
469517,EESL - Devinder Collections,28.633242086746723,77.22494621242714,New Delhi``,Delhi,110001,EESL (IN),Operational,True,15.0,1,False,2025-11-18 09:42:00+00:00,2025-11-21 09:44:00+00:00
469488,Regenta Fairlark Jio,22.28852323216184,73.13209856350943,Vadodara,Gujarat,Unknown,JIO BP Pulse (India),Operational,True,60.0,2,True,2025-11-17 18:00:00+00:00,2025-11-21 09:04:00+00:00
469487,Hyundai EV Chg Stn Manor,19.67794066125505,72.90804616555647,Manor,Maharashtra,Unknown,Chargezone (India),Operational,True,60.0,2,True,2025-11-17 17:55:00+00:00,2025-11-24 16:19:00+00:00
469384,Shree Bihariji Filling Station,29.176436522821103,79.49640945838406,Haldwani,Uttarakhand,263139,Unknown Operator,Operational,True,30.0,1,True,2025-11-14 09:08:00+00:00,2025-11-17 09:09:00+00:00
469383,BPCL Royal Fuel Station,29.22417745217187,79.50104336869471,Haldwani,Uttarakhand,263139,Unknown Operator,Temporarily Unavailable,True,30.0,1,True,2025-11-14 09:00:00+00:00,2025-11-17 09:04:00+00:00
469382,Fortune Walkway Mall,29.245389718988378,79.53597170568463,Haldwani,Uttarakhand,263139,Chargezone (India),Operational,True,60.0,2,True,2025-11-14 08:50:00+00:00,2025-11-17 08:54:00+00:00
469381,Bikanerwala Sweets Haldwani (Aargo),29.214919408875087,79.52798465647824,Haldwani,Uttarakhand,263139,Unknown Operator,Operational,True,24.0,1,False,2025-11-14 08:42:00+00:00,2025-11-17 08:44:00+00:00
469380,Bharat Petroleum - Janta Petrol Pump,29.18654205912064,79.52084262648205,Haldwani,Uttarakhand,263139,Unknown Operator,Temporarily Unavailable,True,0.0,1,False,2025-11-14 08:28:00+00:00,2025-11-21 09:04:00+00:00
469357,Tata Power- Ginger Hotel Pantnagar,28.998167113138976,79.41578575985898,Rudrapur,Uttarakhand,263153,Tata Power,Operational,True,30.0,2,True,2025-11-13 09:11:00+00:00,2025-11-16 09:14:00+00:00
469356,Ecoplug Radisson Blu Hotel,29.00038213149669,79.3998773770921,Rudrapur,Uttarakhand,263153,Ecoplug,Operational,True,118.0,2,True,2025-11-13 08:57:00+00:00,2025-11-16 08:59:00+00:00
469355,BP-RUDRAPUR,28.994841574837157,79.40068624557932,Rudrapur,Uttarakhand,263153,Statiq (IN),Operational,True,60.0,2,True,2025-11-13 08:53:00+00:00,2025-11-16 08:54:00+00:00
469354,PREM SINGH & SONS (BPCL Charging Station),28.978596821134563,79.40045316567043,Rudrapur,Uttarakhand,263153,Statiq (IN),Operational,True,30.0,1,True,2025-11-13 08:47:00+00:00,2025-11-16 08:49:00+00:00
469353, Rudra Continental,28.9758485356967,79.38954231232401,Rudrapur,Uttarakhand,263153,Chargezone (India),Operational,True,60.0,2,True,2025-11-13 08:37:00+00:00,2025-11-16 08:39:00+00:00
464561,Sagar Tranport Company,28.93121649453341,79.51703689220533,Kichha,Uttarakhand,263148,Unknown Operator,Temporarily Unavailable,True,60.0,2,True,2025-11-11 07:13:00+00:00,2025-11-17 09:04:00+00:00
464560,Yash Filling Station,28.870833636540105,79.51648005148428,Kichha,Uttarakhand,263148,Unknown Operator,Temporarily Unavailable,True,60.0,2,True,2025-11-11 07:09:00+00:00,2025-11-17 09:04:00+00:00
464559,2012531-PRAKASH PETROLEUM,28.89269395171297,79.50956370102392,Kichha,Uttarakhand,263148,Unknown Operator,Temporarily Unavailable,True,30.0,1,True,2025-11-11 07:05:00+00:00,2025-11-17 09:04:00+00:00
464530,GLIDA LOHIA PARK,26.85721068820618,80.98223515437166,Lucknow,Uttar Pradesh,226012,GE WattStation (No longer active),Operational,True,120.0,8,True,2025-11-10 11:45:00+00:00,2025-11-14 06:24:00+00:00
464405,Khajuraho Airport,24.81017906223033,79.91151232004376,Khajuraho,Madhya Pradesh,Unknown,Adani Gas-EV (TR),Operational,True,60.0,1,True,2025-11-09 08:56:00+00:00,2025-11-14 06:24:00+00:00
462394,Hotel Bundela,24.84121799833644,79.92095530109164,Khajuraho,Madhya Pradesh,Unknown,Adani Gas-EV (TR),Operational,True,30.0,2,True,2025-10-24 03:13:00+00:00,2025-10-27 03:14:00+00:00
462380,Cube Stop NH-44,21.91423639914423,79.52636658703716,Mohgaon,Madhya Pradesh,Unknown,Statiq (IN),Operational,True,120.0,2,True,2025-10-22 12:35:00+00:00,2025-10-25 12:39:00+00:00
461277,Shashtri Nagar ,18.503925778446245,73.80373433483828,Pune,Maharashtra,411038,Unknown Operator,Partly Operational (Mixed),True,1.0,1,False,2025-09-19 18:39:00+00:00,2025-09-22 18:40:00+00:00
461160,Tata Power - Electric Vehicle Charging Station,29.163755,79.522706,Haldwani,Uttarakhand,263139,Tata Power,Operational,True,25.0,2,True,2025-09-15 09:14:00+00:00,2025-09-18 09:19:00+00:00
461021,FC - TataPower - TMSC Chandrani Enterprises,23.66383145481386,87.0578281055806,Asansol,West Bengal,713332,Tata Power,Operational,True,25.0,2,True,2025-09-07 03:18:00+00:00,2025-09-11 10:34:00+00:00
461004,FC - TataPower - Hotel Sumandeep,23.765173283966945,86.80574019219654,Dhanbad,Jharkhand,828203,Tata Power,Operational,True,30.0,1,True,2025-09-06 18:33:00+00:00,2025-09-09 18:38:00+00:00
460962,D N R Fuel Point,20.634269503751185,78.92731552499234,Unknown,Maharashtra,Unknown,eDrive BPCL (IN),Operational,True,120.0,2,True,2025-09-06 11:24:00+00:00,2026-01-14 06:27:00+00:00
460960,Green Garden Family Restaurant,24.01218982574672,86.03378565807299,Dumri,Jharkhand,825167,Tata Power,Operational,True,25.0,1,True,2025-09-06 06:25:00+00:00,2025-09-09 06:27:00+00:00
460636,Hotel Kantara Dine,13.06457377178711,77.25712516384169,Solur,Karnataka,562127,Tata Power,Operational,True,30.0,2,True,2025-08-30 14:05:00+00:00,2025-08-30 14:05:00+00:00
460478,Burger King,12.960134461557354,76.33023905539169,Udayapura,Karnataka,573225,Zeon Charging,Operational,True,120.0,4,True,2025-08-20 15:14:00+00:00,2025-08-30 13:57:00+00:00
460205,Konnagar,21.65144351225736,87.65139955261463,Kolkata,West Bengal,712235,Unknown Operator,Operational,True,0.0,1,False,2025-08-02 06:49:00+00:00,2025-08-05 06:54:00+00:00
458918,Tata.ev Luxon Motors - Tata Power,10.011484735873452,76.31138749922593,Edappally,Kerala,682024,Tata Power,Operational,True,60.0,2,True,2025-06-24 18:12:00+00:00,2025-06-24 18:12:00+00:00
458917,TML Sree Gokulam Motors - Tata Power,10.03915496555662,76.31555880759106,Edappally,Kerala,682033,Tata Power,Operational,True,30.0,1,True,2025-06-24 18:09:00+00:00,2025-06-24 18:09:00+00:00
458916,Tata.ev Gokulam Motors - Tata Power,10.081302790405845,76.33946199404113,Choornikkara,Kerala,683106,Tata Power,Operational,True,60.0,2,True,2025-06-24 18:06:00+00:00,2025-06-24 18:06:00+00:00
458915,Taj Cochin Internation Airport Hotel - Tata Power,10.159995038034909,76.39015421888632,Nedumbassery,Kerala,683572,Tata Power,Operational,True,30.0,1,True,2025-06-24 18:02:00+00:00,2025-06-24 18:02:00+00:00
458914,SAJ Earth Resort - Tata Power,10.162224246244604,76.3846534973361,Nedumbassery,Kerala,683572,Tata Power,Operational,True,30.0,1,True,2025-06-24 18:00:00+00:00,2025-06-24 18:00:00+00:00
458913,Luxon Motors - Tata Power,10.162042049613518,76.36735603462671,Kariyad,Kerala,683589,Tata Power,Operational,True,30.0,1,True,2025-06-24 17:56:00+00:00,2025-06-24 17:56:00+00:00
458912,Sree Gokulam Motors - Tata Power,10.22106035947604,76.3767521330019,Angamaly,Kerala,683572,Tata Power,Operational,True,30.0,1,True,2025-06-24 17:53:00+00:00,2025-06-24 17:53:00+00:00
458911,Centro Mall Charging Station - Tata Power,10.232489483292568,76.19594022414185,Kodungallur,Kerala,680664,Tata Power,Operational,True,30.0,1,True,2025-06-24 17:50:00+00:00,2025-06-24 17:50:00+00:00
458910,IOCL Thiruvonam Fuels - Tata Power,10.76983098141102,76.6680965040648,Palakkad,Kerala,678013,Tata Power,Operational,True,30.0,2,True,2025-06-24 17:46:00+00:00,2025-06-24 17:46:00+00:00
458909,KVR Automotive - Tata Power,10.782258203557744,76.65824510709217,Koppam,Kerala,678001,Tata Power,Operational,True,30.0,1,True,2025-06-24 17:43:00+00:00,2025-06-24 17:43:00+00:00
458908,Gokulam Residency - Tata Power,10.436187097899406,76.2652058281742,Amballur,Kerala,680301,Tata Power,Operational,True,25.0,1,True,2025-06-24 17:38:00+00:00,2025-06-24 17:38:00+00:00
458907,Tata.ev Hyson Motors - Tata Power,10.496728474625243,76.25836131243113,Thrissur,Kerala,680014,Tata Power,Operational,True,60.0,2,True,2025-06-24 17:35:00+00:00,2025-06-24 17:35:00+00:00
458906,PCK Centenary,10.522940422798897,76.20624766653009,Thrissur,Kerala,680004,Tata Power,Operational,True,30.0,1,True,2025-06-24 17:33:00+00:00,2025-06-24 17:33:00+00:00
458905,TML Hyson Motors - Tata Power,10.540422993964356,76.18967782467394,Thrissur,Kerala,680002,Tata Power,Operational,True,25.0,2,True,2025-06-24 17:30:00+00:00,2025-06-24 17:30:00+00:00
458904,Hotel Gokulam Sabari - Tata Power,10.596356977075132,76.0429344292022,Guruvayur,Kerala,680101,Tata Power,Operational,True,25.0,2,True,2025-06-24 17:26:00+00:00,2025-06-24 17:26:00+00:00
314018,Shirdi,19.75759398843948,74.47634733215602,Shirdi,Maharashtra,423107,Unknown Operator,Operational,True,30.0,1,True,2025-06-20 04:24:00+00:00,2025-06-23 04:29:00+00:00
313995,InFour Wheel Care And Tyres - Tata Power,10.960237966009911,76.23467881441366,Perinthalmanna,Kerala,679322,Tata Power,Operational,True,25.0,1,True,2025-06-18 12:22:00+00:00,2025-06-18 12:22:00+00:00
313994,TML KVR Automotive - Tata Power,10.984502724399704,76.18784701110644,Perinthalmanna,Kerala,679322,Tata Power,Operational,True,30.0,1,True,2025-06-18 12:18:00+00:00,2025-06-18 12:18:00+00:00
313993,IOCL Sigma Enterprises Charging Station - Tata Power,10.897914194795774,76.06100966592317,Valanchery,Kerala,676552,Tata Power,Operational,True,30.0,1,True,2025-06-18 12:13:00+00:00,2025-06-18 12:13:00+00:00
313992,AAK Mall,10.918580614575076,75.91779832596808,Tirur,Kerala,676101,Tata Power,Operational,True,30.0,1,True,2025-06-18 12:08:00+00:00,2025-06-18 12:08:00+00:00
313991,Tata.ev Store Malappuram,11.052515251663408,76.07764045262866,Malappuram,Kerala,676505,Tata Power,Operational,True,60.0,2,True,2025-06-18 12:00:00+00:00,2025-06-18 12:00:00+00:00
313990,A M Tyres Malappuram - Tata Power,11.060402531981708,76.08084415906978,Malappuram,Kerala,676517,Tata Power,Operational,True,30.0,1,True,2025-06-18 11:56:00+00:00,2025-06-18 11:56:00+00:00
313989,Hotel Gokulam Relax Park,11.118906106281456,76.11847374415197,Manjeri,Kerala,676121,Tata Power,Operational,True,25.0,2,True,2025-06-18 11:50:00+00:00,2025-06-18 11:50:00+00:00
313988,One Stop Automotive Cahrging Station - Tata Power,11.204146203983242,76.13673353482534,Edavanna,Kerala,676123,Tata Power,Operational,True,60.0,2,True,2025-06-18 11:45:00+00:00,2025-06-18 11:45:00+00:00
313980,Moto Town Auto Hub - Tata Power,11.223249596398574,76.216915246844,Wandoor,Kerala,679328,Tata Power,Operational,True,30.0,1,True,2025-06-17 12:04:00+00:00,2025-06-17 12:04:00+00:00
313979,IOCL Aaditya Petroleum Naduvath Charging Station - Tata Power,11.211054369500443,76.22468507295008,Wandoor,Kerala,679328,Tata Power,Temporarily Unavailable,True,30.0,1,True,2025-06-17 12:00:00+00:00,2025-06-17 12:00:00+00:00
313978,Calicut Airport Charging Station - Tata Power,11.140292270314331,75.94831371133864,Kondotty,Kerala,673647,Tata Power,Operational,True,60.0,2,True,2025-06-17 11:56:00+00:00,2025-06-17 11:56:00+00:00
313955,TML Marina Motors - Tata Power,11.216965265185236,75.85795106094037,Kozhikode,Kerala,673019,Tata Power,Operational,True,25.0,2,True,2025-06-16 12:50:00+00:00,2025-06-16 12:50:00+00:00
313954,Rotana Motors Meenchanda - Tata Power,11.213908526645213,75.80263211133581,Meenchanda,Kerala,673027,Tata Power,Operational,True,30.0,1,True,2025-06-16 12:47:00+00:00,2025-06-16 12:47:00+00:00
313953,IOCL Lakshmi Sales & Service - Tata Power,11.233626863224842,75.80323852757283,Kozhikode,Kerala,673029,Tata Power,Operational,True,30.0,1,True,2025-06-16 12:45:00+00:00,2025-06-16 12:45:00+00:00
313952,Gokulam Galleria Mall - Tata Power,11.2584651335099,75.79290611849729,Kozhikode,Kerala,673004,Tata Power,Operational,True,25.0,5,True,2025-06-16 12:41:00+00:00,2025-06-16 12:41:00+00:00
313951,Hotel Hyson Heritage - Tata Power,11.259214498820045,75.77933452309298,Kozhikode,Kerala,673004,Tata Power,Operational,True,25.0,2,True,2025-06-16 12:36:00+00:00,2025-06-16 12:36:00+00:00
313950,Taj The Gateway Hotel - Tata Power,11.25868982319139,75.77397870788238,Kozhikode,Kerala,673032,Tata Power,Operational,True,30.0,2,True,2025-06-16 12:30:00+00:00,2025-06-16 12:30:00+00:00
313949,Taj The Gateway Hotel - Tata Power,11.259029053106843,75.77370839324391,Kozhikode,Kerala,673032,Tata Power,Operational,True,7.4,2,False,2025-06-16 12:28:00+00:00,2025-06-16 12:28:00+00:00
313947,IOCL Engapuzha Fuel - Tata Power,11.465050129739268,75.97017469880149,Engapuzha,Kerala,673586,Tata Power,Operational,True,25.0,1,True,2025-06-16 12:23:00+00:00,2025-06-16 12:23:00+00:00
313946,IOCl Balaji Petroleum - Tata Power,11.660943020691448,76.24002282400443,Sulthan Bathery,Kerala,673592,Tata Power,Operational,True,30.0,1,True,2025-06-16 12:19:00+00:00,2025-06-16 12:19:00+00:00
313945,Hotel Saugandhika Charging Station - Tata Power,11.6593282557467,76.20718522782687,Meenangadi,Kerala,673591,Tata Power,Operational,True,60.0,2,True,2025-06-16 12:16:00+00:00,2025-06-16 12:16:00+00:00
313944,TML Marina Motors Pvt. Ltd. Kalpetta - Tata Power,11.637352766290704,76.09468538005217,Kalpetta,Kerala,673122,Tata Power,Operational,True,30.0,1,True,2025-06-16 12:10:00+00:00,2025-06-16 12:10:00+00:00
313943,Taj Wayanad Resort and Spa- Tata Power,11.6576333638655,75.96043177655011,Padinjarathara,Kerala,673575,Tata Power,Operational,True,30.0,2,True,2025-06-16 12:07:00+00:00,2025-07-27 06:16:00+00:00
313942,KVR Dream Vehicles Thalassery - Tata Power,11.761734248724949,75.50906837861191,Thalassery,Kerala,670107,Tata Power,Operational,True,30.0,1,True,2025-06-16 12:03:00+00:00,2025-06-16 12:03:00+00:00
313941,IOCL - MK Petroleum - Tata Power,11.860150179085252,75.41434121644008,Thazhe Chovva,Kerala,670018,Tata Power,Operational,True,30.0,1,True,2025-06-16 11:58:00+00:00,2025-06-16 11:58:00+00:00
313940,KVR Dream Vehicles Service Centre - Tata Power,11.990685920762218,75.65802183107732,Iritty,Kerala,670703,Tata Power,Operational,True,30.0,1,True,2025-06-16 11:52:00+00:00,2025-06-16 11:52:00+00:00
313925,KVR Dream Vehicle - Tata Power,11.83285672150295,75.42644169657501,Nadal,Kerala,670007,Tata Power,Operational,True,25.0,2,True,2025-06-15 16:37:00+00:00,2025-06-15 16:37:00+00:00
313924,Tata.ev KVR Dreams Kannur - Tata Power,11.860830340847158,75.41186777793837,Kannur,Kerala,670018,Tata Power,Operational,True,30.0,2,True,2025-06-15 16:29:00+00:00,2025-06-16 11:54:00+00:00
313923,KVR Dream Vehicles Service Center - Tata Power,12.12000326238804,75.21755451244977,Payyanur,Kerala,670307,Tata Power,Operational,True,30.0,1,True,2025-06-15 16:24:00+00:00,2025-06-15 16:24:00+00:00
313922,V-Net Shopping Complex - Tata Power,12.175048478868092,75.1934333250936,Payyannur,Kerala,670521,Tata Power,Operational,True,30.0,1,True,2025-06-15 16:19:00+00:00,2025-06-15 16:19:00+00:00
313921,Taj Bekkal - Tata Power,12.42338327765249,75.01475480358593,Bekkal,Kerala,671319,Tata Power,Operational,True,7.4,2,False,2025-06-15 16:13:00+00:00,2025-06-15 16:13:00+00:00
313920,TML KVR Dream Vehicles EVCS - Tata Power,12.513454412772605,75.02712293765927,Kasaragod,Kerala,671123,Tata Power,Temporarily Unavailable,True,30.0,1,True,2025-06-15 16:08:00+00:00,2025-06-15 16:08:00+00:00
313919,IOCL Top Fuels Karanthakkad Charging Station - Tata Power,12.509407895012473,74.98611113925955,Kasaragod,Kerala,671123,Tata Power,Operational,True,30.0,1,True,2025-06-15 16:04:00+00:00,2025-06-15 16:04:00+00:00
313918,Eco Charge Hub - GO EC,8.353208648493009,77.05379011708595,Thiruvananthapuram,Kerala,695524,GO EC (IN),Operational,True,60.0,3,True,2025-06-15 15:46:00+00:00,2025-06-15 15:46:00+00:00
313917,Rajco EVCS - GO EC,8.394252774929768,77.08872897393405,Neyyattinkara,Kerala,695121,GO EC (IN),Operational,True,30.0,4,True,2025-06-15 15:43:00+00:00,2025-06-15 15:43:00+00:00
313916,Appolo Dimora Hotel EVCS - GO EC,8.48866100741148,76.95075167233603,Thiruvananthapuram,Kerala,695014,GO EC (IN),Operational,True,30.0,1,True,2025-06-15 15:39:00+00:00,2025-06-15 15:39:00+00:00
313915,Lulu International Mall EVCS - GO EC,8.515262881600336,76.89815843780872,Thiruvananthapuram,Kerala,695021,GO EC (IN),Operational,True,60.0,11,True,2025-06-15 15:35:00+00:00,2025-06-15 15:35:00+00:00
313914,Trivandrum UST Campus EVCS - GO EC,8.539993047929073,76.88442500297742,Thiruvananthapuram,Kerala,695583,GO EC (IN),Operational,True,7.4,6,False,2025-06-15 15:32:00+00:00,2025-06-15 15:32:00+00:00
313913,Karthika Residency Hotel EVCS - GO EC,8.728845866034803,76.89844751364274,Karette,Kerala,695608,GO EC (IN),Operational,True,80.0,2,True,2025-06-15 15:26:00+00:00,2025-06-15 15:26:00+00:00
313912,KKP Renewables EVCS - GO EC,8.734523377793522,76.89801647227131,Karette,Kerala,695612,GO EC (IN),Operational,True,30.0,1,True,2025-06-15 15:23:00+00:00,2025-06-15 15:23:00+00:00
313911,Aeron EVCS - GO EC,8.686808046081069,76.82402232674082,Attingal,Kerala,695101,GO EC (IN),Operational,True,30.0,2,True,2025-06-15 15:18:00+00:00,2025-06-15 15:18:00+00:00
313910,Zenith EVCS - GO EC,8.733067658594678,76.81064655334814,Attingal,Kerala,695605,GO EC (IN),Operational,True,30.0,1,True,2025-06-15 15:16:00+00:00,2025-06-15 15:16:00+00:00
313909,Orion Plaza EVCS - GO EC,8.863426989733298,76.8712078360212,Chadayamangalam,Kerala,691534,GO EC (IN),Operational,True,60.0,3,True,2025-06-15 15:12:00+00:00,2025-06-15 15:12:00+00:00
313908,Power Up EVCS - GO EC,8.74908605012898,76.70581858621796,Varkala,Kerala,695311,GO EC (IN),Operational,True,25.0,2,True,2025-06-15 15:07:00+00:00,2025-06-15 15:07:00+00:00
313907,Green Planet EVCS - GO EC,8.982143340998263,76.80932966421278,Kottarakkara,Kerala,691531,GO EC (IN),Operational,True,30.0,2,True,2025-06-15 15:02:00+00:00,2025-06-15 15:02:00+00:00
313906,RK EVCS - GO EC,8.948246626469512,76.64624714068498,Kundara,Kerala,691511,GO EC (IN),Operational,True,30.0,2,True,2025-06-15 14:59:00+00:00,2025-06-15 14:59:00+00:00
313905,SK EVCS - GO EC,9.070991645604138,76.8563112284703,Pathanapuram,Kerala,689695,GO EC (IN),Operational,True,25.0,2,True,2025-06-15 14:55:00+00:00,2025-06-15 14:55:00+00:00
313904,Erathu Motors EVCS - GO EC,9.051367403391126,76.70324696297251,Puthoor,Kerala,691507,GO EC (IN),Operational,True,30.0,2,True,2025-06-15 14:51:00+00:00,2025-06-15 14:51:00+00:00
313903,Vrindavan EVCS - GO EC,9.045128433314076,76.77360003943176,Inchakkad,Kerala,691560,GO EC (IN),Operational,True,60.0,4,True,2025-06-15 14:44:00+00:00,2025-06-15 14:44:00+00:00
313902,JB Power EVCS - GO EC,9.116847049005273,76.74511188165377,Adoor,Kerala,691554,GO EC (IN),Operational,True,60.0,3,True,2025-06-15 14:39:00+00:00,2025-06-15 14:39:00+00:00
313901,Peninsula Park Residency EVCS - GO EC,9.145305964259492,76.76585838641842,Adoor,Kerala,691554,GO EC (IN),Operational,True,30.0,1,True,2025-06-15 14:35:00+00:00,2025-06-15 14:35:00+00:00
313900,Green Earth - GO EC,9.153564153649183,76.73554436189625,Adoor,Kerala,691523,GO EC (IN),Operational,True,60.0,3,True,2025-06-15 14:32:00+00:00,2025-06-15 14:32:00+00:00
313899,Sparkzone EVCS - GO EC,9.14579459592612,76.45936322492247,Kayamkulam,Kerala,690535,GO EC (IN),Operational,True,25.0,2,True,2025-06-15 14:29:00+00:00,2025-06-15 14:29:00+00:00
313898,Zufo EVCS,9.132307411349302,76.51385828713245,Karunagappalli,Kerala,690526,GO EC (IN),Operational,True,25.0,1,True,2025-06-15 14:18:00+00:00,2025-06-15 14:18:00+00:00
313897,Cartist - GO EC,9.184739728702354,76.49029683829167,Kayamkulam,Kerala,690502,GO EC (IN),Operational,True,60.0,4,True,2025-06-15 14:15:00+00:00,2025-06-15 14:15:00+00:00
313896,V Volte EVCS - GO EC,9.289000834095232,76.45653569251749,Haripad,Kerala,690514,GO EC (IN),Operational,True,25.0,2,True,2025-06-15 14:11:00+00:00,2025-06-15 14:11:00+00:00
313895,Anjaly EVCS - GO EC,9.246935401622352,76.75730779092834,Omallor,Kerala,689647,GO EC (IN),Operational,True,30.0,2,True,2025-06-15 14:08:00+00:00,2025-06-15 14:08:00+00:00
313894,Evergreen Continental EVCS - GO EC,9.26377680925411,76.7854352998848,Pathanamthitta,Kerala,689645,GO EC (IN),Operational,True,30.0,1,True,2025-06-15 14:04:00+00:00,2025-06-15 14:04:00+00:00
313893,Quik Energy EVCS - GO EC,9.311533026822984,76.62272052601361,Chengannur,Kerala,689122,GO EC (IN),Operational,True,60.0,4,True,2025-06-15 14:00:00+00:00,2025-06-15 14:00:00+00:00
313892,Amrutham Auto Care EVCS - GO EC,9.342144722861462,76.59848783947041,Chengannur,Kerala,689124,GO EC (IN),Operational,True,30.0,2,True,2025-06-15 13:57:00+00:00,2025-06-15 13:57:00+00:00
313891,Changanassery Immaculate Mary EVCS,9.459860217939864,76.55518358905402,Changanassery,Kerala,686104,GO EC (IN),Operational,True,25.0,2,True,2025-06-15 13:52:00+00:00,2025-06-15 13:52:00+00:00
313890,Calvarymount Jerry Plaza,9.80694248889715,77.04794025522557,Alliyar,Kerala,685515,GO EC (IN),Operational,True,30.0,1,True,2025-06-15 13:47:00+00:00,2025-06-15 13:47:00+00:00
313889,Westgate Inn EVCS - GO EC,9.747617293321468,77.10541770305377,Kattappana,Kerala,685508,GO EC (IN),Operational,True,25.0,1,True,2025-06-15 13:44:00+00:00,2025-06-15 13:44:00+00:00
313888,GO EC Charging Station,9.665398819574932,77.16084695044691,Idukki,Kerala,685512,GO EC (IN),Operational,True,30.0,2,True,2025-06-15 13:40:00+00:00,2025-06-15 13:40:00+00:00
313887,Sora EVCS - GO EC,9.614445835422885,77.15390991011253,Kumali,Kerala,685509,GO EC (IN),Operational,True,30.0,2,True,2025-06-15 13:37:00+00:00,2025-06-15 13:37:00+00:00
313886,Open Kitchen EVCS - GO EC,9.580204298452545,76.97061172783384,Kuttikkanam,Kerala,685531,GO EC (IN),Operational,True,60.0,3,True,2025-06-15 13:35:00+00:00,2025-06-15 13:35:00+00:00
313885,Nandanam EVCS - GO EC,9.56707472944133,76.70609404363415,Kodungoor,Kerala,686504,GO EC (IN),Operational,True,30.0,1,True,2025-06-15 13:30:00+00:00,2025-06-15 13:30:00+00:00
313884,Clay Art Cafe - GO EC,9.566378511526397,76.74160751395914,Ponkunnam,Kerala,686506,GO EC (IN),Operational,True,25.0,2,True,2025-06-15 13:23:00+00:00,2025-06-15 13:23:00+00:00
313883,GO Green EVCS,9.753999722373322,76.70127896431035,Anthikkad,Kerala,686651,GO EC (IN),Operational,True,80.0,2,True,2025-06-15 13:18:00+00:00,2026-02-25 17:57:00+00:00
313882,Nila's Magestic Arcade,9.683248151452077,76.60975356992105,Kidangoor,Kerala,686572,GO EC (IN),Operational,True,30.0,1,True,2025-06-15 13:15:00+00:00,2025-06-15 13:15:00+00:00
313881,Ettumanur Skylight EVCS - GO EC,9.668171829463477,76.57537881809179,Ettumanoor,Kerala,686631,GO EC (IN),Operational,True,60.0,3,True,2025-06-15 13:10:00+00:00,2025-06-15 13:11:00+00:00
313880,Chaithanya Hospital EVCS - GO EC,9.761923840599692,76.56472253025936,Kuravilangad,Kerala,686633,GO EC (IN),Operational,True,25.0,2,True,2025-06-15 13:05:00+00:00,2025-06-15 13:05:00+00:00
313879,Manjoor Beeza Clubhouse EVCS - GO EC,9.727579425560023,76.52038777302698,Manjoor,Kerala,686603,GO EC (IN),Operational,True,30.0,1,True,2025-06-15 13:03:00+00:00,2025-06-15 13:03:00+00:00
313878,Kalladanthiyil EVCS - GO EC,9.68333687975506,76.50559380666749,Neendoor,Kerala,686601,GO EC (IN),Operational,True,30.0,2,True,2025-06-15 12:58:00+00:00,2025-06-15 12:58:00+00:00
313877,The Grand Ambassador EVCS,9.589399335956784,76.52633053455003,Kottayam,Kerala,686001,GO EC (IN),Operational,True,30.0,1,True,2025-06-15 12:53:00+00:00,2025-06-15 12:53:00+00:00
313876,Hotel Athira Residency EVCS - GO EC,9.578258767585766,76.51947056358193,Kottayam,Kerala,686013,GO EC (IN),Operational,True,80.0,2,True,2025-06-15 12:48:00+00:00,2025-06-15 12:48:00+00:00
313875,Cassia Regency EVCS - GO EC,9.490169816576028,76.3207371647539,Alappuzha,Kerala,688012,GO EC (IN),Operational,True,30.0,2,True,2025-06-15 12:44:00+00:00,2025-06-15 12:44:00+00:00
313874,Neo Charge EVCS - GO EC,9.559497168686136,76.32821358891908,Alappuzha,Kerala,688522,GO EC (IN),Operational,True,30.0,1,True,2025-06-15 12:40:00+00:00,2025-06-15 12:40:00+00:00
313873,Jason Orchard Inn EVCS - GO EC,9.56257506243169,76.32758403292866,Alappuzha,Kerala,688522,GO EC (IN),Operational,True,30.0,1,True,2025-06-15 12:37:00+00:00,2025-06-15 12:37:00+00:00
313872,Huts Restaurant EVCS - GO EC,9.683890802446342,76.3335821907994,Cherthala,Kerala,688524,GO EC (IN),Operational,True,60.0,3,True,2025-06-15 12:31:00+00:00,2026-01-31 20:45:00+00:00
313871,Vijaya EVCS - GO EC,9.851840438387285,76.3893878706051,Kanjiramattom,Kerala,682315,GO EC (IN),Operational,True,30.0,1,True,2025-06-15 12:27:00+00:00,2025-06-15 12:27:00+00:00
313870,MPA Tyres EVCS - GO EC,9.962610267571378,76.35800116158748,Thrippunithura,Kerala,682309,GO EC (IN),Operational,True,30.0,1,True,2025-06-15 12:22:00+00:00,2025-06-15 12:22:00+00:00
313869,Central Talkies EVCS - GO EC,9.948953177742126,76.34771091840872,Thrippunithura,Kerala,682301,GO EC (IN),Operational,True,60.0,5,True,2025-06-15 12:18:00+00:00,2025-06-15 12:18:00+00:00
313868,Tribute Royale EVCS - GO EC,9.94775835957229,76.31854611156217,Maradu,Kerala,682304,GO EC (IN),Operational,True,60.0,2,True,2025-06-15 12:12:00+00:00,2025-06-15 12:12:00+00:00
313867,Prithvi EVCS - GO EC,9.94745163258068,76.3034155566645,Kadavanthra,Kerala,682020,GO EC (IN),Operational,True,60.0,3,True,2025-06-15 12:05:00+00:00,2025-06-15 12:49:00+00:00
313866,EC City Centre EVCS - GO EC,9.96519449241434,76.29662321090922,Ernakulam,Kerala,682036,GO EC (IN),Operational,True,25.0,2,True,2025-06-15 12:02:00+00:00,2025-06-15 12:02:00+00:00
313865,Monsoon Empress Hotel EVCS,9.995959579488527,76.31410217952185,Palarivattom,Kerala,682025,GO EC (IN),Operational,True,60.0,2,True,2025-06-15 11:57:00+00:00,2025-06-15 11:57:00+00:00
313864,Max EVCS - GO EC,9.998499333886071,76.31386095749048,Palarivattom,Kerala,682025,GO EC (IN),Operational,True,60.0,2,True,2025-06-15 11:54:00+00:00,2025-06-15 11:54:00+00:00
313863,Park Residency EVCS - GO EC,10.0146588090696,76.34240059520744,Kakkanad,Kerala,682030,GO EC (IN),Operational,True,25.0,2,True,2025-06-15 11:49:00+00:00,2025-06-15 11:49:00+00:00
313862,EVGO Hub - GO EC,10.035673992083431,76.33644845243788,Thrikkakkara,Kerala,682021,GO EC (IN),Operational,True,30.0,1,True,2025-06-15 11:45:00+00:00,2025-06-15 11:45:00+00:00
313861,Daffodils EVCS - GO EC,10.032114506603731,76.32296046331254,Edapally,Kerala,682021,GO EC (IN),Operational,True,30.0,7,True,2025-06-15 11:42:00+00:00,2025-06-15 11:42:00+00:00
313860,Oberon Mall EVCS - GO EC,10.014373315870898,76.31253274186469,Edapally,Kerala,682024,GO EC (IN),Operational,True,60.0,2,True,2025-06-15 11:37:00+00:00,2025-06-15 11:37:00+00:00
313859,Lulu International Shopping Mall EVCS - GO EC,10.025852998355106,76.30847987689594,Edapally,Kerala,682024,GO EC (IN),Operational,True,60.0,4,True,2025-06-15 11:34:00+00:00,2025-06-15 11:34:00+00:00
313858,EcoPlug EVCS - GO EC,10.05657909163412,76.77664747363906,Neriyamangalam,Kerala,686693,GO EC (IN),Operational,True,3.3,1,False,2025-06-15 11:29:00+00:00,2025-06-15 11:29:00+00:00
313857,Future Clock EVCS - GO EC,10.08987328201421,76.49767034410803,Perumbavoor,Kerala,683541,GO EC (IN),Operational,True,80.0,5,True,2025-06-15 11:25:00+00:00,2025-06-15 11:25:00+00:00
313856,Prestige EV Super Charging Station - GO EC,10.116599665826756,76.44569940523843,Perumbavoor,Kerala,683547,GO EC (IN),Operational,True,60.0,3,True,2025-06-15 11:21:00+00:00,2025-06-15 11:21:00+00:00
313855,Innate Convention Centre ,10.134847382197862,76.35454903990177,Aluva,Kerala,683101,GO EC (IN),Operational,True,30.0,1,True,2025-06-15 11:16:00+00:00,2025-06-15 11:16:00+00:00
313854,Athani Energize EVCS,10.141443983212852,76.35293383093199,Athani,Kerala,683102,GO EC (IN),Operational,True,80.0,2,True,2025-06-15 11:14:00+00:00,2025-06-15 11:14:00+00:00
313853,Hotel Airlink Castle - GO EC,10.155053463306784,76.35471452974735,Athani,Kerala,683585,GO EC (IN),Operational,True,24.0,1,True,2025-06-15 11:05:00+00:00,2025-06-15 11:05:00+00:00
313852,V-Green EVCS - GO EC,10.20178008680135,76.40966162425627,Angamaly,Kerala,683572,GO EC (IN),Operational,True,80.0,2,True,2025-06-15 11:02:00+00:00,2025-06-15 11:02:00+00:00
313850,Power Zone EV Charging Station - GO EC,10.149673029849538,76.21756419275295,North Paravur,Kerala,683513,GO EC (IN),Operational,True,30.0,1,True,2025-06-15 10:50:00+00:00,2025-06-15 10:50:00+00:00
313849,Koratty Chennai Anandabhavan EVCS - GO EC,10.277244588754584,76.34452807905916,Koratty,Kerala,680309,GO EC (IN),Operational,True,60.0,2,True,2025-06-15 10:44:00+00:00,2025-06-15 10:44:00+00:00
313848,Parekkat's EVCS - GO EC,10.24066911823239,76.27252885130724,Mala,Kerala,680732,GO EC (IN),Operational,True,25.0,1,True,2025-06-15 10:40:00+00:00,2025-06-15 10:40:00+00:00
313847,Kodungallur SVS - GO EC,10.21129204884221,76.1989886692013,Kodungallur,Kerala,680669,GO EC (IN),Operational,True,25.0,2,True,2025-06-15 10:36:00+00:00,2025-06-15 10:36:00+00:00
313846,FUZO EV Super Charging Station,10.378135160727652,76.12254539101707,Kodungallur,Kerala,680703,GO EC (IN),Operational,True,60.0,3,True,2025-06-15 10:30:00+00:00,2025-06-15 10:30:00+00:00
313843,Sree Rama EVCS - GO EC,10.435594973940098,76.26587468424111,Thrissur,Kerala,680302,GO EC (IN),Operational,True,60.0,4,True,2025-06-15 10:23:00+00:00,2025-06-15 10:23:00+00:00
313841,Daiz and Co. EVCS - GO EC,10.526149574968883,76.18795462415846,Thrissur,Kerala,680001,GO EC (IN),Operational,True,30.0,1,True,2025-06-15 10:18:00+00:00,2025-06-15 10:19:00+00:00
313839,Shobha City Mall EVCS - GO EC,10.548946556742209,76.18304110696954,Thrissur,Kerala,680553,GO EC (IN),Operational,True,60.0,4,True,2025-06-15 10:12:00+00:00,2025-06-15 10:12:00+00:00
313838,Amala Smart EVCS - GO EC,10.564967494138358,76.16598425547983,Peramangalam,Kerala,680545,GO EC (IN),Operational,True,80.0,3,True,2025-06-15 10:07:00+00:00,2025-06-15 10:07:00+00:00
313836,Sree Sankara EVCS - GO EC,10.487291202025474,76.07083611597062,Vadanappalli,Kerala,680619,GO EC (IN),Operational,True,60.0,2,True,2025-06-15 10:01:00+00:00,2025-06-15 10:01:00+00:00
313835,Green Drive EV Super Charging Station,10.494542466430332,76.06584744162075,Vadanappilly,Kerala,680615,GO EC (IN),Operational,True,60.0,2,True,2025-06-15 09:57:00+00:00,2025-06-15 10:02:00+00:00
313819,Sree Krishna Hotel - GO EC,10.598447823364936,76.03636788702198,Guruvayoor,Kerala,680101,GO EC (IN),Operational,True,3.3,1,False,2025-06-14 17:24:00+00:00,2025-06-14 17:24:00+00:00
313818,Palakkad Ahalia Women and Childern Hospital EVCS - GO EC,10.797308592491405,76.82754081494369,Elappully,Kerala,678622,GO EC (IN),Operational,True,7.4,2,False,2025-06-14 17:17:00+00:00,2025-06-14 17:17:00+00:00
313817,Palakkad Ahalia Eye Hospital EVCS - GO EC,10.79348727039229,76.82652950538215,Elappully,Kerala,678622,GO EC (IN),Operational,True,7.4,2,False,2025-06-14 17:13:00+00:00,2025-06-14 17:13:00+00:00
313816,Palakkad Ahalia Food Point EVCS - GO EC,10.792032259171831,76.82834711933714,Elappully,Kerala,678622,GO EC (IN),Operational,True,7.4,2,False,2025-06-14 17:10:00+00:00,2025-06-14 17:10:00+00:00
313815,Ahalia Walayar - GO EC,10.826593048149787,76.82605307444436,Walayar,Kerala,678557,GO EC (IN),Operational,True,60.0,3,True,2025-06-14 17:05:00+00:00,2025-06-14 17:05:00+00:00
313814,Le Sky Dine EVCS - GO EC,10.773957251049566,76.69819741498287,Palakkad,Kerala,678007,GO EC (IN),Operational,True,60.0,3,True,2025-06-14 17:01:00+00:00,2025-06-14 17:01:00+00:00
313813,Doctor Green EVCS - GO EC,10.646166361085193,76.55140239344632,Alathur,Kerala,678541,GO EC (IN),Operational,True,60.0,3,True,2025-06-14 16:57:00+00:00,2025-06-14 16:57:00+00:00
313811,Jeevz - GO EC,10.593239028175065,76.48253527396616,Vadakkencherry,Kerala,678683,GO EC (IN),Operational,True,25.0,1,True,2025-06-14 16:50:00+00:00,2025-06-14 16:50:00+00:00
313810,Sanjeevani Green - GO EC,10.710021712685972,76.42879294152868,Thiruvilwamala,Kerala,680588,GO EC (IN),Operational,True,25.0,2,True,2025-06-14 16:46:00+00:00,2025-06-14 16:46:00+00:00
313809,Green Valley - GO EC,10.69271606194583,76.26858375420068,Thirissur,Kerala,680583,GO EC (IN),Operational,True,60.0,4,True,2025-06-14 16:40:00+00:00,2025-06-14 16:40:00+00:00
313808,AR Dine - GO EC,10.750381972119513,76.27475659553528,Cheruthuruthi,Kerala,679531,GO EC (IN),Operational,True,25.0,1,True,2025-06-14 16:35:00+00:00,2025-06-14 16:35:00+00:00
313807,EV Super Charging Station,10.80479517192704,76.20815708375358,Pattambi,Kerala,679303,GO EC (IN),Operational,True,30.0,1,True,2025-06-14 16:31:00+00:00,2025-06-14 16:31:00+00:00
313806,Pattambi Power Bank - GO EC,10.811068529416133,76.18644369742708,Pattambi,Kerala,679303,GO EC (IN),Operational,True,30.0,4,True,2025-06-14 16:27:00+00:00,2025-06-14 16:27:00+00:00
313805,New Kerala Hotel EVCS - GO EC,10.784880988938935,76.17067627366248,Nhangattiri,Kerala,679303,GO EC (IN),Operational,True,30.0,1,True,2025-06-14 16:22:00+00:00,2025-06-14 16:22:00+00:00
313804,Oasis EV Super Charging Station,10.933556620012697,76.52721710150968,Mannarkkad,Kerala,678597,GO EC (IN),Operational,True,60.0,3,True,2025-06-14 16:15:00+00:00,2025-06-14 16:15:00+00:00
313789,Shalimar EVCS - GO EC,10.96529678353042,76.2838983337245,Perinthalmanna,Kerala,679322,GO EC (IN),Operational,True,25.0,2,True,2025-06-14 08:11:00+00:00,2025-06-14 08:11:00+00:00
313788,Green Zone EVCS - GO EC,10.873413080879716,76.06245822988649,Valanchery,Kerala,679571,GO EC (IN),Operational,True,60.0,3,True,2025-06-14 07:59:00+00:00,2025-06-14 07:59:00+00:00
313787,Environ EVCS,10.739569428832311,76.02927251363656,Changaramkulam,Kerala,679591,GO EC (IN),Operational,True,80.0,2,True,2025-06-14 07:53:00+00:00,2026-02-25 16:53:00+00:00
313786,CG Cafe EVCS - GO EC,11.139596145163637,76.23611346181906,Pandikkad,Kerala,676521,GO EC (IN),Operational,True,60.0,2,True,2025-06-14 07:49:00+00:00,2025-06-14 07:49:00+00:00
313785,Karulai Malayora Express EVCS - GO EC,11.288049483016962,76.2979817145112,Karulai,Kerala,679331,GO EC (IN),Operational,True,30.0,1,True,2025-06-14 07:44:00+00:00,2025-06-14 07:44:00+00:00
313784,Jam Joom Super Market - GO EC,11.286680725471314,76.23926379142972,Nilambur,Kerala,679330,GO EC (IN),Operational,True,25.0,1,True,2025-06-14 07:40:00+00:00,2025-06-14 07:40:00+00:00
313783,ABS Motors - GO EC,11.253647260873336,76.20190120433364,Nilambur,Kerala,676542,GO EC (IN),Operational,True,30.0,1,True,2025-06-14 07:37:00+00:00,2025-06-14 07:37:00+00:00
313782,VP Mall EVCS - GO EC,11.128915821482948,76.11539460586829,Manjeri,Kerala,676123,GO EC (IN),Operational,True,60.0,3,True,2025-06-14 07:34:00+00:00,2025-06-14 07:34:00+00:00
313781,Jam Joom EV Charging Station - GO EC,11.043180592356803,76.08430155752035,Malappuram,Kerala,676505,GO EC (IN),Operational,True,25.0,1,True,2025-06-14 07:29:00+00:00,2025-06-14 07:29:00+00:00
313780,HIQ Highway Market - GO EC,11.021175494360463,75.94812608969005,Venniyour,Kerala,676508,GO EC (IN),Operational,True,30.0,1,True,2025-06-14 07:24:00+00:00,2025-06-14 07:24:00+00:00
313779,Chargify EV Super Charging Station ,11.07841705440245,75.90276391559283,Malappuram,Kerala,676317,GO EC (IN),Operational,True,30.0,1,True,2025-06-14 07:20:00+00:00,2025-06-14 07:20:00+00:00
313778,Reliance Fresh EVCS,11.23473742288897,75.84670658837746,Kozhikode,Kerala,673019,GO EC (IN),Operational,True,30.0,1,True,2025-06-14 07:15:00+00:00,2026-02-25 16:25:00+00:00
313777,Top Dines Hotel - GO EC,11.67080198813612,76.36101965515473,Muthanga,Kerala,673602,GO EC (IN),Operational,True,30.0,1,True,2025-06-14 07:11:00+00:00,2025-06-14 07:11:00+00:00
313776,Cafe Manoila - GO EC,11.597776607258112,76.08013836547212,Kalpetta,Kerala,673122,GO EC (IN),Operational,True,25.0,1,True,2025-06-14 07:03:00+00:00,2025-06-14 07:03:00+00:00
313775,CGH Wayanad Wild EV Charging Station - GO EC,11.518344247894746,76.02125570474698,Lakkidi,Kerala,673576,GO EC (IN),Operational,True,30.0,1,True,2025-06-14 06:59:00+00:00,2025-06-14 06:59:00+00:00
313774,Mall of Mukkom EVCS - GO EC,11.319727225409608,75.99551711292489,Mukkom,Kerala,673602,GO EC (IN),Operational,True,60.0,2,True,2025-06-14 06:54:00+00:00,2025-06-14 06:54:00+00:00
313773,HOTAG EV Charging Station - GO EC,11.404693280918323,75.92956805877805,Thamarassery,Kerala,673574,GO EC (IN),Operational,True,25.0,1,True,2025-06-14 06:50:00+00:00,2025-06-14 06:50:00+00:00
313763,Green Amp EVCS - GO EC,11.25880102317666,75.80890434709403,Kozhikode,Kerala,673016,GO EC (IN),Operational,True,30.0,4,True,2025-06-13 16:28:00+00:00,2025-06-13 16:28:00+00:00
313762,Calicut Malabar Gold - GO EC,11.257861801274402,75.78023060486237,Kozhikode,Kerala,673004,GO EC (IN),Operational,True,30.0,2,True,2025-06-13 16:12:00+00:00,2026-02-25 16:27:00+00:00
313761,Mandrin Sky - GO EC,11.927559724028896,75.50047314663138,Kannur,Kerala,670595,GO EC (IN),Operational,True,7.0,1,False,2025-06-13 16:07:00+00:00,2025-06-13 16:07:00+00:00
313760,JSR EVCS - GO EC,11.825802052750774,75.50895671019163,Mambaram,Kerala,670622,GO EC (IN),Operational,True,30.0,2,True,2025-06-13 16:03:00+00:00,2025-06-13 16:03:00+00:00
313759,Kannur H&H,11.87166370155964,75.39598586155216,Melechowa,Kerala,670331,GO EC (IN),Operational,True,30.0,1,True,2025-06-13 16:00:00+00:00,2025-06-13 16:00:00+00:00
313758,G Mall - GO EC,11.88020074722374,75.3746647850135,Kannur,Kerala,670002,GO EC (IN),Operational,True,60.0,2,True,2025-06-13 15:58:00+00:00,2025-06-13 15:58:00+00:00
313757,Exit 17 - GO EC,12.088637731621432,75.25264584630855,Payyannur,Kerala,670309,GO EC (IN),Operational,True,30.0,2,True,2025-06-13 15:54:00+00:00,2025-06-13 15:54:00+00:00
313756,Periya A Star - GO EC,12.40580531032613,75.09629760947794,Hosdurg,Kerala,671316,GO EC (IN),Operational,True,30.0,1,True,2025-06-13 15:51:00+00:00,2025-06-13 15:55:00+00:00
313755,Roshi EVCS (EVOK) - ChargeMOD,12.505974173728816,74.98678088662848,Kasaragod,Kerala,671123,ChargeMod (IN),Operational,True,30.0,1,True,2025-06-13 15:46:00+00:00,2025-06-13 15:46:00+00:00
313754,Kanhangad KSEB EVCS - ChangeMOD,12.34250549258168,75.11266367140311,Kanhangad,Kerala,671531,ChargeMod (IN),Operational,True,30.0,7,True,2025-06-13 15:42:00+00:00,2025-06-13 15:42:00+00:00
313753,Ammas Fast - ChargeMOD,12.22720022514642,75.15911993928029,Cheruvathur,Kerala,671313,ChargeMod (IN),Operational,True,60.0,3,True,2025-06-13 15:37:00+00:00,2025-06-13 15:37:00+00:00
313752,Mathil Service Co-Operative Bank EVCS - ChargeMOD,12.176970146284106,75.24675579831333,Mathil,Kerala,670307,ChargeMod (IN),Operational,True,30.0,3,True,2025-06-13 15:32:00+00:00,2025-06-13 15:33:00+00:00
313751,EQ Point EVCS - ChargeMOD,12.207766235160378,75.27945212654578,Payyannur,Kerala,670306,ChargeMod (IN),Operational,True,25.0,2,True,2025-06-13 15:28:00+00:00,2025-06-13 15:28:00+00:00
313750,PCR Bank EVCS - ChargeMOD,11.997449451910612,75.37090752986185,Bakkalam,Kerala,670567,ChargeMod (IN),Operational,True,30.0,2,True,2025-06-13 15:22:00+00:00,2025-06-13 15:22:00+00:00
313749,Manjapalam KSEB EVCS - ChargeMOD,11.878368279471404,75.35952615318283,Kannur,Kerala,670014,ChargeMod (IN),Operational,True,30.0,6,True,2025-06-13 15:18:00+00:00,2025-06-13 15:18:00+00:00
313748,Eastend Hotel and Resorts - ChargeMOD,10.087379401509637,77.06169962565411,Munnar,Kerala,685612,ChargeMod (IN),Operational,True,30.0,3,True,2025-06-13 15:12:00+00:00,2025-06-13 15:12:00+00:00
313747,Sky Penta EVCS - ChargeMOD,11.98556152906157,75.67618166036556,Iritty,Kerala,670703,ChargeMod (IN),Operational,True,30.0,1,True,2025-06-13 15:03:00+00:00,2025-06-13 15:03:00+00:00
313746,Reboost EVCS - ChargeMOD,11.754866634887236,75.5780650614575,"Panoor, Kannur",Kerala,695582,ChargeMod (IN),Operational,True,30.0,1,True,2025-06-13 14:59:00+00:00,2025-06-13 14:59:00+00:00
313745,Mindful EVCS - ChargeMOD,11.520444916879685,75.61798774380324,Payyoli,Kerala,673522,ChargeMod (IN),Operational,True,60.0,6,True,2025-06-13 14:53:00+00:00,2025-06-13 14:53:00+00:00
313744,EVOK Charger - ChargeMOD,11.648901043860448,75.75593648237526,Kuttiyady,Kerala,673508,ChargeMod (IN),Operational,True,30.0,1,True,2025-06-13 14:49:00+00:00,2025-06-13 14:49:00+00:00
313743,Banasura Sagar KSEB EVCS - ChargeMOD,11.672923978163226,75.95730580932587,Padinjarathara,Kerala,673122,ChargeMod (IN),Operational,True,30.0,6,True,2025-06-13 14:22:00+00:00,2025-06-13 14:22:00+00:00
313742,Empire Restaurant - ChargeMOD,11.736405311635153,75.98674422775375,Tharuvana,Kerala,670645,ChargeMod (IN),Operational,True,60.0,2,True,2025-06-13 14:17:00+00:00,2025-06-13 14:17:00+00:00
313741,Hotel Wayanad Square - ChargeMOD,11.796977641816383,76.00660113182988,Mananthavady,Kerala,670645,ChargeMod (IN),Operational,True,60.0,2,True,2025-06-13 14:13:00+00:00,2025-06-13 14:13:00+00:00
313740,Adhithya (EVOK) - ChargeMOD,11.66208634339526,76.26492171189932,Sulthan Bathery,Kerala,673592,ChargeMod (IN),Operational,True,60.0,4,True,2025-06-13 14:09:00+00:00,2025-06-13 14:09:00+00:00
313739,Meenangadi EVCS - ChargeMOD,11.654045695974418,76.15358523502817,Meenangadi,Kerala,673122,ChargeMod (IN),Operational,True,60.0,2,True,2025-06-13 14:05:00+00:00,2025-06-13 14:05:00+00:00
313738,Konfudha Resort - ChargeMOD,11.591455451778742,76.0709097761802,Kalpetta,Kerala,673127,ChargeMod (IN),Operational,True,30.0,4,True,2025-06-13 14:02:00+00:00,2025-06-13 14:02:00+00:00
313737,Vythiri KSEB EVCS - ChargeMOD,11.545753724925504,76.03937192662642,Vythiri,Kerala,673576,ChargeMod (IN),Operational,True,30.0,6,True,2025-06-13 13:59:00+00:00,2025-06-13 13:59:00+00:00
313736,Thamarassery KESEB EVCS - ChargeMOD,11.444087429515278,75.95587690828086,Thamarassery,Kerala,673615,ChargeMod (IN),Operational,True,30.0,6,True,2025-06-13 13:54:00+00:00,2025-06-13 13:54:00+00:00
313735,Locus EVCS - ChargeMOD,11.339683842558289,75.89871568981823,Koduvally,Kerala,673572,ChargeMod (IN),Operational,True,120.0,6,True,2025-06-13 13:46:00+00:00,2025-06-13 13:46:00+00:00
313734,Yadav EV Charging Station - ChargeMOD,11.311692154537,75.88259339920793,Kunnamangalam,Kerala,673571,ChargeMod (IN),Operational,True,60.0,2,True,2025-06-13 13:42:00+00:00,2025-06-13 13:42:00+00:00
313733,Kuttoth Enterprises EVCS - ChargeMOD,11.28067356202429,75.8246316733898,Kozhikode,Kerala,673017,ChargeMod (IN),Operational,True,30.0,1,True,2025-06-13 13:39:00+00:00,2025-06-13 13:39:00+00:00
313732,RG Nallanna EVCS (EVOK) - ChargeMOD,11.280814669423393,75.82434977256585,Kozhikode,Kerala,673017,ChargeMod (IN),Operational,True,30.0,1,True,2025-06-13 13:37:00+00:00,2025-06-13 13:37:00+00:00
313731,Solar Sparks EVCS - ChargeMOD,11.427675411349242,75.70299624247721,Koyilandi,Kerala,673306,ChargeMod (IN),Operational,True,30.0,6,True,2025-06-13 13:33:00+00:00,2025-06-13 13:33:00+00:00
313729,Hotel Arcore,12.352687402465657,76.62920329960255,Mysuru,Karnataka,570003,Zeon Charging,Operational,True,60.0,2,True,2025-06-13 13:27:00+00:00,2025-06-13 13:27:00+00:00
313728,Manipal Hospital Mysore,12.350145879658738,76.66019890702132,Mysuru,Karnataka,570015,Zeon Charging,Operational,True,60.0,2,True,2025-06-13 13:24:00+00:00,2025-06-13 13:24:00+00:00
313727,Pavangad KSEB EVCS - ChargeMOD,11.312411619159988,75.75859062889714,Pavangad,Kerala,673021,ChargeMod (IN),Operational,True,30.0,6,True,2025-06-13 13:22:00+00:00,2025-06-13 13:22:00+00:00
313726,Gandhi Road KSEB EVCS - ChargeMOD,11.262784457971506,75.76824105215104,Kozhikode,Kerala,673032,ChargeMod (IN),Operational,True,30.0,6,True,2025-06-13 13:17:00+00:00,2025-06-13 13:17:00+00:00
313725,Mountainpass Residency - ChargeMOD,11.386628059572274,76.35472249074127,Vazhikadavu,Kerala,679333,ChargeMod (IN),Operational,True,30.0,1,True,2025-06-13 13:13:00+00:00,2025-06-13 13:13:00+00:00
313724,Trends Edavannappara EVCS - ChargeMOD,11.24532314543434,75.97749174887804,Edavannappara,Kerala,673640,ChargeMod (IN),Operational,True,30.0,1,True,2025-06-13 13:10:00+00:00,2025-06-13 13:10:00+00:00
313723,Indus Motors - ChargeMOD,11.180743762022216,75.85119863600679,Feroke,Kerala,673634,ChargeMod (IN),Operational,True,30.0,1,True,2025-06-13 13:05:00+00:00,2025-06-13 13:05:00+00:00
313722,Kay Pees Electricals (EVOK) - ChargeMOD,11.168867778013905,75.92676863268412,Pulikkal,Kerala,673638,ChargeMod (IN),Operational,True,30.0,1,True,2025-06-13 13:02:00+00:00,2025-06-13 13:02:00+00:00
313721,RG Nallanna EVCS (EVOK) - ChargeMOD,11.17327990543808,75.9021517982653,Aikkarapadi,Kerala,673638,ChargeMod (IN),Operational,True,30.0,1,True,2025-06-13 12:59:00+00:00,2025-06-13 12:59:00+00:00
313720,Barakah Tiles and Stones | EVOK | Thenhipalam,11.144918979517485,75.89616975961107,Pingottoormad,Kerala,673636,ChargeMod (IN),Operational,True,30.0,2,True,2025-06-13 12:55:00+00:00,2026-01-23 11:55:00+00:00
313719,Tirur KSEB EVCS - ChargeMOD,10.916247276818709,75.9182865420172,Tirur,Kerala,676101,ChargeMod (IN),Operational,True,30.0,5,True,2025-06-13 12:49:00+00:00,2025-06-13 12:49:00+00:00
313718,Relax Point Restaurant,10.922820413293309,76.03291841407719,Karippol,Kerala,676552,ChargeMod (IN),Operational,True,30.0,2,True,2025-06-13 12:44:00+00:00,2025-06-13 12:44:00+00:00
313717,Thirunilath ECVS Charging Station - ChargeMOD,11.001726591966232,75.98044942341241,Kottakkal,Kerala,676501,ChargeMod (IN),Operational,True,60.0,1,True,2025-06-13 12:40:00+00:00,2025-06-13 12:40:00+00:00
313716,Malappuram KSEB EVCS - ChargeMOD,11.054224531620465,76.09214302066454,Munduparamba,Kerala,676509,ChargeMod (IN),Operational,True,30.0,6,True,2025-06-13 12:36:00+00:00,2025-06-13 12:36:00+00:00
313715,Krishna Enterprises - ChargeMOD,11.123033354978745,76.11586842746766,Manjeri,Kerala,676121,ChargeMod (IN),Operational,True,30.0,1,True,2025-06-13 12:32:00+00:00,2025-06-13 12:32:00+00:00
313714,Golden Baked EVCS - ChargeMOD,11.123411072326247,76.1241851617412,Manjeri,Kerala,676121,ChargeMod (IN),Operational,True,30.0,1,True,2025-06-13 12:30:00+00:00,2025-06-13 12:30:00+00:00
313713,EcoCharge EVCS - ChargeMOD,11.096399860074245,76.21070705445254,Pandikkad,Kerala,676521,ChargeMod (IN),Operational,True,30.0,2,True,2025-06-13 12:27:00+00:00,2025-06-13 12:27:00+00:00
313712,MKM Melattur (EVOK) - ChargeMOD,11.056208090445123,76.2785120254236,Melattur,Kerala,679326,ChargeMod (IN),Operational,True,30.0,2,True,2025-06-13 12:23:00+00:00,2025-06-13 12:23:00+00:00
313711,Green Drive EVCS - ChargeMOD,11.034502393123477,76.261886610857,Vengoor,Kerala,679325,ChargeMod (IN),Operational,True,30.0,1,True,2025-06-13 12:20:00+00:00,2025-06-13 12:20:00+00:00
313710,Hotel Mughal Park - ChargeMOD,10.977193894783383,76.22165088752695,Perinthalmanna,Kerala,679322,ChargeMod (IN),Operational,True,60.0,2,True,2025-06-13 12:17:00+00:00,2025-06-13 12:17:00+00:00
313709,Avenue Plaza - ChargeMOD,10.98886452092161,76.43668850614375,Mannarkkad,Kerala,678583,ChargeMod (IN),Operational,True,60.0,2,True,2025-06-13 12:14:00+00:00,2025-06-13 12:14:00+00:00
313708,Velanthavalam,10.809362994233211,76.8463215936606,Vellamthavalam,Kerala,678557,ChargeMod (IN),Operational,True,30.0,9,True,2025-06-13 12:09:00+00:00,2025-06-13 12:09:00+00:00
313707,Flash Charge EVCS - ChargeMOD,10.802279980273395,76.78520298821064,Kanjikkode,Kerala,678621,ChargeMod (IN),Operational,True,30.0,2,True,2025-06-13 12:04:00+00:00,2025-06-13 12:04:00+00:00
313706,Electrica EVCS - ChargeMOD,10.785354858796724,76.60395568328437,Palakkad,Kerala,678006,ChargeMod (IN),Operational,True,30.0,2,True,2025-06-13 12:00:00+00:00,2025-06-13 12:00:00+00:00
313705,Sihla Energy - ChargeMOD,10.839491845338172,76.57999971285125,Mundur,Kerala,678592,ChargeMod (IN),Operational,True,30.0,1,True,2025-06-13 11:56:00+00:00,2025-06-13 11:56:00+00:00
313704,Lakshmi KRS EVCS - ChargeMOD,10.898080110436226,76.39529564847953,Sreekrishnapuram,Kerala,679514,ChargeMod (IN),Operational,True,30.0,1,True,2025-06-13 11:52:00+00:00,2025-06-13 11:52:00+00:00
313703,Evee Buddy - ChargeMOD,10.778142494678946,76.43743038448139,Lakkidi,Kerala,679301,ChargeMod (IN),Operational,True,60.0,1,True,2025-06-13 11:46:00+00:00,2025-06-13 11:46:00+00:00
313702,Kulappully KSEB EVCS - ChargeMOD,10.779746009556462,76.28528085807898,Kulappully,Kerala,679122,ChargeMod (IN),Operational,True,30.0,9,True,2025-06-13 11:41:00+00:00,2025-06-13 11:41:00+00:00
313701,Syndicate Mall and Cinemas,10.878265919428571,76.1876066172299,Koppam,Kerala,679309,ChargeMod (IN),Operational,True,30.0,1,True,2025-06-13 11:35:00+00:00,2025-06-13 11:35:00+00:00
313700,Medi Mall EVCS - ChargeMOD,10.801586108398226,76.17840842985345,Pattambi,Kerala,679303,ChargeMod (IN),Operational,True,60.0,1,True,2025-06-13 11:31:00+00:00,2025-06-13 11:31:00+00:00
313699,Koottanad KSEB EVCS - ChargeMOD,10.75829320199584,76.13036645434084,Kootanad,Kerala,679533,ChargeMod (IN),Operational,True,60.0,6,True,2025-06-13 11:27:00+00:00,2025-06-13 11:27:00+00:00
313698,Sihla Energy EVCS - ChargeMOD,10.734551963997376,76.0486466862173,Changaramkulam,Kerala,679571,ChargeMod (IN),Operational,True,60.0,1,True,2025-06-13 11:18:00+00:00,2025-06-13 11:18:00+00:00
313697,Kadharkkante Chayakkada - ChargeMOD,10.732605539222304,76.03743007303854,Changaramkulam,Kerala,679591,ChargeMod (IN),Operational,True,30.0,1,True,2025-06-13 11:14:00+00:00,2025-06-13 11:14:00+00:00
313696,Maranchery Bank EVCS - ChargeMOD,10.733824066652744,75.97481311884229,Maranchery,Kerala,679581,ChargeMod (IN),Operational,True,30.0,2,True,2025-06-13 11:10:00+00:00,2025-06-13 11:10:00+00:00
313695,Sihla Energy CV Junction,10.78474624498736,75.94715236357325,Ponnanu,Kerala,679586,ChargeMod (IN),Operational,True,30.0,1,True,2025-06-13 11:05:00+00:00,2025-06-13 11:05:00+00:00
313694,Ponnani KSEB EVCS - ChargeMOD,10.77270262589785,75.94715150475236,Ponnani,Kerala,679586,ChargeMod (IN),Operational,True,30.0,6,True,2025-06-13 11:01:00+00:00,2025-06-13 11:01:00+00:00
313693,Flash Charge EVCS - ChargeMOD,10.68134081925561,76.16966999398119,Erumappetti,Kerala,680584,ChargeMod (IN),Operational,True,30.0,2,True,2025-06-13 10:52:00+00:00,2025-06-13 10:52:00+00:00
313692,SR Power Hub - ChargeMOD,10.6444113065335,76.2366523754647,Wadakkanchery,Kerala,680623,ChargeMod (IN),Operational,True,60.0,4,True,2025-06-13 10:49:00+00:00,2025-06-13 10:49:00+00:00
313690,Executive EVCS - ChargeMOD,10.6166265863953,76.12578392344301,Kechery,Kerala,680501,ChargeMod (IN),Operational,True,60.0,3,True,2025-06-13 10:45:00+00:00,2025-06-13 10:45:00+00:00
313688,Core Multicusine Restaurant - ChargeMOD,10.605823669307211,76.21178763460574,Killannur,Kerala,680581,ChargeMod (IN),Operational,True,30.0,1,True,2025-06-13 10:41:00+00:00,2025-06-13 10:41:00+00:00
313683,Plug and Share Charge EVCS - ChargeMOD,10.540561786051626,76.21568678106814,Thrissur,Kerala,680002,ChargeMod (IN),Operational,True,30.0,2,True,2025-06-13 09:40:00+00:00,2025-06-13 09:40:00+00:00
313682,Vydyuthi Bhavan KSEB EVCS - ChargeMOD,10.527794705960048,76.20534384591946,Thrissur,Kerala,680004,ChargeMod (IN),Operational,True,30.0,6,True,2025-06-13 09:35:00+00:00,2025-06-13 09:35:00+00:00
313681,V8 Car Spa (EVOK) - ChargeMOD,10.521332304786895,76.23075684655782,Thrissur,Kerala,680005,ChargeMod (IN),Operational,True,30.0,2,True,2025-06-13 09:31:00+00:00,2025-06-13 09:31:00+00:00
313679,Guardian EV Charging Station by Imminent Future - ChargeMOD,10.522036160727891,76.22756889930918,Thrissur,Kerala,680005,ChargeMod (IN),Operational,True,30.0,1,True,2025-06-13 09:28:00+00:00,2025-06-13 09:28:00+00:00
313678,Anchorage AC - ChargeMOD,10.51150300660646,76.2211242647158,Mundupalam,Kerala,680006,ChargeMod (IN),Not Operational,False,30.0,1,True,2025-06-13 09:25:00+00:00,2026-01-23 11:03:00+00:00
313677,Flash Hub EVCS - ChargeMOD,10.504451667440918,76.2253414703747,Thrissur,Kerala,680006,ChargeMod (IN),Operational,True,30.0,4,True,2025-06-13 09:22:00+00:00,2025-06-13 09:22:00+00:00
313676,Hotel Bhavan EVCS (EVOK) - ChargeMOD,10.49768853180406,76.06464225925947,Engandiyoor,Kerala,680615,ChargeMod (IN),Operational,True,30.0,1,True,2025-06-13 09:17:00+00:00,2025-06-13 09:17:00+00:00
313675,Surya Hotel (EVOK) - ChargeMOD,10.431569255270972,76.14255951064098,Chazhoor,Kerala,680571,ChargeMod (IN),Operational,True,30.0,2,True,2025-06-13 09:14:00+00:00,2025-06-13 09:14:00+00:00
313673,Valappad KSEB EVCS - ChargeMOD,10.401732210974814,76.11933511778938,Valappad,Kerala,680567,ChargeMod (IN),Operational,True,30.0,6,True,2025-06-13 09:08:00+00:00,2025-06-13 09:08:00+00:00
313672,Nattika FIRKA Service Co-Operative Bank - ChargeMOD,10.402437782624176,76.11263307811237,Nattika,Kerala,680567,ChargeMod (IN),Operational,True,60.0,2,True,2025-06-13 09:05:00+00:00,2025-06-13 09:05:00+00:00
313671,Sihla Energy EVCS - ChargeMOD,10.408608998498252,76.21402559833018,Karuvannur,Kerala,680711,ChargeMod (IN),Operational,True,60.0,2,True,2025-06-13 09:01:00+00:00,2026-03-02 20:59:00+00:00
313670,Irinjalakkuda KSEB EVCS - ChargeMOD,10.331423098125155,76.21526077419406,Irinjalakkuda,Kerala,680661,ChargeMod (IN),Operational,True,30.0,6,True,2025-06-13 08:57:00+00:00,2025-06-13 08:57:00+00:00
313669,Changathikoottam EVCS - ChargeMOD,10.593403340483874,76.58352519849984,Nenmara,Kerala,678508,ChargeMod (IN),Operational,True,30.0,1,True,2025-06-13 08:52:00+00:00,2025-06-13 08:52:00+00:00
313667,Vadakkenchery KSEB EVCS - ChargeMOD,10.59723817456826,76.4798493658505,Vadakkenchery,Kerala,678686,ChargeMod (IN),Operational,True,30.0,6,True,2025-06-13 08:48:00+00:00,2025-06-13 08:48:00+00:00
313665,Evee Buddy - ChargeMOD,10.59195730674837,76.46571176693163,Vadakkencherry,Kerala,678683,ChargeMod (IN),Temporarily Unavailable,True,30.0,2,True,2025-06-13 08:42:00+00:00,2025-06-13 08:42:00+00:00
313662,Plugin EVCS - ChargeMOD,10.476826918091618,76.25758184965241,Marathakkara,Kerala,680306,ChargeMod (IN),Operational,True,60.0,3,True,2025-06-13 08:37:00+00:00,2025-07-20 12:15:00+00:00
313661,Topup Zone EVCS - ChargeMOD,10.433892384483272,76.26514871789954,Amballur,Kerala,680302,ChargeMod (IN),Operational,True,60.0,2,True,2025-06-13 08:33:00+00:00,2025-06-13 08:33:00+00:00
313659,EV Point EVCS - ChargeMOD,10.380660869345943,76.29768618030681,Kodakara,Kerala,680699,ChargeMod (IN),Operational,True,60.0,2,True,2025-06-13 08:28:00+00:00,2025-06-13 08:28:00+00:00
313658,Korner EVCS - ChargeMOD,10.367048481339792,76.31535658210885,Thrissur,Kerala,680684,ChargeMod (IN),Operational,True,30.0,1,True,2025-06-13 08:25:00+00:00,2025-06-13 08:25:00+00:00
313656,Flash Charge EVCS - ChargeMOD,10.339608926521834,76.32174630594778,Chalakudy,Kerala,680689,ChargeMod (IN),Operational,True,60.0,2,True,2025-06-13 08:21:00+00:00,2025-06-13 08:21:00+00:00
313655,Edassery Samrudhi Hypermarket (EVOK) - ChargeMOD,10.30310177272014,76.33704224327056,Chalakudy,Kerala,680307,ChargeMod (IN),Operational,True,30.0,1,True,2025-06-13 08:18:00+00:00,2025-06-13 08:18:00+00:00
313654,Indian Coffee House (EVOK) - ChargeMOD,10.28934329936537,76.33706820135649,Chalakkudy,Kerala,680309,ChargeMod (IN),Operational,True,30.0,1,True,2025-06-13 08:15:00+00:00,2025-06-13 08:15:00+00:00
313653,Clay House Hotel,10.285574229385333,76.34237765373388,Chalakkudy,Kerala,680309,ChargeMod (IN),Operational,True,30.0,1,True,2025-06-13 08:12:00+00:00,2025-06-13 08:12:00+00:00
313650,Hill View Resort (EVOK) - ChargeMOD,10.286039650950215,76.5585155754053,Athirappilly,Kerala,680721,ChargeMod (IN),Operational,True,30.0,2,True,2025-06-12 12:31:00+00:00,2025-06-12 12:31:00+00:00
313649,EVOK Charging Station - ChargeMOD,10.21406147599896,76.37936728862815,Angamaly,Kerala,683572,ChargeMod (IN),Operational,True,30.0,1,True,2025-06-12 12:28:00+00:00,2025-06-12 12:28:00+00:00
313648,Edassery Blue Bells EVCS - ChargeMOD,10.197144124540088,76.38410959459151,Angamaly,Kerala,683572,ChargeMod (IN),Operational,True,30.0,2,True,2025-06-12 12:25:00+00:00,2025-06-12 14:38:00+00:00
313647,Hotel Elite Palazzo,10.189753400173174,76.38664227055722,Angamaly,Kerala,683572,ChargeMod (IN),Operational,True,50.0,2,True,2025-06-12 12:22:00+00:00,2025-07-26 14:49:00+00:00
313646,ChargeMOD EVCS Hub,10.16955160052332,76.37225560702467,Nedumbassery,Kerala,683589,ChargeMod (IN),Operational,True,60.0,6,True,2025-06-12 12:18:00+00:00,2025-06-12 12:18:00+00:00
313645,CIAL Terminal 3,10.156586379443638,76.39193156471646,Nedumbassery,Kerala,683589,ChargeMod (IN),Operational,True,30.0,4,True,2025-06-12 12:15:00+00:00,2025-06-12 12:19:00+00:00
313644,CIAL Terminal 1,10.156867560906605,76.38897989990119,Nedumbassery,Kerala,683589,ChargeMod (IN),Operational,True,30.0,4,True,2025-06-12 12:14:00+00:00,2025-06-12 12:14:00+00:00
313643,Capgo EVCS - ChargeMOD,10.1599144837582,76.38915826754294,Nedumbassery,Kerala,683589,ChargeMod (IN),Operational,True,30.0,1,True,2025-06-12 12:11:00+00:00,2025-06-12 12:11:00+00:00
313642,Jippus Galaxy EVCS - ChargeMOD,10.161062057476386,76.38563077960612,Nedumbassery,Kerala,683589,ChargeMod (IN),Operational,True,25.0,1,True,2025-06-12 12:09:00+00:00,2025-06-12 12:09:00+00:00
313641,Airsuite Airport Hotel,10.159295127176051,76.378522878571,Nedumbassery,Kerala,683589,ChargeMod (IN),Not Operational,False,30.0,1,True,2025-06-12 12:07:00+00:00,2026-01-23 10:36:00+00:00
313640,North Paravoor KSEB EVCS - ChargeMOD,10.145632978293406,76.25690380565499,North Paravoor,Kerala,683520,ChargeMod (IN),Operational,True,30.0,5,True,2025-06-12 12:03:00+00:00,2025-06-12 12:03:00+00:00
313639,Dhruv EVCS - ChargeMOD,10.154913045890254,76.28601444774222,Kunnukara,Kerala,683578,ChargeMod (IN),Operational,True,30.0,2,True,2025-06-12 12:00:00+00:00,2025-06-12 12:00:00+00:00
313638,Sulfex Mattress (EVOK) - ChargeMOD,10.081559652703303,76.33986741548819,Choornikkara,Kerala,683501,ChargeMod (IN),Operational,True,30.0,1,True,2025-06-12 11:56:00+00:00,2025-06-12 11:56:00+00:00
313637,EVM MG Motors Coastline Garage - ChargeMOD,10.077284480624044,76.3376412345441,Kochi,Kerala,683106,ChargeMod (IN),Operational,True,60.0,2,True,2025-06-12 11:54:00+00:00,2025-06-12 11:54:00+00:00
313636,Steelane (EVOK) - ChargeMOD,10.040433868452538,76.33852407332273,Kalamassery,Kerala,682021,ChargeMod (IN),Operational,True,30.0,1,True,2025-06-12 11:49:00+00:00,2025-06-12 11:49:00+00:00
313635,Kalamassery KSEB EVCS - ChargeMOD,10.053770034128178,76.33086763254079,Kalamassery,Kerala,683104,ChargeMod (IN),Operational,True,30.0,6,True,2025-06-12 11:46:00+00:00,2025-06-12 11:46:00+00:00
313634,Rajagiri College EVCS - ChargeMOD,10.052459248046604,76.31465630080953,Kalamassery,Kerala,682039,ChargeMod (IN),Operational,True,30.0,3,True,2025-06-12 11:43:00+00:00,2025-06-12 11:43:00+00:00
313633,Flash Charge - ChargeMOD,10.02776086032486,76.31117443905742,Edappally,Kerala,682024,ChargeMod (IN),Operational,True,30.0,2,True,2025-06-12 11:39:00+00:00,2025-06-12 11:39:00+00:00
313632,Kaloor KSEB EVCS - ChargeMOD,10.000241036861423,76.29842982467909,Kaloor,Kerala,682017,ChargeMod (IN),Operational,True,30.0,6,True,2025-06-12 11:32:00+00:00,2025-06-12 11:32:00+00:00
313631,Gandhinagar KSEB EVCS - ChargeMOD,9.974192529648036,76.29368170309505,Kochi,Kerala,682020,ChargeMod (IN),Operational,True,30.0,6,True,2025-06-12 11:29:00+00:00,2025-06-12 11:29:00+00:00
313630,Chillax EVCS (EVOK) - ChargeMOD,9.985005178404208,76.3160654318624,Thammanam,Kerala,682032,ChargeMod (IN),Operational,True,30.0,1,True,2025-06-12 11:23:00+00:00,2025-06-12 11:23:00+00:00
313629,Evee Buddy - Memaid EVCS - ChargeMOD,9.971684804361004,76.32415963358551,Vyttila,Kerala,682019,ChargeMod (IN),Operational,True,30.0,1,True,2025-06-12 11:18:00+00:00,2025-06-12 11:18:00+00:00
313628,Broad Bean Hotel (EVOK) - ChargeMOD,9.962667763402436,76.31821354245426,Vyttila,Kerala,682019,ChargeMod (IN),Operational,True,60.0,2,True,2025-06-12 11:15:00+00:00,2025-08-02 12:37:00+00:00
313627,Vyttila KSEB EVCS - ChargeMOD,9.962901962801451,76.31922070618452,Vyttila,Kerala,682019,ChargeMod (IN),Operational,True,30.0,6,True,2025-06-12 11:13:00+00:00,2025-06-12 11:13:00+00:00
313626,BYD EVM Southcoast Service Centre - ChargeMOD,9.94813498576815,76.31850175922932,Maradu,Kerala,682304,ChargeMod (IN),Operational,True,60.0,2,True,2025-06-12 11:04:00+00:00,2025-06-15 12:12:00+00:00
313625,EVM La Maison Citroen Kochi - ChargeMOD,9.940155100929148,76.31841841422022,Maradu,Kerala,682304,ChargeMod (IN),Operational,True,30.0,2,True,2025-06-12 10:59:00+00:00,2025-06-12 10:59:00+00:00
313624,LiON EVCS - ChargeMOD,9.94222521279606,76.33388510471883,Maradu,Kerala,682038,ChargeMod (IN),Operational,True,30.0,2,True,2025-06-12 10:56:00+00:00,2025-06-12 10:56:00+00:00
313623,Rajagiri Hospital EVCS - ChargeMOD,10.088031831505504,76.3890422078266,Aluva,Kerala,683112,ChargeMod (IN),Operational,True,30.0,4,True,2025-06-12 10:35:00+00:00,2025-06-12 10:35:00+00:00
313622,Raos EVCS - ChargeMOD,9.93254634166027,76.3882939775574,Thrippunithara,Kerala,682312,ChargeMod (IN),Operational,True,30.0,1,True,2025-06-12 10:32:00+00:00,2025-06-12 10:32:00+00:00
313621,PPG Home EVCS - ChargeMOD,9.932987601606117,76.38873573076705,Thrippunithara,Kerala,682312,ChargeMod (IN),Operational,True,60.0,4,True,2025-06-12 10:30:00+00:00,2025-06-12 10:30:00+00:00
313620,Hound Mobility EVCS | Kakkanad,10.001801810427551,76.36151799279622,Kakkanad,Kerala,682030,ChargeMod (IN),Operational,True,60.0,4,True,2025-06-12 10:26:00+00:00,2026-01-23 10:24:00+00:00
313619,Wonderla - Statiq,10.02602207094047,76.3919959661103,Pallikkara,Kerala,683565,Statiq (IN),Operational,True,60.0,5,True,2025-06-12 10:17:00+00:00,2025-06-12 10:17:00+00:00
313618,Matha DC EVCS - ChargeMOD,10.031936931279205,76.40749252320211,Kizhakkambalam,Kerala,683562,ChargeMod (IN),Operational,True,30.0,2,True,2025-06-12 10:12:00+00:00,2025-06-12 10:12:00+00:00
313617,Hotel Oottupura (EVOK) - ChargeMOD,10.130170867903814,76.47072020964066,Perumbavoor,Kerala,683543,ChargeMod (IN),Operational,True,30.0,1,True,2025-06-12 10:03:00+00:00,2025-06-19 16:40:00+00:00
313616,Renvolt (EVOK) - ChargeMOD,10.069470074742668,76.60263007017147,Kothamangalam,Kerala,686691,ChargeMod (IN),Operational,True,60.0,2,True,2025-06-12 10:00:00+00:00,2025-06-12 10:00:00+00:00
313615,Kothamangalam KSEB EVCS - ChargeMOD,10.053980539499676,76.61538420232228,Kothamangalam,Kerala,686691,ChargeMod (IN),Operational,True,30.0,6,True,2025-06-12 09:57:00+00:00,2025-06-12 09:57:00+00:00
313614,GATR PowerFin EVCS - ChargeMOD,9.979468552526953,76.55067812604801,Muvattupuzha,Kerala,682316,ChargeMod (IN),Operational,True,30.0,1,True,2025-06-12 09:53:00+00:00,2025-06-12 09:53:00+00:00
313613,PlugMap EVCS by Evan and Eyan,9.978862993946649,76.58443995153965,Moovattupuzha,Kerala,686661,ChargeMod (IN),Operational,True,60.0,4,True,2025-06-12 09:50:00+00:00,2026-03-02 19:24:00+00:00
313612,Kabani International (EVOK) - ChargeMOD,9.979118267964807,76.58664022612703,Moovattupuzha,Kerala,686661,ChargeMod (IN),Operational,True,30.0,2,True,2025-06-12 09:47:00+00:00,2025-06-12 09:47:00+00:00
313611,Pineapple City EVCS - ChargeMOD,9.946157359688044,76.6356309994008,Thodupuzha,Kerala,686670,ChargeMod (IN),Operational,True,60.0,2,True,2025-06-12 09:44:00+00:00,2025-06-12 09:44:00+00:00
313610,Hotel Woodlands - ChargeMOD,9.91734069694752,76.68758141119349,Thodupuzha,Kerala,686670,ChargeMod (IN),Operational,True,30.0,2,True,2025-06-12 09:40:00+00:00,2025-06-12 09:40:00+00:00
313609,Thodupuzha KSEB EVCS - ChargeMOD,9.892123471651985,76.7085305288831,Thodupuzha,Kerala,685608,ChargeMod (IN),Operational,True,30.0,6,True,2025-06-12 09:37:00+00:00,2025-06-12 09:37:00+00:00
313608,EQ EV Nest - ChargeMOD,9.863113531376897,76.6970905245609,Karimkunnam,Kerala,685586,ChargeMod (IN),Operational,True,30.0,2,True,2025-06-12 09:31:00+00:00,2025-06-12 09:31:00+00:00
313606,Royal EV Charging - ChargeMOD,9.856562504416218,76.59656979753362,Koothattukulam,Kerala,686662,ChargeMod (IN),Operational,True,30.0,3,True,2025-06-12 09:27:00+00:00,2025-06-12 09:27:00+00:00
313605,EQ ChargeMate - ChargeMOD,9.798850817452347,76.4598873830646,Thalayolaparambu,Kerala,686605,ChargeMod (IN),Operational,True,30.0,2,True,2025-06-12 09:24:00+00:00,2025-06-12 09:24:00+00:00
313603,Sihla Energy - ChargeMOD,9.594581375188383,76.42606941926459,Kumarakom,Kerala,686563,ChargeMod (IN),Operational,True,30.0,2,True,2025-06-12 09:20:00+00:00,2025-06-12 09:20:00+00:00
313602,BMW EVM Autokraft Service Center - ChargeMOD,8.502329327755106,76.89772557160751,Kochuveli,Kerala,695021,ChargeMod (IN),Operational,True,24.0,1,True,2025-06-12 09:12:00+00:00,2025-06-12 09:12:00+00:00
313601,ChargeMOD EVCS,8.357873853342397,77.07294497953484,Thiruvananthapuram,Kerala,695133,ChargeMod (IN),Operational,True,40.0,2,True,2025-06-12 09:08:00+00:00,2025-06-19 16:37:00+00:00
313600,Emily By JDaniels,8.49497477821879,76.97756797546737,Poojappura,Kerala,695012,ChargeMod (IN),Operational,True,60.0,2,True,2025-06-12 09:04:00+00:00,2025-06-19 16:37:00+00:00
313599,Nuke EVCS - ChargeMOD,8.548542374667107,76.91829327971476,Sreekaryam,Kerala,695017,ChargeMod (IN),Not Operational,False,30.0,2,True,2025-06-12 08:59:00+00:00,2026-03-16 12:59:00+00:00
313598,Electro Zone EV Fast Charging Station - ChargeMOD,8.560820152303819,76.89816463865816,Karyavattom,Kerala,695581,ChargeMod (IN),Operational,True,30.0,1,True,2025-06-12 08:56:00+00:00,2025-06-12 08:56:00+00:00
313597,Akshaya EV Fast Charging Station - ChargeMOD,8.565300166377725,76.87444738407987,Kazhakuttom,Kerala,695582,ChargeMod (IN),Operational,True,30.0,2,True,2025-06-12 08:52:00+00:00,2025-06-12 08:52:00+00:00
313594,Moolamattom KSEB EVCS - ChargeMOD,9.789170222066858,76.85385688839403,Moolamattom,Kerala,685589,ChargeMod (IN),Operational,True,30.0,6,True,2025-06-11 19:04:00+00:00,2025-06-11 19:04:00+00:00
313593,EQ Vagamon EV Port - ChargeMOD,9.68430398680107,76.89548263873428,Vagamon,Kerala,686512,ChargeMod (IN),Operational,True,30.0,3,True,2025-06-11 18:59:00+00:00,2025-06-11 18:59:00+00:00
313592,Palm Peats (EVOK) - ChargeMOD,9.69067896839472,76.7745897285775,Erattupetta,Kerala,686121,ChargeMod (IN),Operational,True,30.0,1,True,2025-06-11 18:56:00+00:00,2025-06-11 18:56:00+00:00
313591,Flour Mill (EVOK) - ChargeMOD,9.711918348051457,76.6932444958519,Pala,Kerala,686575,ChargeMod (IN),Operational,True,30.0,1,True,2025-06-11 18:54:00+00:00,2025-06-11 18:54:00+00:00
313590,Jim and Jims EVCS - ChargeMOD,9.691623797834922,76.64031694680193,Pala,Kerala,686574,ChargeMod (IN),Operational,True,60.0,4,True,2025-06-11 18:49:00+00:00,2025-06-11 18:49:00+00:00
313589,Alpha Hangout Play World,9.66116385221578,76.55132832762774,Ettumanoor,Kerala,686631,ChargeMod (IN),Operational,True,60.0,2,True,2025-06-11 18:45:00+00:00,2025-06-11 18:45:00+00:00
313587,Gandhi Nagar KSEB EVCS - ChargeMOD,9.632684209424426,76.52440170126067,Arpookara,Kerala,686008,ChargeMod (IN),Operational,True,30.0,5,True,2025-06-11 18:40:00+00:00,2025-06-11 18:40:00+00:00
313586,Indraprastha Hotel (EVOK) - ChargeMOD,9.601836959255364,76.5321590128982,Kottayam,Kerala,686006,ChargeMod (IN),Operational,True,30.0,1,True,2025-06-11 18:35:00+00:00,2025-06-11 18:35:00+00:00
313585,Charge n Fresh EVCS - ChargeMOD,9.5862574882092,76.58841522125499,Kottayam,Kerala,686019,ChargeMod (IN),Operational,True,30.0,2,True,2025-06-11 18:31:00+00:00,2025-06-11 18:31:00+00:00
313584,Pallam KSEB EVCS - ChargeMOD,9.543064906573704,76.51423132822606,Pallom,Kerala,686007,ChargeMod (IN),Operational,True,30.0,6,True,2025-06-11 18:27:00+00:00,2025-06-11 18:27:00+00:00
313583,Amma Restaurant,9.519932044528945,76.32752164445753,Alappuzha,Kerala,688007,ChargeMod (IN),Operational,True,30.0,1,True,2025-06-11 18:20:00+00:00,2025-06-11 18:20:00+00:00
313582,Thankamanys EV Fast Charging Station - ChargeMOD,9.505147465480915,76.32832598188742,Alappuzha,Kerala,688007,ChargeMod (IN),Operational,True,30.0,1,True,2025-06-11 18:18:00+00:00,2025-06-11 18:18:00+00:00
313581,Punnapra KSEB EVCS - ChargeMOD,9.42561690304693,76.34677264043893,Punnapra,Kerala,688003,ChargeMod (IN),Operational,True,30.0,6,True,2025-06-11 18:12:00+00:00,2025-06-11 18:12:00+00:00
313580,Pathalil EVCS - Charge MOD,9.506164435852696,76.65233361498815,Nedumkunnam,Kerala,686542,ChargeMod (IN),Operational,True,30.0,2,True,2025-06-11 18:06:00+00:00,2026-01-23 09:27:00+00:00
313579,JJ E Fills - ChargeMOD,9.45225032580369,76.54723889833599,Changanassery,Kerala,686101,ChargeMod (IN),Operational,True,60.0,3,True,2025-06-11 18:01:00+00:00,2025-06-11 18:01:00+00:00
313578,Wealfro EV Hub,9.42107626726309,76.54613416788874,Thiruvalla,Kerala,689107,ChargeMod (IN),Operational,True,40.0,1,True,2025-06-11 17:57:00+00:00,2025-06-11 17:57:00+00:00
313577,Anand Hypermarket - ChargeMOD,9.373321982204288,76.56481064983558,Thiruvalla,Kerala,689101,ChargeMod (IN),Operational,True,25.0,1,True,2025-06-11 17:51:00+00:00,2026-01-23 09:11:00+00:00
313576,Iongrid EV Spark - ChargeMOD,9.367525880261468,76.49951805750726,Edathwa,Kerala,688011,ChargeMod (IN),Operational,True,30.0,3,True,2025-06-11 17:47:00+00:00,2025-06-11 17:47:00+00:00
313575,V Charge Hub - ChargeMOD,9.31425028332201,76.42910773148486,Karuvatta,Kerala,690517,ChargeMod (IN),Operational,True,60.0,4,True,2025-06-11 17:39:00+00:00,2026-01-31 00:09:00+00:00
313574,Quick Charge EVCS - ChargeMOD,9.315750048885036,76.40122120264317,Karuvatta,Kerala,690517,ChargeMod (IN),Operational,True,60.0,8,True,2025-06-11 17:33:00+00:00,2025-06-11 17:33:00+00:00
313569,Phills Hub EVCS - ChargeMOD,9.316652369390567,76.80090226904508,Pathanamthitta,Kerala,689672,ChargeMod (IN),Operational,True,60.0,2,True,2025-06-11 16:04:00+00:00,2025-06-11 16:06:00+00:00
313567,Pamba KSEB EVCS - ChargeMOD,9.412378118693468,77.069968563425,Pamba,Kerala,689713,ChargeMod (IN),Operational,True,30.0,6,True,2025-06-11 15:58:00+00:00,2025-06-11 15:58:00+00:00
313560,EVOK Pathanamthitta - ChargeMOD,9.306222052286827,76.80366578189017,Pathanamthitta,Kerala,689678,ChargeMod (IN),Operational,True,30.0,1,True,2025-06-11 15:49:00+00:00,2025-06-11 15:49:00+00:00
313559,Green Plug EVCS - ChargeMOD,9.271844657077722,76.65508788685014,Chengannur,Kerala,689504,ChargeMod (IN),Operational,True,30.0,1,True,2025-06-11 15:45:00+00:00,2025-06-11 15:45:00+00:00
313557,PTC Arcade - ChargeMOD,9.3012934024366,76.63077878361094,Chengannur,Kerala,689122,ChargeMod (IN),Operational,True,90.0,3,True,2025-06-11 15:42:00+00:00,2025-06-11 15:42:00+00:00
313554,Askar EV - ChargeMOD,9.23250558016045,76.53790278235039,Mavelikkara,Kerala,690101,ChargeMod (IN),Operational,True,25.0,1,True,2025-06-11 15:30:00+00:00,2025-06-11 15:30:00+00:00
313553,Anaswara Jewellers EVCS - ChargeMOD,9.229128424494249,76.84839128111668,Konni,Kerala,689961,ChargeMod (IN),Operational,True,30.0,1,True,2025-06-11 15:27:00+00:00,2025-06-11 15:27:00+00:00
313552,EQ Power Buzz EVCS - ChargeMOD,9.187183740570958,76.70929549578068,Paranthal,Kerala,689501,ChargeMod (IN),Operational,True,25.0,2,True,2025-06-11 15:23:00+00:00,2025-06-11 15:23:00+00:00
313550,Adhithya Green Power - ChargeMOD,9.180307946017876,76.70896676308257,Paranthal,Kerala,689501,ChargeMod (IN),Operational,True,30.0,1,True,2025-06-11 15:18:00+00:00,2025-06-11 15:18:00+00:00
313549,SR Auto Zone - ChargeMOD,9.16249940510822,76.71051677559518,Adoor,Kerala,691522,ChargeMod (IN),Operational,True,30.0,1,True,2025-06-11 15:14:00+00:00,2025-06-11 15:14:00+00:00
313548,Artemis EV Super Charger - ChargeMOD,9.198881109408164,76.60017650492466,Mavelikkara,Kerala,690534,ChargeMod (IN),Operational,True,30.0,2,True,2025-06-11 15:09:00+00:00,2025-06-11 15:09:00+00:00
313547,Royale Regency (EVOK) - ChargeMOD,9.13062559529014,76.51429714499989,Ochira,Kerala,690526,ChargeMod (IN),Operational,True,30.0,1,True,2025-06-11 15:02:00+00:00,2025-06-11 15:02:00+00:00
313546,Delight Launch Cafe - ChargeMOD,9.059350297189397,76.76600396907929,Kottarakkara,Kerala,691560,ChargeMod (IN),Operational,True,30.0,2,True,2025-06-11 14:58:00+00:00,2025-06-11 14:58:00+00:00
313545,Ente Veedu Interior (EVOK) - ChargeMOD,9.030351870410756,76.78219777246784,Kottarakkara,Kerala,691560,ChargeMod (IN),Operational,True,30.0,1,True,2025-06-11 14:43:00+00:00,2025-06-11 14:43:00+00:00
313541,Thenmala EVOK - ChargeMOD,8.966824195605966,77.05562962995492,Thenmala,Kerala,691308,ChargeMod (IN),Operational,True,30.0,1,True,2025-06-11 13:23:00+00:00,2025-06-11 14:01:00+00:00
313540,Plug N Pay EVCS - ChargeMOD,8.935045209787887,76.77241547653307,Odanavattom,Kerala,691512,ChargeMod (IN),Operational,True,30.0,1,True,2025-06-11 13:20:00+00:00,2025-06-11 14:01:00+00:00
313539,Kundara KSEB - ChargeMOD,8.95718585834993,76.67133653462605,Kundara,Kerala,691501,ChargeMod (IN),Operational,True,30.0,6,True,2025-06-11 13:15:00+00:00,2025-06-11 14:01:00+00:00
313538,Sree Suprabhatham - ChargeMOD,8.926969524448452,76.55280314933964,Kollam,Kerala,691581,ChargeMod (IN),Operational,True,60.0,2,True,2025-06-11 13:08:00+00:00,2025-06-11 14:01:00+00:00
313537,Bishop Jerome Nagar (EVOK) EVCS - ChargeMOD,8.887577413782594,76.58843660568147,Chinnakkada,Kerala,691001,ChargeMod (IN),Operational,True,60.0,2,True,2025-06-11 13:02:00+00:00,2025-06-11 14:01:00+00:00
313536,VOX Xpress Wash (EVOK) - ChargeMOD,8.87386801577226,76.64100893106445,Kollam,Kerala,691020,ChargeMod (IN),Operational,True,30.0,1,True,2025-06-11 12:57:00+00:00,2025-06-11 14:01:00+00:00
313535,EVOK Charging Stattion - ChargeMOD,8.819673867794634,76.75363730582768,Parippalli,Kerala,691574,ChargeMod (IN),Operational,True,30.0,1,True,2025-06-11 12:53:00+00:00,2025-06-11 14:01:00+00:00
313534,Plug N Pay EVCS,8.935694034983442,76.85104921051595,Kottarakkara,Kerala,691532,ChargeMod (IN),Operational,True,30.0,2,True,2025-06-11 12:49:00+00:00,2025-06-11 14:01:00+00:00
313533,Kottiyam KSEB EVCS - ChargeMOD,8.866370095144688,76.66887781466477,Kottiyam,Kerala,691571,ChargeMod (IN),Temporarily Unavailable,True,30.0,6,True,2025-06-11 12:22:00+00:00,2025-06-11 14:01:00+00:00
313532,Avananchery KSEB EVCS - ChargeMOD,8.690987763706332,76.8483977852415,Attingal,Kerala,695103,ChargeMod (IN),Operational,True,30.0,6,True,2025-06-11 12:14:00+00:00,2025-06-11 14:01:00+00:00
313531,Paruthippara KSEB EVCS - ChargeMOD,8.534933840840353,76.94198425748345,Paruthippara,Kerala,695015,ChargeMod (IN),Operational,True,60.0,6,True,2025-06-11 12:07:00+00:00,2025-06-11 14:01:00+00:00
313530,Pattom KSEB EVCS - ChargeMOD,8.516753527229795,76.93968817666752,Pattom,Kerala,695004,ChargeMod (IN),Operational,True,60.0,6,True,2025-06-11 12:00:00+00:00,2025-06-11 14:01:00+00:00
313529,ANERT EESL - Pinarayi Park,11.795232100785311,75.49021889997948,Kannur,Kerala,670741,EESL (IN),Operational,True,60.0,3,True,2025-06-11 11:43:00+00:00,2025-06-11 14:01:00+00:00
313528,ANERT EESL - Aahar Restaurant Vadakara,11.586364891391128,75.59322033744107,Vadakara,Kerala,673101,EESL (IN),Operational,True,60.0,3,True,2025-06-11 11:37:00+00:00,2025-06-11 14:01:00+00:00
313527,ANERT EESL - Moosakkutti Memorial Bus Stand,10.97506930502017,76.22228328115466,Perinthalmanna,Kerala,679322,EESL (IN),Operational,True,60.0,3,True,2025-06-11 11:32:00+00:00,2025-06-11 14:01:00+00:00
313526,ANERT EESL - Kanjirappuzha Garden,10.989259255628724,76.5370121393978,Mannarkkad,Kerala,678591,EESL (IN),Operational,True,60.0,3,True,2025-06-11 11:28:00+00:00,2025-06-11 14:01:00+00:00
313525,ANERT EESL - KTDC Aahar Restaurant ,9.149021955063075,76.5129182302341,Kayamkulam,Kerala,690533,EESL (IN),Operational,True,60.0,3,True,2025-06-11 11:22:00+00:00,2025-06-11 14:01:00+00:00
313515,ANERT EESL - Kulappulli Bus Stand,10.781016444981958,76.27832766263367,Shornur,Kerala,679122,EESL (IN),Operational,True,60.0,3,True,2025-06-10 12:42:00+00:00,2025-06-11 14:01:00+00:00
313514,ANERT EESL - KILA Thrissur,10.601581892750232,76.21488230874667,Thrissur,Kerala,680581,EESL (IN),Operational,True,60.0,3,True,2025-06-10 12:38:00+00:00,2025-06-11 14:01:00+00:00
313513,ANERT EESL - Chittur Thathamangalam Minicipality,10.692951545459948,76.7262620829282,Palakkad,Kerala,678104,EESL (IN),Operational,True,60.0,3,True,2025-06-10 12:34:00+00:00,2025-06-11 14:01:00+00:00
313512,ANERT EESL - DTPC Idukki Park,9.849056508967635,76.97740370583625,Idukki,Kerala,685602,EESL (IN),Operational,True,60.0,3,True,2025-06-10 12:29:00+00:00,2025-06-11 14:01:00+00:00
313511,ANERT EESL - Ernakulam,9.97698850139885,76.2778105180987,Ernakulam,Kerala,682031,EESL (IN),Operational,True,60.0,4,True,2025-06-10 12:25:00+00:00,2025-06-11 14:01:00+00:00
313510,ANERT EESL - Autokast ,9.63370013043675,76.33372244690435,Cherthala,Kerala,688539,EESL (IN),Operational,True,60.0,3,True,2025-06-10 12:21:00+00:00,2025-07-10 11:04:00+00:00
313509,ANERT EESL Milma Diary Plant - EESL,9.218788691780205,76.74875398321973,Pathanamthitta,Kerala,689648,EESL (IN),Operational,True,60.0,3,True,2025-06-10 12:16:00+00:00,2025-06-11 14:01:00+00:00
313508,ANERT - EESL Sangamukham - EESL,8.481014702107387,76.91264314471567,Thiruvananthapuram,Kerala,695008,EESL (IN),Operational,True,60.0,4,True,2025-06-10 12:09:00+00:00,2025-06-11 14:01:00+00:00
313507,Apco Hyundai - ChargeZone,12.508914881020132,75.0447842630179,Chengala,Kerala,671541,Chargezone (India),Planned For Future Date,False,30.0,2,True,2025-06-10 12:04:00+00:00,2025-06-11 16:27:00+00:00
313506,Thiruvangoor EV Fast Charging Station - ChargeMOD,11.382827235535927,75.73593649657082,Kozhikode,Kerala,673304,ChargeMod (IN),Operational,True,60.0,2,True,2025-06-10 12:01:00+00:00,2025-06-13 13:28:00+00:00
313505,MB#Bridgeway Motors,11.282498947490096,75.76959949804987,Kozhikode,Kerala,673005,ChargeMod (IN),Operational,True,60.0,2,True,2025-06-10 11:58:00+00:00,2026-02-25 11:43:00+00:00
313504,KVR Hyundai - ChargeZone,11.27997830911059,75.77048059797019,Kozhikode,Kerala,673003,Chargezone (India),Planned For Future Date,False,30.0,2,True,2025-06-10 11:55:00+00:00,2025-06-11 14:01:00+00:00
313503,Grand Hyundai - ChargeZone,10.790476610940487,76.65111938555197,Palakkad,Kerala,678003,Chargezone (India),Operational,True,60.0,2,True,2025-06-10 11:52:00+00:00,2026-02-25 13:35:00+00:00
313502,MB#Bridgeway Motors,10.471047117861415,76.25745902731421,Thrissur,Kerala,680306,ChargeMod (IN),Operational,True,60.0,2,True,2025-06-10 11:49:00+00:00,2026-02-25 11:42:00+00:00
313501,Kochi Marriot Hotel,10.029828147933712,76.30813431285094,Kochi,Kerala,682024,Chargezone (India),Planned For Future Date,False,60.0,2,True,2025-06-10 11:40:00+00:00,2026-02-25 13:00:00+00:00
313500,Le Meridien - ChargeZone,9.933863177376937,76.3168740616045,Ernakulam,Kerala,682304,Chargezone (India),Planned For Future Date,False,60.0,2,True,2025-06-10 11:37:00+00:00,2026-02-25 13:01:00+00:00
313499,MB#Coastal Star,9.922990219918262,76.31768924611822,Ernakulam,Kerala,682304,ChargeMod (IN),Operational,True,180.0,2,True,2025-06-10 11:35:00+00:00,2026-02-25 11:45:00+00:00
313498,GreenVeel,9.973783778024467,76.6006940918598,Muvattupuzha,Kerala,686661,ChargeMod (IN),Operational,True,30.0,1,True,2025-06-10 11:32:00+00:00,2026-02-25 11:58:00+00:00
313497,GreenVeel - ChargeZone,9.892659539885386,76.71176413963099,Idukki,Kerala,685584,ChargeMod (IN),Operational,True,90.0,3,True,2025-06-10 11:28:00+00:00,2026-01-23 10:02:00+00:00
313496,Athirampuzha,9.661688305606717,76.55113745755165,Kottayam,Kerala,686631,ChargeMod (IN),Operational,True,60.0,2,True,2025-06-10 11:23:00+00:00,2026-02-25 11:48:00+00:00
313495,SS Hyundai,9.27774492539669,76.75468311365398,Pathanamthitta,Kerala,689643,Chargezone (India),Operational,True,60.0,2,True,2025-06-10 11:19:00+00:00,2026-02-25 13:07:00+00:00
313494,GDM Auditorium - ChargeZone,9.169962388825738,76.49808791886016,Kayamkulam,Kerala,690502,Chargezone (India),Operational,True,60.0,2,True,2025-06-10 11:15:00+00:00,2026-02-25 13:06:00+00:00
313493,Hotel Indraprastha,9.052355042165445,76.5354608083407,Karunagappalli,Kerala,690518,Chargezone (India),Operational,True,60.0,2,True,2025-06-10 11:12:00+00:00,2026-02-25 13:08:00+00:00
313492,Best EVCS - ChargeMOD,9.046053009129778,76.53663078070491,Karunagappalli,Kerala,690518,Chargezone (India),Operational,True,30.0,1,True,2025-06-10 11:08:00+00:00,2025-06-11 14:36:00+00:00
313491,Instacharge EV Fast Charging and Café,8.915427160815128,76.61486886765476,Kollam,Kerala,691015,ChargeMod (IN),Operational,True,60.0,4,True,2025-06-10 11:04:00+00:00,2026-02-25 12:00:00+00:00
313490,Chungath Sprise Hyundai - ChargeZone,8.911104862076982,76.62735315845515,Kollam,Kerala,691004,Chargezone (India),Planned For Future Date,False,30.0,2,True,2025-06-10 11:00:00+00:00,2025-06-11 14:01:00+00:00
313489,KVE Charge,8.737548356185883,76.70789801259406,Varkala,Kerala,695311,ChargeMod (IN),Operational,True,60.0,3,True,2025-06-10 10:55:00+00:00,2026-02-25 12:03:00+00:00
313488,Marvel Paints,8.535706208418148,76.96526204012383,Thiruvananthapuram,Kerala,695005,ChargeMod (IN),Operational,True,60.0,2,True,2025-06-10 10:50:00+00:00,2026-02-25 12:07:00+00:00
313475,Raj Residency - Zeon,12.304241742478752,75.09704178085582,Kanhangad,Kerala,671315,Zeon Charging,Operational,True,50.0,1,True,2025-06-09 18:54:00+00:00,2025-06-11 14:01:00+00:00
313474,Koodali SCB,11.927016595657648,75.50042206155453,Kannur,Kerala,670595,Zeon Charging,Operational,True,30.0,1,True,2025-06-09 18:51:00+00:00,2025-06-11 14:01:00+00:00
313472,Co-Operqative Bank - Zeon,11.787885590422787,75.53302104514765,Kathirur,Kerala,670642,Zeon Charging,Operational,True,30.0,3,True,2025-06-09 18:46:00+00:00,2025-06-11 14:01:00+00:00
313471,Down Town Mall - Zeon,11.745123385253224,75.49541917459942,Thalasseri,Kerala,670104,Zeon Charging,Operational,True,60.0,2,True,2025-06-09 18:42:00+00:00,2025-06-19 09:07:00+00:00
313469,Issacs Centre Square - Zeon,11.661242260762606,76.25568142399845,Sulthan Batheri,Kerala,673592,Unknown Operator,Operational,True,24.0,1,True,2025-06-09 18:38:00+00:00,2025-06-11 14:01:00+00:00
313468,Great Trails Wayanad by GRT Hotels,11.630455838998556,76.0181458403498,Kalpetta,Kerala,673122,Zeon Charging,Operational,True,22.0,1,False,2025-06-09 18:36:00+00:00,2025-06-11 19:21:00+00:00
313467,Nesto Hypermarket - Zeon,11.603113725229337,76.08314903993465,Kalpetta,Kerala,673121,Zeon Charging,Operational,True,24.0,1,True,2025-06-09 18:29:00+00:00,2025-06-11 14:01:00+00:00
313465,HiLite Mall - Zeon,11.248102467880244,75.83413591969762,Kozhikode,Kerala,673014,Zeon Charging,Operational,True,120.0,4,True,2025-06-09 18:25:00+00:00,2025-06-19 09:07:00+00:00
313464,HiLite Business Park - Zeon,11.24701615784167,75.83467863520764,Kozhikode,Kerala,673014,Zeon Charging,Operational,True,60.0,3,True,2025-06-09 18:23:00+00:00,2025-06-19 09:06:00+00:00
313461,Nesto Hypermarket - Zeon,10.99573941435061,75.99210993730881,Kottakkal,Kerala,676501,Zeon Charging,Operational,True,60.0,2,True,2025-06-09 18:11:00+00:00,2025-06-19 09:05:00+00:00
313460,Club Sulaimani - Zeon,10.983867426675817,75.99802950416446,Kottakkal,Kerala,676503,Zeon Charging,Operational,True,24.0,1,True,2025-06-09 18:04:00+00:00,2025-06-11 14:01:00+00:00
313459,Nesto Hypermarket Zeon,10.907726245273937,75.92032568189924,Thirur,Kerala,676101,Zeon Charging,Operational,True,60.0,2,True,2025-06-09 18:01:00+00:00,2025-06-19 09:05:00+00:00
313458,Emirates Mall - Zeon,10.786020507719895,76.00816181964399,Edappal,Kerala,679576,Zeon Charging,Operational,True,24.0,1,True,2025-06-09 17:56:00+00:00,2025-06-11 14:01:00+00:00
313456,Hotel Devaragam,10.595622580626454,76.04459842650351,Guruvayur,Kerala,680101,Zeon Charging,Operational,True,24.0,1,True,2025-06-09 17:49:00+00:00,2025-06-11 14:01:00+00:00
313455,Nesto Hypermarket,10.539926248084,76.19288757731226,Thrissur,Kerala,680002,Zeon Charging,Operational,True,60.0,2,True,2025-06-09 17:46:00+00:00,2025-06-19 09:04:00+00:00
313454,Dream City Convention Center,10.55587198783526,76.32282252128522,Pattikkad,Kerala,680652,Zeon Charging,Operational,True,24.0,1,True,2025-06-09 17:42:00+00:00,2025-06-11 14:01:00+00:00
313453,Chennai Ananda Bhavan,10.51275970432485,76.25891674593504,Thrissur,Kerala,680751,Zeon Charging,Operational,True,60.0,2,True,2025-06-09 17:38:00+00:00,2025-06-19 09:03:00+00:00
313452,Hilite Mall,10.49548871358526,76.25680252890044,Thrissur,Kerala,680014,Zeon Charging,Operational,True,120.0,5,True,2025-06-09 17:35:00+00:00,2025-06-19 09:03:00+00:00
313451,Mughal Mall,10.2313190200411,76.19724309794333,Kodungallur,Kerala,680664,Zeon Charging,Operational,True,60.0,2,True,2025-06-09 17:22:00+00:00,2025-06-19 09:02:00+00:00
313450,Maxx Inn M Star,10.222723756649074,76.37569774238432,Angamaly,Kerala,683576,Zeon Charging,Operational,True,24.0,1,True,2025-06-09 17:14:00+00:00,2025-06-11 14:01:00+00:00
313449,Club Mahindra Resort - Cherai Beach,10.137093999810617,76.18028952544324,Cherai,Kerala,683514,Zeon Charging,Operational,True,22.0,2,False,2025-06-09 17:09:00+00:00,2025-06-11 19:19:00+00:00
313447,Grand Mall,10.024160422636712,76.30871193061643,Edappalli,Kerala,682024,Zeon Charging,Operational,True,60.0,3,True,2025-06-09 17:06:00+00:00,2025-06-19 09:01:00+00:00
313446,Gokul Oottupura Restaurant,10.011144817352246,76.31249740510384,Edappalli,Kerala,682021,Zeon Charging,Operational,True,50.0,1,True,2025-06-09 17:01:00+00:00,2025-06-11 14:01:00+00:00
313445,Brunton Boatyard,9.968304525407731,76.24570948393551,Cochin,Kerala,682001,Zeon Charging,Operational,True,24.0,1,True,2025-06-09 16:58:00+00:00,2025-06-11 14:01:00+00:00
313444,Casino Hotel,9.96143124399039,76.26949095249614,Kochi,Kerala,682003,Zeon Charging,Operational,True,22.0,1,False,2025-06-09 16:55:00+00:00,2025-06-11 14:01:00+00:00
313443,Hotel Ganga Grand,9.981770565891791,76.57830422508846,Moovattupuzha,Kerala,686673,Zeon Charging,Operational,True,60.0,2,True,2025-06-09 16:52:00+00:00,2025-06-19 09:00:00+00:00
313442,Eden Wood Resorts,10.025676321659006,77.05377106161887,Munnar,Kerala,685565,Zeon Charging,Operational,True,22.0,1,False,2025-06-09 16:49:00+00:00,2025-06-11 19:18:00+00:00
313441,Club Mahindra Aleppey Resort,9.859751104489362,76.33582416512633,Arookutty,Kerala,688535,Zeon Charging,Operational,True,22.0,2,False,2025-06-09 16:42:00+00:00,2025-06-11 19:17:00+00:00
313440,CGH Marari Beach,9.59603361861292,76.30277023506221,Mararikulam,Kerala,688523,Zeon Charging,Operational,True,22.0,1,False,2025-06-09 16:39:00+00:00,2025-06-11 14:01:00+00:00
313439,Cassia Restaurant,9.518713883149715,76.32748515490442,Alappuzha,Kerala,688008,Zeon Charging,Operational,True,60.0,2,True,2025-06-09 16:35:00+00:00,2025-06-19 08:58:00+00:00
313438,Hotel Aida,9.582880475673022,76.52168622035634,Kottayam,Kerala,686001,Zeon Charging,Operational,True,50.0,1,True,2025-06-09 16:32:00+00:00,2025-06-11 14:01:00+00:00
313437,The Windsor Castle Hotel,9.571548200477338,76.51936940989242,Kottayam,Kerala,686013,Zeon Charging,Operational,True,24.0,1,True,2025-06-09 16:30:00+00:00,2025-06-11 14:01:00+00:00
313436,Club Mahindra Resort - Thekkadi,9.603436669871355,77.17154785062633,Kumali,Kerala,685509,Zeon Charging,Operational,True,22.0,2,False,2025-06-09 16:26:00+00:00,2025-06-11 19:18:00+00:00
313435,RD Cinemas,9.544093022031731,76.87733542382585,Mundakkayam,Kerala,686513,Zeon Charging,Operational,True,24.0,1,True,2025-06-09 16:23:00+00:00,2025-06-11 14:01:00+00:00
313434,Kanthari Restaurants,9.455165469662148,76.54242382238897,Changanassery,Kerala,686101,Zeon Charging,Operational,True,24.0,1,True,2025-06-09 16:20:00+00:00,2025-06-11 14:01:00+00:00
313433,Mannil Green Solutions,9.283238233518844,76.53084010596456,Mavelikkara,Kerala,690105,Zeon Charging,Operational,True,60.0,2,True,2025-06-09 16:17:00+00:00,2025-06-19 08:59:00+00:00
313432,Phills Hub - Zeon,9.316719270744642,76.80097101612563,Pathanamthitta,Kerala,689672,Zeon Charging,Operational,True,24.0,1,True,2025-06-09 16:12:00+00:00,2025-06-11 16:05:00+00:00
313431,Wyte Portico Hotel,9.161947571551806,76.72149631338965,Adoor,Kerala,691523,Zeon Charging,Operational,True,24.0,1,True,2025-06-09 16:09:00+00:00,2025-06-11 14:01:00+00:00
313430,Pooyappalli Service Co-Operative Bank Ltd,8.89868209628473,76.74213825011032,Kollam,Kerala,691537,Zeon Charging,Operational,True,30.0,4,True,2025-06-09 16:07:00+00:00,2025-06-11 14:01:00+00:00
313420,N and N Station,8.864731077119629,76.66048322159958,Kottiyam,Kerala,691 571,ChargeMod (IN),Operational,True,30.0,2,True,2025-06-09 15:03:00+00:00,2025-06-11 14:01:00+00:00
313419,Amma Veedu Restaurent,8.930368464794824,76.85381998387061,Ayoor,Kerala,691533,ChargeMod (IN),Operational,True,30.0,1,True,2025-06-09 14:55:00+00:00,2025-06-11 14:01:00+00:00
313418,DM Charging,8.812579175105057,76.75675170508435,Parippilli,Kerala,691574,Zeon Charging,Operational,True,60.0,2,True,2025-06-09 14:48:00+00:00,2025-06-19 08:59:00+00:00
313417,New Indraprastha (EVOK) EVCS,8.792020363373027,76.77063200499896,Kallambalam,Kerala,695603,ChargeMod (IN),Operational,True,30.0,1,True,2025-06-09 14:44:00+00:00,2025-06-11 14:01:00+00:00
313416,Vazhiyorakkada Hotel,8.785763001571354,76.8837004391724,Kilimamoor,Kerala,695614,ChargeMod (IN),Operational,True,30.0,1,True,2025-06-09 14:39:00+00:00,2025-06-11 14:01:00+00:00
313406,Astro Burgers,8.687607887565733,76.82992395389022,Attingal,Kerala,695101,Zeon Charging,Operational,True,24.0,1,True,2025-06-09 09:12:00+00:00,2025-06-11 14:01:00+00:00
313405,Edackodu Bank EVCS,8.671500192022364,76.83499833192644,Thiruvananthapuram,Kerala,695104,ChargeMod (IN),Operational,True,60.0,3,True,2025-06-09 09:07:00+00:00,2025-06-11 14:01:00+00:00
313404,Kerala EV Vembayam,8.651754842325019,76.92797970100514,Thiruvananthapuram,Kerala,695616,ChargeMod (IN),Operational,True,60.0,2,True,2025-06-09 09:03:00+00:00,2026-01-22 13:46:00+00:00
313403,Ultralink EVCS Charging Station,8.33075691265681,77.14237583090846,Thiruvananthapuram,Kerala,695502,ChargeMod (IN),Operational,True,30.0,2,True,2025-06-09 08:58:00+00:00,2025-06-19 16:34:00+00:00
313402,Club Mahindra Resort Poovar,8.306583673324084,77.08608641188243,Thiruvananthapuram,Kerala,695513,Zeon Charging,Operational,True,22.0,2,False,2025-06-09 08:54:00+00:00,2026-03-16 13:22:00+00:00
313401,Powerhub EVCS Attukal,8.466545109222693,76.96080801045264,Thiruvananthapuram,Kerala,695009,ChargeMod (IN),Operational,True,30.0,2,True,2025-06-09 08:50:00+00:00,2025-06-19 16:35:00+00:00
313400,Sleeba & Sons Station,8.54498342140748,76.97229843917057,Thiruvananthapuram,Kerala,695013,Statiq (IN),Temporarily Unavailable,True,30.0,1,True,2025-06-09 08:44:00+00:00,2026-02-25 11:50:00+00:00
313399,JKV Power Hub ,8.50366785353485,76.95391617176614,Thiruvananthapuram,Kerala,695034,ChargeMod (IN),Operational,True,30.0,1,True,2025-06-09 08:39:00+00:00,2025-06-19 16:38:00+00:00
313398,Hilton Garden Inn Trivandrum,8.4996352320004,76.95029905839203,Thiruvananthapuram,Kerala,695039,Statiq (IN),Operational,True,60.0,2,True,2025-06-09 08:35:00+00:00,2025-06-11 14:01:00+00:00
313397,CBC Motors Charging Station,8.465871552402248,76.9390975787802,Thiruvananthapuram,Kerala,695008,Statiq (IN),Operational,True,60.0,1,True,2025-06-09 08:31:00+00:00,2025-06-11 14:01:00+00:00
313396,Trivandrum Airport T1,8.476057964902722,76.91830975328156,Thiruvananthapuram,Kerala,695008,Adani Gas-EV (TR),Operational,True,30.0,2,True,2025-06-09 08:26:00+00:00,2025-06-11 14:01:00+00:00
313395,Trivandrum Airport T2,8.488386743772637,76.92245062858052,Thiruvananthapuram,Kerala,695008,Adani Gas-EV (TR),Temporarily Unavailable,True,30.0,2,True,2025-06-09 08:23:00+00:00,2025-06-11 14:01:00+00:00
313394,V Kay Super Market,8.575089637161042,76.86841738658734,Thiruvananthapuram,Kerala,695301,ChargeMod (IN),Operational,True,30.0,1,True,2025-06-09 08:19:00+00:00,2025-06-11 14:01:00+00:00
313393,ChargeMOD EVCS Hub,8.550683857418633,76.87848778223167,Thiruvananthapuram,Kerala,695581,ChargeMod (IN),Operational,True,60.0,3,True,2025-06-09 08:09:00+00:00,2025-06-11 14:01:00+00:00
313392,Delta Power Kulathoor,8.542037312716715,76.87581948417585,Thiruvananthapuram,Kerala,695583,ChargeMod (IN),Operational,True,60.0,4,True,2025-06-09 08:04:00+00:00,2025-06-11 14:01:00+00:00
313391,KIMS Hospital Trivandrum (EVOK),8.514470785074025,76.90784744038086,Thiruvananthapuram,Kerala,695029,ChargeMod (IN),Operational,True,40.0,2,True,2025-06-09 07:57:00+00:00,2026-01-22 13:30:00+00:00
313390,Alpha EVCS Yahoo Super Bazar,8.510831844705734,76.90484031941787,Thiruvanthapuram,Kerala,695029,ChargeMod (IN),Operational,True,60.0,2,True,2025-06-09 07:51:00+00:00,2026-01-22 13:31:00+00:00
312635,Mansavi SuperCharge Point,28.455186365944098,77.5035852134958,G B Nagar,Uttar Pradesh,201310,Unknown Operator,Operational,True,30.0,1,True,2025-05-16 05:19:00+00:00,2025-05-19 05:24:00+00:00
312412,Sri Sai Kanchetty Family Restaurant,18.63217083834048,78.20817022692324,Dichpally,Telangana,Unknown,Chargezone (India),Operational,True,60.0,2,True,2025-05-09 11:24:00+00:00,2025-05-12 11:29:00+00:00
312374,Hotel Topline,20.836967977911712,74.75561014858295,Dhule,Maharashtra,411014,Chargezone (India),Operational,True,60.0,1,True,2025-05-08 09:53:00+00:00,2025-05-11 09:54:00+00:00
312373,Hotel Mayur Express,19.520114483627125,74.20273682326365,Sangamner,Maharashtra,411014,Chargezone (India),Operational,True,30.0,1,True,2025-05-08 09:49:00+00:00,2025-05-11 09:54:00+00:00
312061,FC - JioBP - The Bengal Dhaba,22.922668495049702,88.45628433804325,Kalyani,West Bengal,743145,JIO BP Pulse (India),Operational,True,60.0,2,True,2025-04-28 16:33:00+00:00,2025-05-01 16:34:00+00:00
312060,FC - JioBP - WBSDCL Athupur,22.839467099235264,88.38586414053952,Barrakpore,West Bengal,743128,JIO BP Pulse (India),Operational,True,30.0,4,True,2025-04-28 16:27:00+00:00,2025-05-01 16:29:00+00:00
312059,FC - Jio-BP - Khardaha,22.70657211558681,88.37434853401237,Khardaha,West Bengal,700115,JIO BP Pulse (India),Operational,True,60.0,2,True,2025-04-28 16:12:00+00:00,2025-05-01 16:14:00+00:00
312058,FC - Tata Power - Taj Raajkutir,22.573505558470004,88.40230025526728,Kolkata,West Bengal,700054,Tata Power,Operational,True,30.0,2,True,2025-04-28 15:59:00+00:00,2025-05-01 16:04:00+00:00
312046,Azadpur Metro Station,28.706611759021957,77.18210759629983,Delhi,Delhi,110052,JIO BP Pulse (India),Operational,True,60.0,2,True,2025-04-28 09:55:00+00:00,2025-05-01 09:59:00+00:00
311985,Village Vatika Restaurant And Hotel,21.885670593234643,77.88399107096022,Danora,Madhya Pradesh,Unknown,Chargezone (India),Operational,True,60.0,2,True,2025-04-27 15:40:00+00:00,2025-12-27 11:18:00+00:00
311983,Vithal Kamats,20.574439036798253,78.88230401794569,Hinganghat,Maharashtra,442301,Unknown Operator,Operational,True,30.0,2,True,2025-04-27 11:08:00+00:00,2025-04-30 11:09:00+00:00
311977,Hotel Bluemoon,15.02621863896637,77.62107333728825,Miduthuru,Andhra Pradesh,515405,Chargezone (India),Operational,True,150.0,2,True,2025-04-26 10:48:00+00:00,2025-07-22 11:59:00+00:00
311910,Mahaveer Ventures Hotel and Resort - The Padival Grand,12.76619,75.19666,Puttur,Karnataka,574201,Zeon Charging,Operational,True,24.0,2,True,2025-04-23 14:21:00+00:00,2025-04-23 14:21:00+00:00
311895,Silavattam Village,12.48148773352969,79.86252229584034,"Madurathakam, Chengalpattu Dt",Tamil Nadu,603306,Unknown Operator,Operational,True,0.0,1,False,2025-04-22 11:30:00+00:00,2025-04-28 10:59:00+00:00
311813,Mahalaxmi EV Charging STATION,28.54753,77.44491,Gautaum Buddha Nagar,Uttar Pradesh,201306,Unknown Operator,Operational,True,9.0,2,False,2025-04-17 10:44:00+00:00,2025-04-28 11:02:00+00:00
311731,"Baboos Triangle, Zeon Charging Station",10.719479255348858,76.07748035368672,Kunnamkulam,Kerala,680543,Zeon Charging,Operational,True,120.0,2,True,2025-04-13 09:34:00+00:00,2026-01-23 13:33:00+00:00
311680,Etron Energies,13.07148,80.11256,Chennai,Tamil Nadu,600077,Zeon Charging,Operational,True,30.0,1,True,2025-04-08 16:59:00+00:00,2025-04-08 16:59:00+00:00
311679,Regency Tiruttani by GRT Hotels,13.19516,79.64576,Thiruttani,Tamil Nadu,631209,Zeon Charging,Operational,True,24.0,1,True,2025-04-08 16:52:00+00:00,2025-04-08 16:52:00+00:00
311678,RB Business Centre,12.86196,79.13251,Vellore,Tamil Nadu,632011,Zeon Charging,Operational,True,30.0,2,True,2025-04-08 16:49:00+00:00,2025-04-08 16:49:00+00:00
311677,Regency Sameera Vellore by GRT Hotels,12.93209,79.13843,Vellore,Tamil Nadu,632004,Zeon Charging,Operational,True,24.0,1,True,2025-04-08 16:46:00+00:00,2025-04-08 16:46:00+00:00
311676,7 Star Green Veg Restaurant,12.64682,78.58269,Vaniyambadi,Tamil Nadu,635751,Zeon Charging,Operational,True,60.0,4,True,2025-04-08 16:39:00+00:00,2025-04-08 16:39:00+00:00
311648,"Cafe Udupi Ruchi, Ulundurpet",11.71937,79.33668,Ulundurpet,Tamil Nadu,606115,Zeon Charging,Operational,True,30.0,2,True,2025-04-07 14:24:00+00:00,2025-04-07 14:24:00+00:00
311647,Hotel Sri Anandhas,11.59206,79.15621,Veppur,Tamil Nadu,606305,Zeon Charging,Operational,True,50.0,1,True,2025-04-07 14:21:00+00:00,2025-04-07 14:21:00+00:00
311646,"Adyar Ananda Bhavan, Kallakurichi",11.71086,78.94797,Kallakurichi,Tamil Nadu,606202,Zeon Charging,Operational,True,60.0,2,True,2025-04-07 14:17:00+00:00,2025-04-07 14:18:00+00:00
311645,"Adyar Ananda Bhavan, Attur",11.592,78.62726,Attur,Tamil Nadu,636141,Zeon Charging,Operational,True,50.0,2,True,2025-04-07 14:15:00+00:00,2025-04-07 14:15:00+00:00
311644,Aswins Veg Restaurant,11.209,78.8828,Perambalur,Tamil Nadu,621113,Zeon Charging,Operational,True,50.0,3,True,2025-04-07 14:10:00+00:00,2025-04-07 14:10:00+00:00
311643,AVS Imperiaa,10.93799,79.8224,Karaikal,Puducherry,609602,Zeon Charging,Operational,True,24.0,1,True,2025-04-07 14:07:00+00:00,2025-04-07 14:07:00+00:00
311642,Golden Sand,10.68292,79.8478,Velankanni,Tamil Nadu,611111,Zeon Charging,Operational,True,24.0,2,True,2025-04-07 14:04:00+00:00,2025-04-07 14:04:00+00:00
311641,"Jayaraj Karz, Vallam Pudur Sethi",10.728,79.04692,Thanjavur,Tamil Nadu,613403,Zeon Charging,Operational,True,30.0,2,True,2025-04-07 14:01:00+00:00,2025-04-07 14:01:00+00:00
311640,"Kaveri Garage, Tiruchirapalli",10.85843,78.71129,Tiruchirappalli,Tamil Nadu,620005,Zeon Charging,Operational,True,50.0,3,True,2025-04-07 13:58:00+00:00,2025-04-07 13:58:00+00:00
311639,Hotel Arun Cafe,10.6244,78.56317,Viralimalai,Tamil Nadu,621316,Zeon Charging,Operational,True,24.0,1,True,2025-04-07 13:55:00+00:00,2025-04-07 13:55:00+00:00
311638,"Kaveri Garage, Piratiyur",10.79194,78.65714,Piratiyur,Tamil Nadu,620009,Zeon Charging,Operational,True,24.0,1,True,2025-04-07 13:50:00+00:00,2025-04-07 13:50:00+00:00
311637,Hotel Malar,10.07009,78.76079,Karaikudi,Tamil Nadu,630001,Zeon Charging,Operational,True,30.0,1,True,2025-04-07 13:47:00+00:00,2025-04-07 13:47:00+00:00
311636,Regency Tuticorin by GRT Hotels,8.7816,78.10053,Thoothukudi,Tamil Nadu,628101,Zeon Charging,Operational,True,30.0,3,True,2025-04-07 13:44:00+00:00,2025-04-07 13:44:00+00:00
311635,Pearl Garden Resort,8.53918,78.11771,Veerapandianpattinam,Tamil Nadu,628217,Zeon Charging,Operational,True,24.0,1,True,2025-04-07 13:42:00+00:00,2025-04-07 13:42:00+00:00
311634,"Sree Saravana Bhavan, Sankagiri",11.4866,77.99226,Sangagiri,Tamil Nadu,637103,Zeon Charging,Operational,True,30.0,4,True,2025-04-07 13:35:00+00:00,2025-04-07 13:35:00+00:00
311633,"Milky Mist Cafe, Erode Sathy Highway",11.3998,77.62536,Erode,Tamil Nadu,638012,Zeon Charging,Operational,True,50.0,1,True,2025-04-07 13:30:00+00:00,2025-04-07 13:30:00+00:00
311632,Texvalley,11.37172,77.64731,Erode,Tamil Nadu,638102,Zeon Charging,Operational,True,60.0,6,True,2025-04-07 13:26:00+00:00,2025-04-07 13:26:00+00:00
311631,Victory Tata,11.31239,77.66505,Erode,Tamil Nadu,638012,Zeon Charging,Operational,True,24.0,1,True,2025-04-07 13:23:00+00:00,2025-04-07 13:23:00+00:00
311630,Sri Kongu Bakes,11.28353,77.55823,Perundurai,Tamil Nadu,638052,Zeon Charging,Operational,True,30.0,3,True,2025-04-07 13:20:00+00:00,2025-04-07 13:20:00+00:00
311629,Junior Kuppanna,11.17708,77.24713,Avinashi,Tamil Nadu,641654,Zeon Charging,Operational,True,30.0,2,True,2025-04-07 13:15:00+00:00,2025-04-07 13:17:00+00:00
311628,"Sree Annapoorna Hotel, Avinashi",11.17513,77.26342,Avinashi,Tamil Nadu,641663,Zeon Charging,Operational,True,60.0,2,True,2025-04-07 13:12:00+00:00,2025-04-07 13:12:00+00:00
311627,Cafe Udupi Ruchi,11.17719,77.28392,Avinashi,Tamil Nadu,641654,Zeon Charging,Operational,True,50.0,1,True,2025-04-07 13:09:00+00:00,2025-04-07 13:09:00+00:00
311626,Annapoorna - NH Avinashi,11.1778,77.28318,Avinashi,Tamil Nadu,641654,Zeon Charging,Operational,True,30.0,2,True,2025-04-07 13:06:00+00:00,2025-04-07 13:06:00+00:00
311625,"Ibex River Resort, Pollachi",10.64693,76.91992,Pollachi,Tamil Nadu,642001,Zeon Charging,Operational,True,7.4,1,False,2025-04-07 13:00:00+00:00,2025-04-07 13:00:00+00:00
311624,Travlounge - Palakkad,10.82633,76.82033,Walayar,Kerala,678624,Zeon Charging,Operational,True,30.0,1,True,2025-04-07 12:58:00+00:00,2025-04-07 12:58:00+00:00
311623, Adyar Ananda Bhavan Navakkarai,10.85592,76.86251,Navakkarai,Tamil Nadu,641105,Zeon Charging,Operational,True,60.0,2,True,2025-04-07 12:53:00+00:00,2025-04-07 12:53:00+00:00
311622,"SR Jungle Resort, Anaikatti",11.11848,76.75985,Anaikatti,Tamil Nadu,641108,Zeon Charging,Operational,True,22.0,2,False,2025-04-07 12:50:00+00:00,2025-04-07 12:50:00+00:00
311610,Sundaram Motors Coimbatore,10.91863,76.98461,Coimbatore,Tamil Nadu,641021,Chargezone (India),Operational,True,180.0,2,True,2025-04-06 15:06:00+00:00,2026-02-25 13:36:00+00:00
311609,Hotel Sri Mu Saravana Bhavan,11.00142,77.06625,Coimbatore,Tamil Nadu,641016,Unknown Operator,Operational,True,25.0,1,True,2025-04-06 15:00:00+00:00,2025-04-06 15:00:00+00:00
311608,IOCL Singanallur,11.0028,77.03874,Coimbatore,Tamil Nadu,641005,Tata Power,Operational,True,30.0,1,True,2025-04-06 14:57:00+00:00,2025-04-06 14:57:00+00:00
311607,PPS MG Motors,11.05013,77.05773,Coimbatore,Tamil Nadu,641062,Tata Power,Operational,True,25.0,2,True,2025-04-06 14:55:00+00:00,2025-04-06 14:55:00+00:00
311606,Fairfield by Marriott Coimbatore,11.03623,77.03736,Coimbatore,Tamil Nadu,641014,Chargezone (India),Operational,True,30.0,1,True,2025-04-06 14:51:00+00:00,2025-04-06 14:51:00+00:00
311605,Zibe Coimbatore by GRT Hotels,11.02287,76.99726,Coimbatore,Tamil Nadu,641004,Zeon Charging,Operational,True,7.4,1,False,2025-04-06 14:41:00+00:00,2025-04-06 14:41:00+00:00
311604,3 Star Auto Care,11.01434,76.98979,Coimbatore,Tamil Nadu,641037,Unknown Operator,Operational,True,30.0,1,True,2025-04-06 14:39:00+00:00,2025-04-06 14:39:00+00:00
311603,Ibis Coimbatore City Centre,11.01223,76.98654,Coimbatore,Tamil Nadu,641037,Chargezone (India),Operational,True,60.0,2,True,2025-04-06 14:35:00+00:00,2026-02-25 13:37:00+00:00
311602,Zone by The Park Hotel,11.01157,76.98444,Coimbatore,Tamil Nadu,641018,Tata Power,Operational,True,30.0,1,True,2025-04-06 14:28:00+00:00,2025-04-06 14:28:00+00:00
311601,Taj Vivanta Coimbatore,11.0025,76.97363,Coimbatore,Tamil Nadu,641018,Tata Power,Operational,True,30.0,4,True,2025-04-06 14:26:00+00:00,2025-04-06 14:26:00+00:00
311600,"Welcomhotel By ITC Hotels, Race Course, Coimbatore",10.99713,76.97389,Coimbatore,Tamil Nadu,641018,Statiq (IN),Operational,True,60.0,2,True,2025-04-06 14:22:00+00:00,2025-04-06 14:22:00+00:00
311599,VEEV Brookfields,11.00939,76.95905,Coimbatore,Tamil Nadu,641001,Zeon Charging,Operational,True,30.0,9,True,2025-04-06 14:19:00+00:00,2025-04-06 15:08:00+00:00
311598,Corporation Parking Lot,11.01695,76.96566,Coimbatore,Tamil Nadu,641009,Unknown Operator,Operational,True,50.0,1,True,2025-04-06 14:15:00+00:00,2025-04-06 14:15:00+00:00
311597,PSV EV Point,11.08231,76.98681,Coimbatore,Tamil Nadu,641035,Unknown Operator,Operational,True,30.0,1,True,2025-04-06 14:07:00+00:00,2025-04-06 14:07:00+00:00
311596,Annalakshmi Drive in,11.42336,76.86669,Kotagiri,Tamil Nadu,643217,Unknown Operator,Operational,True,15.0,2,False,2025-04-06 13:57:00+00:00,2025-04-06 13:57:00+00:00
311595, Lakshmi Retreat,11.42998,76.86711,Kotagiri,Tamil Nadu,643217,Zeon Charging,Operational,True,7.4,1,False,2025-04-06 13:51:00+00:00,2025-04-06 13:51:00+00:00
311594,Deccan Park Resort,11.39974,76.66623,Ooty,Tamil Nadu,643004,Zeon Charging,Operational,True,7.4,1,False,2025-04-06 13:47:00+00:00,2025-04-06 13:47:00+00:00
311593,Sasthapuri Hotels,11.49862,76.49398,Gudalur,Tamil Nadu,643212,Unknown Operator,Operational,True,30.0,2,True,2025-04-06 13:44:00+00:00,2025-04-06 13:44:00+00:00
311580,OM MADURAI SARAVANA BHAVAN,9.78446,78.094274,Thangalacheri,Tamil Nadu,625022,Unknown Operator,Operational,True,30.0,1,True,2025-04-05 04:50:00+00:00,2025-04-05 04:50:00+00:00
311561,Hotel Star palace,9.28468,79.29506,Rameswaram,Tamil Nadu,623526,Zeon Charging,Operational,True,22.0,1,False,2025-04-04 17:35:00+00:00,2025-04-04 17:35:00+00:00
311560,Tucker Rameswaram,9.28616,79.27707,Rameshwaram,Tamil Nadu,623526 ,Unknown Operator,Operational,True,25.0,2,True,2025-04-04 17:32:00+00:00,2025-04-04 17:32:00+00:00
311559,Keerthi Residency,9.35021,78.88531,Vani,Tamil Nadu,623536,Zeon Charging,Operational,True,7.4,1,False,2025-04-04 17:28:00+00:00,2025-04-04 17:28:00+00:00
311558,MDS Bakery,9.3909,78.8514,Ramanathapuram,Tamil Nadu,623504,Unknown Operator,Operational,True,30.0,2,True,2025-04-04 17:25:00+00:00,2025-04-04 17:25:00+00:00
311557,Bheemas Nalabagam,9.36109,78.84638,Ramanathapuram,Tamil Nadu,623503,Zeon Charging,Operational,True,22.0,2,False,2025-04-04 17:23:00+00:00,2025-04-04 17:23:00+00:00
311556,Hotel Coral Residency,9.35954,78.83801,Ramanathapuram,Tamil Nadu,623501,Zeon Charging,Operational,True,7.4,1,False,2025-04-04 17:18:00+00:00,2025-04-04 17:18:00+00:00
311555,Chima Cars,9.36718,78.8099,Ramanathapuram,Tamil Nadu,623502,Tata Power,Operational,True,25.0,1,True,2025-04-04 17:16:00+00:00,2025-04-04 17:16:00+00:00
311554,BPCL Manamadurai,9.68846,78.44998,Manamadurai,Tamil Nadu,630609,Statiq (IN),Operational,True,30.0,1,True,2025-04-04 17:13:00+00:00,2025-04-04 17:13:00+00:00
311553,Bharat Petroleum COCO Pump Thirupuvanam,9.81293,78.26301,Tiruppuvanam,Tamil Nadu,630611,Unknown Operator,Operational,True,30.0,1,True,2025-04-04 17:10:00+00:00,2025-04-04 17:10:00+00:00
311552,Jacks Charging Station,9.84301,78.10406,Madurai,Tamil Nadu,625022,Unknown Operator,Operational,True,30.0,2,True,2025-04-04 17:06:00+00:00,2025-04-04 17:06:00+00:00
311551,Jasmine Filling Station,9.84111,78.10481,Madurai,Tamil Nadu,625022,Statiq (IN),Operational,True,30.0,2,True,2025-04-04 17:04:00+00:00,2025-04-04 17:04:00+00:00
311550,"Amika Hotel, Madurai",9.86373,78.12427,Madurai,Tamil Nadu,625012,Unknown Operator,Operational,True,30.0,1,True,2025-04-04 17:01:00+00:00,2025-04-04 17:01:00+00:00
311549,Ever Power Charging Station,9.9017,78.04536,Madurai,Tamil Nadu,625006,Unknown Operator,Operational,True,25.0,2,True,2025-04-04 16:54:00+00:00,2025-04-04 16:54:00+00:00
311548,The Gateway Hotel Madurai,9.89713,78.08755,Madurai,Tamil Nadu,625004,Tata Power,Operational,True,30.0,1,True,2025-04-04 16:50:00+00:00,2025-04-04 16:50:00+00:00
311547,Tucker Motors Private Limited,9.91161,78.09279,Madurai,Tamil Nadu,625003,Unknown Operator,Operational,True,30.0,1,True,2025-04-04 16:46:00+00:00,2025-04-04 16:46:00+00:00
311546,Velammal Hospital and Medical College Parking - 2,9.886214390792745,78.15132219132656,Madurai,Tamil Nadu,625009,Zeon Charging,Operational,True,30.0,3,True,2025-04-04 16:43:00+00:00,2025-04-04 16:43:00+00:00
311545,Velammal Hospital and Medical College Parking - 1,9.886238411475286,78.15058162707278,Madurai,Tamil Nadu,625009,Zeon Charging,Operational,True,24.0,3,True,2025-04-04 16:40:00+00:00,2025-04-04 16:40:00+00:00
311544,Grand Madurai by GRT Hotels,9.885731968730877,78.14862818711826,Madurai,Tamil Nadu,625009,Zeon Charging,Operational,True,60.0,2,True,2025-04-04 16:34:00+00:00,2025-04-04 16:34:00+00:00
311543,Regency Madurai by GRT Hotels,9.9049121240053,78.09660199741175,Madurai,Tamil Nadu,625003,Zeon Charging,Operational,True,24.0,1,True,2025-04-04 16:30:00+00:00,2025-04-04 16:30:00+00:00
311542,JC Residency Madurai,9.9371685988613,78.13268945175275,Madurai,Tamil Nadu,625002,Zeon Charging,Operational,True,50.0,1,True,2025-04-04 16:28:00+00:00,2025-04-04 16:28:00+00:00
311541,Courtyard by Marriott Madurai,9.941091589488616,78.13946537829216,Madurai,Tamil Nadu,625002,Chargezone (India),Operational,True,30.0,2,True,2025-04-04 16:25:00+00:00,2025-04-04 16:25:00+00:00
311540,Zibe Salem by GRT Hotels,11.66543,78.14509,Salem,Tamil Nadu,636009,Zeon Charging,Operational,True,7.4,1,False,2025-04-04 16:19:00+00:00,2025-04-04 16:19:00+00:00
311539,"Kaveri Auto Garage, Madurai",9.96434,78.06483,Madurai,Tamil Nadu,625402,Tata Power,Operational,True,30.0,1,True,2025-04-04 15:02:00+00:00,2025-04-04 15:02:00+00:00
311538,"Aras Kia, Nagarai",10.0124,78.01737,Nagari,Tamil Nadu,625221,Tata Power,Operational,True,75.0,2,True,2025-04-04 14:59:00+00:00,2025-04-04 14:59:00+00:00
311537,Hotel Temple City,10.07991,77.97778,Thathampatti,Tamil Nadu,625020,Zeon Charging,Operational,True,50.0,3,True,2025-04-04 14:54:00+00:00,2025-04-04 14:54:00+00:00
311536,Hotel Eden Garden,10.11237,77.93769,Pandiarajapuram,Tamil Nadu,624201,Tata Power,Operational,True,30.0,2,True,2025-04-04 14:50:00+00:00,2025-04-04 14:50:00+00:00
311535,Bharat Petroleum e-charge station,10.2998,77.9413,Chinnalapatti,Tamil Nadu,624301,Statiq (IN),Operational,True,30.0,2,True,2025-04-04 14:48:00+00:00,2025-04-04 14:48:00+00:00
311534,Adyar Ananda Bhavan,10.33668,77.95701,Dindigul,Tamil Nadu,624002,Unknown Operator,Operational,True,30.0,2,True,2025-04-04 14:43:00+00:00,2025-04-04 14:43:00+00:00
311532,Hotel PVK Grand,10.3741,77.96772,Dindigul,Tamil Nadu,624001,Unknown Operator,Operational,True,25.0,2,True,2025-04-04 14:41:00+00:00,2025-04-04 14:41:00+00:00
311531,"Kaveri Garage, Seelapadi",10.38031,77.99536,Dindugal,Tamil Nadu,624005,Zeon Charging,Operational,True,60.0,2,True,2025-04-04 14:38:00+00:00,2025-04-04 14:38:00+00:00
311530,Vel Saravana bhavan,10.386,77.96756,Dindigul,Tamil Nadu,624001,Zeon Charging,Operational,True,60.0,2,True,2025-04-04 14:34:00+00:00,2025-06-14 13:02:00+00:00
311529,Jio BP Dindigul,10.42633,77.95391,Thadikombu,Tamil Nadu,624709,JIO BP Pulse (India),Operational,True,30.0,2,True,2025-04-04 14:30:00+00:00,2025-04-04 14:30:00+00:00
311528,A.R. Fuels,10.42743,77.95434,Thadikombu,Tamil Nadu,624709,Statiq (IN),Operational,True,30.0,2,True,2025-04-04 14:27:00+00:00,2025-04-04 14:27:00+00:00
311527,Adyar Ananda Bhavan,10.95696,77.85174,Thennilai,Tamil Nadu,639206,Unknown Operator,Operational,True,30.0,2,True,2025-04-04 14:23:00+00:00,2025-04-04 14:23:00+00:00
311526,Sri Venkateshwara Auto Fuels,10.90851,78.10009,Karur,Tamil Nadu,639001,Statiq (IN),Operational,True,30.0,1,True,2025-04-04 14:19:00+00:00,2025-04-04 14:19:00+00:00
311525,Subbanna Hotel,10.95773,78.06033,Karur,Tamil Nadu,639001,Zeon Charging,Operational,True,60.0,2,True,2025-04-04 14:14:00+00:00,2025-12-12 01:46:00+00:00
311524,The True Saai Works Karur,10.97867,78.06428,Karur,Tamil Nadu,639002,Tata Power,Operational,True,30.0,2,True,2025-04-04 14:11:00+00:00,2025-04-04 14:11:00+00:00
311523,11 to 11 Family Restaurant,11.012148322555577,78.06795342843543,Karur,Tamil Nadu,639006,GO EC (IN),Operational,True,25.0,1,True,2025-04-04 14:07:00+00:00,2025-12-15 12:52:00+00:00
311518,Sri Nathi Restaurant,11.17039,78.03892,Paramathi,Tamil Nadu,637207,Unknown Operator,Operational,True,25.0,1,True,2025-04-03 15:59:00+00:00,2025-04-03 15:59:00+00:00
311504,Coastal Grand Hotel,11.23999,78.14177,Namakkal,Tamil Nadu,637003,Tata Power,Operational,True,30.0,1,True,2025-04-02 16:56:00+00:00,2025-04-02 16:56:00+00:00
311503,Sri Nathi Restaurant,11.27246,78.16423,Pappinayakkanpatti,Tamil Nadu,637003,Unknown Operator,Operational,True,30.0,2,True,2025-04-02 16:54:00+00:00,2025-04-02 16:54:00+00:00
311502,Jio-BP Namakkal,11.27967,78.16411,Namakkal,Tamil Nadu,637003,JIO BP Pulse (India),Operational,True,30.0,2,True,2025-04-02 16:51:00+00:00,2025-04-02 16:51:00+00:00
311501,NEW POESH GARDEN - FAMILY RESTAURANT,11.44779,78.16161,Rasipuram,Tamil Nadu,637408,Unknown Operator,Operational,True,60.0,2,True,2025-04-02 16:47:00+00:00,2025-04-02 16:47:00+00:00
311500,Adyar Ananda Bhavan - A2B,11.49253,78.15367,Rasipuram,Tamil Nadu,637401,Zeon Charging,Operational,True,60.0,2,True,2025-04-02 16:43:00+00:00,2025-04-02 16:43:00+00:00
311499,Saravana Parottas,11.53586,78.14556,Mallur,Tamil Nadu,636203,Chargezone (India),Operational,True,60.0,4,True,2025-04-02 16:39:00+00:00,2026-02-25 13:40:00+00:00
311498,Sai Annapoorna Veg,11.57838,78.14588,Santhiyur,Tamil Nadu,636203,Unknown Operator,Operational,True,60.0,2,True,2025-04-02 16:35:00+00:00,2025-04-02 16:35:00+00:00
311497,RRK Hitech Petroleum,11.57853,78.14611,Santhiyur,Tamil Nadu,636203,Statiq (IN),Operational,True,60.0,2,True,2025-04-02 16:33:00+00:00,2025-04-02 16:33:00+00:00
311496,Adyar Ananda Bhavan - A2B,11.61856,78.107,Salem,Tamil Nadu,636010,Unknown Operator,Operational,True,60.0,2,True,2025-04-02 16:29:00+00:00,2025-04-02 16:29:00+00:00
311495,The True Saai Works Salem,11.68287,78.12606,Salem,Tamil Nadu,636004,Tata Power,Operational,True,25.0,2,True,2025-04-02 16:25:00+00:00,2025-04-02 16:25:00+00:00
311494,MG Salem,11.69299,78.11234,Salem,Tamil Nadu,636302,Tata Power,Operational,True,30.0,1,True,2025-04-02 16:23:00+00:00,2025-04-02 16:23:00+00:00
311493,Salem RR Biryani,11.72134,78.07146,Salem,Tamil Nadu,636011,Unknown Operator,Operational,True,60.0,2,True,2025-04-02 16:20:00+00:00,2025-04-02 16:20:00+00:00
311492,Aasai Aasai Anandha Bhavan,11.75299,78.05057,Omalur,Tamil Nadu,636455,Zeon Charging,Operational,True,120.0,2,True,2025-04-02 16:16:00+00:00,2025-04-02 16:16:00+00:00
311491,Anandha Bhavan,11.75518,78.05113,Omalur,Tamil Nadu,636455,Zeon Charging,Operational,True,50.0,1,True,2025-04-02 16:13:00+00:00,2025-04-02 16:14:00+00:00
311490,Jio BP Pulse Salem,11.82426,78.06513,Pallapatti,Tamil Nadu,636305,JIO BP Pulse (India),Operational,True,60.0,2,True,2025-04-02 16:09:00+00:00,2025-04-02 16:09:00+00:00
311489,Annai Ananda Bhavan Restaurant,12.12502,78.13515,A.Reddihalli,Tamil Nadu,636705,Unknown Operator,Operational,True,60.0,2,True,2025-04-02 16:06:00+00:00,2025-04-02 16:06:00+00:00
311488,M K Agencies,12.27429,78.197,Kerakodahalli,Tamil Nadu,635111,Statiq (IN),Operational,True,60.0,2,True,2025-04-02 16:04:00+00:00,2025-04-02 16:04:00+00:00
311487,Italian Lounge - Cafe 66,12.34146,78.21598,Sappanipatti,Tamil Nadu,635111,Chargezone (India),Operational,True,60.0,2,True,2025-04-02 16:01:00+00:00,2025-04-02 16:01:00+00:00
311486,The True Saai Works Krishnagiri,12.53084,78.23787,Krishnagiri,Tamil Nadu,635001,Tata Power,Operational,True,25.0,2,True,2025-04-02 15:57:00+00:00,2025-04-02 15:57:00+00:00
311485,Hotel Saravana Bhavan Classic,12.55407,78.18823,Krishnagiri,Tamil Nadu,635115,Statiq (IN),Operational,True,60.0,2,True,2025-04-02 15:52:00+00:00,2025-04-02 15:52:00+00:00
311484,Hotel Saravanaa Bhava,12.57037,78.17235,Krishnagiri,Tamil Nadu,635121,Chargezone (India),Operational,True,120.0,3,True,2025-04-02 15:48:00+00:00,2025-04-02 15:48:00+00:00
311483,LAVATO - A Premium Lounge,12.57339,78.16922,Junjupalli,Tamil Nadu,635115,Statiq (IN),Operational,True,30.0,2,True,2025-04-02 15:45:00+00:00,2025-04-02 15:45:00+00:00
311482,Hotel Saravanaa Bavaa,12.589202811747697,78.14394723142271,Krishnagiri,Tamil Nadu,635115,Chargezone (India),Operational,True,120.0,4,True,2025-04-02 15:36:00+00:00,2025-04-02 15:36:00+00:00
311481,Sree Saravana Bhavan Veg. Treat,12.5819,78.15707,Krishnagiri,Tamil Nadu,635115,Zeon Charging,Operational,True,60.0,3,True,2025-04-02 14:46:00+00:00,2025-04-02 14:51:00+00:00
311480,Saravana Bhavan Classic,12.58858,78.14646,Sikkarimedu,Tamil Nadu,635115,Statiq (IN),Operational,True,60.0,2,True,2025-04-02 14:43:00+00:00,2025-04-02 14:43:00+00:00
311464,Adyar Ananda Bhavan,12.63869,78.06529,Chinnar,Tamil Nadu,635117,Unknown Operator,Operational,True,120.0,2,True,2025-03-31 16:18:00+00:00,2025-03-31 16:18:00+00:00
311463,DSquare Food Hub,12.64608,78.04741,Sundagiri,Tamil Nadu,635117,Zeon Charging,Operational,True,24.0,1,True,2025-03-31 16:15:00+00:00,2025-03-31 16:15:00+00:00
311462,Jio BP Hosur - 2,12.67108,77.97997,Nallaganakothapalli,Tamil Nadu,635117,JIO BP Pulse (India),Operational,True,60.0,2,True,2025-03-31 16:09:00+00:00,2025-03-31 16:09:00+00:00
311461,Starbucks & KFC Shoolagiri ,12.6807,77.95265,Shoolagiri,Tamil Nadu,635117,Statiq (IN),Operational,True,60.0,2,True,2025-03-31 16:05:00+00:00,2025-03-31 16:05:00+00:00
311460,Jio BP Hosur,12.68784,77.92684,Kamandoddi,Tamil Nadu,635109,JIO BP Pulse (India),Operational,True,30.0,2,True,2025-03-31 16:01:00+00:00,2025-04-03 15:53:00+00:00
311459,Siri Motors,12.71462,77.88475,Hosur,Tamil Nadu,635109,Statiq (IN),Operational,True,60.0,1,True,2025-03-31 15:58:00+00:00,2025-03-31 15:58:00+00:00
311458,True Sai Tata,12.71741,77.87594,Hosur,Tamil Nadu,635109,Tata Power,Operational,True,25.0,2,True,2025-03-31 15:55:00+00:00,2025-03-31 15:55:00+00:00
311457,Chennai Silks Hosur,12.74717,77.81056,Unknown,Tamil Nadu,635126,Unknown Operator,Operational,True,60.0,2,True,2025-03-31 15:51:00+00:00,2025-03-31 15:51:00+00:00
311456,"Hotel Hills, Hosur",12.75413,77.80406,Hosur,Tamil Nadu,635126,Tata Power,Operational,True,30.0,4,True,2025-03-31 15:49:00+00:00,2025-03-31 15:49:00+00:00
311455,Sowmya Fuel Station,12.78393,77.75433,Attibele,Karnataka,562107,Tata Power,Operational,True,30.0,1,True,2025-03-31 15:43:00+00:00,2025-03-31 15:43:00+00:00
311454,Electronic City - BPCL,12.85327,77.6672,Bengaluru,Karnataka,560100,Statiq (IN),Operational,True,30.0,1,True,2025-03-31 15:40:00+00:00,2025-03-31 15:40:00+00:00
311453,Monk Mansion,12.841088856819354,77.66441658541129,Bengaluru,Karnataka,560100,Statiq (IN),Operational,True,60.0,4,True,2025-03-31 15:30:00+00:00,2025-03-31 15:30:00+00:00
311452,BloomSuites,12.839685411251564,77.65952566488613,Bengaluru,Karnataka,560100,Tata Power,Operational,True,30.0,1,True,2025-03-31 15:28:00+00:00,2025-03-31 15:28:00+00:00
311451,Metro Cash&Carry,12.8610658784023,77.66099764437081,Bengaluru,Karnataka,560100,Unknown Operator,Operational,True,7.4,1,False,2025-03-31 15:25:00+00:00,2025-03-31 15:25:00+00:00
311450,"Zeon Charging, Sathy",11.48992391991976,77.24369168562515,Sathyamangalam,Tamil Nadu,638402,Zeon Charging,Operational,True,24.0,1,True,2025-03-31 14:36:00+00:00,2025-03-31 14:36:00+00:00
311408,Hotel Masala Suruchi,13.0595636,77.1631723,Marur Handpost,Karnataka,562127,JIO BP Pulse (India),Operational,True,60.0,2,True,2025-03-27 16:18:00+00:00,2025-03-27 16:18:00+00:00
311407,Swathi Delicacy,12.99504,76.89999,Koppa,Karnataka,577126,Zeon Charging,Operational,True,120.0,4,True,2025-03-27 15:58:00+00:00,2025-03-27 15:58:00+00:00
311285,SRM Eshwari College,13.0352312108773,80.19546897036247,Ramapuram Chennai,Tamil Nadu,600089,Unknown Operator,Operational,True,7.2,1,False,2025-03-19 16:08:00+00:00,2025-03-29 03:34:00+00:00
309500,Dhanyalakshmi Fuels BPCL,11.84679,76.67291,Gundlupete,Karnataka,571111,Unknown Operator,Operational,True,30.0,1,True,2025-03-12 16:43:00+00:00,2025-03-12 16:43:00+00:00
309484,Maruti Charging Station,14.847188334519174,74.13547625586537,Karwar,Karnataka,581352,Unknown Operator,Operational,True,7.2,1,False,2025-03-12 07:47:00+00:00,2025-03-12 07:47:00+00:00
309483,Pearl EV Fast charger,16.20816450549769,77.35246660991561,Raichur,Karnataka,584101,Unknown Operator,Operational,True,30.0,1,True,2025-03-12 07:36:00+00:00,2025-03-12 07:36:00+00:00
309444,SLV Hotel & Family Restaurant,16.749470877729507,77.13011819812817,Yadgir,Karnataka,585201,Unknown Operator,Operational,True,30.0,2,True,2025-03-10 16:24:00+00:00,2025-03-10 16:24:00+00:00
309442,New Sangeeta Gardens Family Restaurant,16.93447,76.26145,Sindgi Rural,Karnataka,586128,Statiq (IN),Operational,True,60.0,1,True,2025-03-10 16:01:00+00:00,2025-03-10 16:01:00+00:00
309441,Sri Nisty Pvt,17.27460609347787,76.8740736873587,Kalaburgi,Karnataka,585102,Tata Power,Operational,True,30.0,1,True,2025-03-10 15:58:00+00:00,2025-03-10 15:58:00+00:00
309440,Aashirwaad Mangal Karyalay,17.32724988186756,76.8677995465194,Kalaburagi,Karnataka,585105,Unknown Operator,Operational,True,60.0,3,True,2025-03-10 15:55:00+00:00,2025-03-10 15:55:00+00:00
309439,Punjabi Dhami Hotel,17.8286,76.90048,Sastapur,Karnataka,585327,Chargezone (India),Operational,True,30.0,4,True,2025-03-10 15:10:00+00:00,2025-03-10 15:10:00+00:00
309438,Hotel BHP-6,17.7726,77.11402,Humnabad,Karnataka,585330,Statiq (IN),Operational,True,60.0,2,True,2025-03-10 15:07:00+00:00,2025-03-10 15:07:00+00:00
309437,Hotel 24,17.7392,77.3347,Mannaekhelli,Karnataka,585227,Chargezone (India),Operational,True,90.0,3,True,2025-03-10 15:02:00+00:00,2025-03-10 15:02:00+00:00
309436,Vintage Retreat Resort,17.79618,77.42225,Chatnalli,Karnataka,585226,Chargezone (India),Operational,True,30.0,2,True,2025-03-10 14:59:00+00:00,2025-03-10 14:59:00+00:00
309435,Ashoka Village Resort,17.15414,75.79103,Sonakanahalli,Karnataka,586104,Chargezone (India),Operational,True,30.0,2,True,2025-03-10 14:56:00+00:00,2025-03-10 14:56:00+00:00
309427,Bijjargi Motors,16.849167933158057,75.73497557870112,Vijayapura,Karnataka,586104,Tata Power,Operational,True,30.0,1,True,2025-03-10 07:50:00+00:00,2025-03-10 07:50:00+00:00
309426,S-Hyper Mart,16.81325,75.7416,Vijayapura,Karnataka,586103,Unknown Operator,Operational,True,60.0,3,True,2025-03-10 07:46:00+00:00,2025-03-10 07:46:00+00:00
309425,Tourist Hotel,16.664506543041398,75.80500547067186,Managuli,Karnataka,586122,Statiq (IN),Operational,True,60.0,2,True,2025-03-10 07:41:00+00:00,2025-03-10 07:41:00+00:00
309423,MR Residency,16.053005252157334,76.06577132405101,Hungund,Karnataka,587118,Statiq (IN),Operational,True,60.0,2,True,2025-03-10 07:37:00+00:00,2025-03-10 07:37:00+00:00
309422,Jio BP Mobility Station,15.99107,76.10002,Ilkal,Karnataka,587125,JIO BP Pulse (India),Operational,True,60.0,2,True,2025-03-10 07:34:00+00:00,2025-03-10 07:54:00+00:00
309387,"Anand Nagar, Hyderabad",17.0,78.56117774292846,Hyderabad,Telangana,500074,Unknown Operator,Operational,True,80.0,2,True,2025-03-09 09:15:00+00:00,2025-03-29 03:39:00+00:00
309370,Hotel Poorvi,15.638844102151054,76.22021126845289,Uppaldinni,Karnataka,583237,Statiq (IN),Operational,True,60.0,1,True,2025-03-08 17:20:00+00:00,2025-03-08 17:20:00+00:00
309369,BPCL Bagalkote,16.18182,75.63617,Bagalkote,Karnataka,587102,Unknown Operator,Operational,True,30.0,1,True,2025-03-08 17:17:00+00:00,2025-03-08 17:17:00+00:00
309368,ITC Welcome Hotel,15.92777043150447,74.53233233195056,Belagavi,Karnataka,591113,Unknown Operator,Operational,True,60.0,2,True,2025-03-08 17:07:00+00:00,2025-03-08 17:07:00+00:00
309367,OM EV Charging,15.512047073177143,74.94282023254493,Mammigatti,Karnataka,580011,Bolt.Earth (IN),Operational,True,60.0,3,True,2025-03-08 16:48:00+00:00,2025-03-08 16:48:00+00:00
309357,Jio-BP Mobility Station PD Halli,15.14327,77.0632,Hagari,Karnataka,583111,JIO BP Pulse (India),Operational,True,60.0,2,True,2025-03-07 16:32:00+00:00,2025-03-07 16:59:00+00:00
309356,Mahindra Bellary Motors,15.14016,76.97093,Ballari,Karnataka,583101,Statiq (IN),Operational,True,60.0,1,True,2025-03-07 16:29:00+00:00,2025-03-07 16:59:00+00:00
309355,Bellad Enterprises Pvt Ltd,15.1624,76.86862,Ballari,Karnataka,583102,Tata Power,Operational,True,30.0,1,True,2025-03-07 16:27:00+00:00,2025-03-07 16:59:00+00:00
309354,USHA KIRAN SERVICE STATION,15.7612,77.46571,Yemmiganur,Andhra Pradesh,518360,Tata Power,Operational,True,30.0,1,True,2025-03-07 16:23:00+00:00,2025-03-07 16:59:00+00:00
309353,Hotel Abode,15.94075,77.42351,Mantralayam,Andhra Pradesh,518345,Joulepoint (IN),Operational,True,30.0,2,True,2025-03-07 16:20:00+00:00,2025-03-07 16:59:00+00:00
309352,Miracle Dhaba,13.08468,77.41488,Bengaluru,Karnataka,562123,Adani Gas-EV (TR),Operational,True,60.0,2,True,2025-03-07 16:15:00+00:00,2025-03-07 16:59:00+00:00
309351,Lithium Charging Station,13.014903182800126,77.6462047089708,Bengaluru,Karnataka,560043,Unknown Operator,Operational,True,30.0,2,True,2025-03-07 16:00:00+00:00,2025-03-07 16:59:00+00:00
309350,MG Motor B Narayanapura,12.99577,77.6847,Bengaluru,Karnataka,560016,Statiq (IN),Operational,True,50.0,2,True,2025-03-07 15:55:00+00:00,2025-03-07 16:59:00+00:00
309349,Trifecta Addatto,12.994305942257284,77.69929493060977,Bengaluru,Karnataka,560048,Statiq (IN),Operational,True,60.0,4,True,2025-03-07 15:49:00+00:00,2025-03-07 16:59:00+00:00
309348,Epitome KIA Whitefield,12.985769101393643,77.70856232742358,Bengaluru,Karnataka,560048,Tata Power,Operational,True,150.0,1,True,2025-03-07 13:30:00+00:00,2025-03-07 16:59:00+00:00
309347,BMW Deutsche Motoren,12.984136068485071,77.70811153054012,Bengaluru,Karnataka,560048,Unknown Operator,Operational,True,50.0,2,True,2025-03-07 13:27:00+00:00,2025-03-07 16:59:00+00:00
309346,Lithium Urban Tech Pvt Ltd,12.98306,77.70906,Bengaluru,Karnataka,560048,Unknown Operator,Operational,True,60.0,4,True,2025-03-07 13:25:00+00:00,2025-03-07 16:59:00+00:00
309345,"Fairfield by Marriott, Mahadevapura",12.981842444072356,77.7086328330862,Bengaluru,Karnataka,560048,Chargezone (India),Operational,True,30.0,2,True,2025-03-07 13:20:00+00:00,2025-03-07 16:59:00+00:00
309344,Prestige Technostar,12.972600290996027,77.71145680417794,Bengaluru,Karnataka,560048,JIO BP Pulse (India),Operational,True,60.0,2,True,2025-03-07 13:17:00+00:00,2025-03-07 16:59:00+00:00
309343,KHT Brookefield,12.96712414548928,77.71696159433418,Bengaluru,Karnataka,560037,Tata Power,Operational,True,25.0,2,True,2025-03-07 13:13:00+00:00,2025-03-07 16:59:00+00:00
309342,JLR Shakti Auto,12.963582255188314,77.7173795341912,Bengaluru,Karnataka,560037,Tata Power,Operational,True,25.0,2,True,2025-03-07 13:11:00+00:00,2025-03-07 16:59:00+00:00
309341,goEgo EV CHARGE PARK,12.96316,77.71814,Bengaluru,Karnataka,560037,Unknown Operator,Operational,True,60.0,2,True,2025-03-07 13:09:00+00:00,2025-03-07 16:59:00+00:00
309340,"Jio-bp Pulse Hub, Siddhapura",12.957173268150797,77.72954555409183,Bengaluru,Karnataka,560066,JIO BP Pulse (India),Operational,True,60.0,44,True,2025-03-07 13:03:00+00:00,2025-03-07 16:59:00+00:00
309339,DivyaSree LitBox,12.97098961190295,77.7250244631253,Bengaluru,Karnataka,560066,Statiq (IN),Operational,True,60.0,2,True,2025-03-07 12:59:00+00:00,2025-03-07 16:59:00+00:00
309338,Marriott Hotel Whitefield,12.979262407836174,77.72744812682743,Bengaluru,Karnataka,560066,Chargezone (India),Operational,True,30.0,2,True,2025-03-07 12:55:00+00:00,2025-03-07 16:59:00+00:00
309337,Nexus Shantiniketan Jio-BP,12.989040024957774,77.72758362256013,Bengaluru,Karnataka,560067,JIO BP Pulse (India),Operational,True,60.0,2,True,2025-03-07 12:51:00+00:00,2025-03-07 16:59:00+00:00
309336,Nexus Shantiniketan - Statiq,12.989065694796125,77.72760379808074,Bengaluru,Karnataka,560067,Statiq (IN),Operational,True,60.0,14,True,2025-03-07 12:46:00+00:00,2025-03-07 16:59:00+00:00
309335,Sheraton Grand Bengaluru Whitefield Hotel & Convention Center,12.989215375302493,77.72961910576282,Bengaluru,Karnataka,560048,Chargezone (India),Operational,True,30.0,2,True,2025-03-07 12:40:00+00:00,2025-03-07 16:59:00+00:00
309334,Divyasree NR Enclave,12.986347110711025,77.73038387486008,Bengaluru,Karnataka,560066,Statiq (IN),Operational,True,60.0,2,True,2025-03-07 12:33:00+00:00,2025-03-07 16:59:00+00:00
309333,Park Square Mall,12.987280089618991,77.73628236461366,Bengaluru,Karnataka,560066,Unknown Operator,Operational,True,25.0,1,True,2025-03-07 12:31:00+00:00,2025-03-07 16:59:00+00:00
309332,Taj Vivanta Whitefield,12.98720238234145,77.7373662993079,Bengaluru,Karnataka,560066,Tata Power,Operational,True,30.0,4,True,2025-03-07 12:26:00+00:00,2025-03-07 16:59:00+00:00
309331,The Zinc By Fern Hotels,12.97757571689229,77.7570895079167,Bengaluru,Karnataka,560066,Unknown Operator,Operational,True,24.0,1,True,2025-03-07 12:21:00+00:00,2025-03-07 16:59:00+00:00
309330,Nexus Whitefield Statiq,12.960076399887868,77.74719391663552,Bengaluru,Karnataka,560066,Statiq (IN),Operational,True,60.0,14,True,2025-03-07 12:15:00+00:00,2025-03-07 16:59:00+00:00
309328,Forum South Bengaluru,12.88919162512768,77.56343684144673,Bengaluru,Karnataka,560062,Statiq (IN),Operational,True,60.0,29,True,2025-03-07 12:01:00+00:00,2025-03-07 16:59:00+00:00
309320,"Global Mall, Okalipuram",12.98211,77.56317,Bengaluru,Karnataka,560023,Rebolt (IN),Operational,True,30.0,3,True,2025-03-06 17:50:00+00:00,2025-03-07 16:59:00+00:00
309319,Freedom Park,12.97859,77.58139,Bengaluru,Karnataka,560009,Bolt.Earth (IN),Operational,True,25.0,2,True,2025-03-06 17:44:00+00:00,2025-03-07 16:59:00+00:00
309318,Jio-BP Pulse Varthur Hub,12.93979,77.73447,Bengaluru,Karnataka,560087,JIO BP Pulse (India),Operational,True,60.0,136,True,2025-03-06 17:40:00+00:00,2025-03-07 16:59:00+00:00
309317,"Jio-BP Pulse Hub, Marathalli",12.95179,77.70207,Bengaluru,Karnataka,560037,JIO BP Pulse (India),Operational,True,60.0,98,True,2025-03-06 17:35:00+00:00,2025-03-07 16:59:00+00:00
309316,Exora Business Park,12.94329,77.69229,Bengaluru,Karnataka,560103,Unknown Operator,Operational,True,60.0,1,True,2025-03-06 17:28:00+00:00,2025-03-07 16:59:00+00:00
309315,Aloft Bengaluru Outer Ring Road ,12.93674468018763,77.69488851137544,Bengaluru,Karnataka,560103,Chargezone (India),Operational,True,60.0,2,True,2025-03-06 17:25:00+00:00,2025-03-07 16:59:00+00:00
309314,Bellandur Charging Hub,12.92924,77.70305,Bengaluru,Karnataka,560103,Statiq (IN),Operational,True,60.0,20,True,2025-03-06 17:22:00+00:00,2025-03-07 16:59:00+00:00
309313,Big Pitcher Sarjapur Road,12.90986,77.68856,Bengaluru,Karnataka,560035,JIO BP Pulse (India),Operational,True,60.0,2,True,2025-03-06 17:15:00+00:00,2025-03-07 16:59:00+00:00
309312,RMZ Eco World,12.92099415205729,77.6860545556384,Bengaluru,Karnataka,560103,Zeon Charging,Operational,True,50.0,1,True,2025-03-06 17:11:00+00:00,2025-03-07 16:59:00+00:00
309311,The Bay at Ecoworld,12.921003663939288,77.68539425864924,Bengaluru,Karnataka,560103,Unknown Operator,Operational,True,80.0,2,True,2025-03-06 17:08:00+00:00,2025-03-07 16:59:00+00:00
309310,Courtyard by Marriott,12.928234378881882,77.68218794687056,Bengaluru,Karnataka,560103,Chargezone (India),Operational,True,60.0,2,True,2025-03-06 17:05:00+00:00,2025-03-07 16:59:00+00:00
309309,DoubleTree Suites by Hilton Bengaluru Outer Ring Road,12.919111753741149,77.66515519490173,Bengaluru,Karnataka,560102,Statiq (IN),Operational,True,60.0,2,True,2025-03-06 17:03:00+00:00,2025-03-07 16:59:00+00:00
309308,Key Motors,12.57449,77.42937,Kanakapura,Karnataka,562117,Tata Power,Operational,True,25.0,1,True,2025-03-06 16:59:00+00:00,2025-03-07 16:59:00+00:00
309307,Manikanta Filling Centre BPCL,12.6915,77.47631,Harohalli,Karnataka,562112,Statiq (IN),Operational,True,30.0,1,True,2025-03-06 16:55:00+00:00,2025-03-07 16:59:00+00:00
309306,MG Motor Hosur Road,12.86563,77.65753,Bengaluru,Karnataka,560100,Statiq (IN),Operational,True,50.0,2,True,2025-03-06 16:52:00+00:00,2025-03-07 16:59:00+00:00
309305,"Kropex Auto, Hosur Road",12.87194,77.65095,Bengaluru,Karnataka,560068,Tata Power,Operational,True,25.0,2,True,2025-03-06 16:47:00+00:00,2025-03-07 16:59:00+00:00
309304,Metropolis Gurukrupa,12.87544,77.64835,Bengaluru,Karnataka,560068,Statiq (IN),Operational,True,60.0,6,True,2025-03-06 16:45:00+00:00,2025-03-07 16:59:00+00:00
309303,"More Hypermarket, Hosur Road",12.88014,77.64592,Bengaluru,Karnataka,560068,Statiq (IN),Operational,True,60.0,2,True,2025-03-06 16:39:00+00:00,2025-03-07 16:59:00+00:00
309302,"Prerana Motors, Hongasandra",12.8912,77.63829,Bengaluru,Karnataka,560068,Tata Power,Operational,True,25.0,2,True,2025-03-06 16:34:00+00:00,2025-03-07 16:59:00+00:00
309301,Pratham Motors,12.89388,77.65157,Bengaluru,Karnataka,560068,JIO BP Pulse (India),Operational,True,60.0,2,True,2025-03-06 16:32:00+00:00,2025-03-07 16:59:00+00:00
309300,Divija EV charging Station,12.918010619982525,77.64926514630082,Bengaluru,Karnataka,560102,Unknown Operator,Operational,True,25.0,1,True,2025-03-06 14:55:00+00:00,2025-03-07 16:59:00+00:00
309299,"Bengaluru One, Old Airport Road",12.95925146155301,77.6627608005785,Bengaluru,Karnataka,560017,Unknown Operator,Operational,True,25.0,1,True,2025-03-06 14:50:00+00:00,2025-03-07 16:59:00+00:00
309298,KTC Legacy Charging Station,12.945761639147053,77.67413004669817,Bangalore,Karnataka,560037,Unknown Operator,Operational,True,60.0,8,True,2025-03-06 14:47:00+00:00,2025-03-07 16:59:00+00:00
309297,Divyashree Greens,12.952724425242494,77.64085233195198,Bengaluru,Karnataka,560071,Statiq (IN),Operational,True,60.0,2,True,2025-03-06 14:44:00+00:00,2025-03-07 16:59:00+00:00
309296,Carzonrent,12.974519436687544,77.62146110718822,Bengaluru,Karnataka,560008,Statiq (IN),Operational,True,60.0,3,True,2025-03-06 14:34:00+00:00,2025-03-07 16:59:00+00:00
309295,The Park Hotel,12.973940635420362,77.61988884794027,Bengaluru,Karnataka,560001,Tata Power,Operational,True,30.0,2,True,2025-03-06 14:30:00+00:00,2025-03-07 16:59:00+00:00
309294,Taj MG Road,12.97331434540071,77.6195781000381,Bengaluru,Karnataka,560001,Tata Power,Operational,True,30.0,2,True,2025-03-06 14:27:00+00:00,2025-03-07 16:59:00+00:00
309293,"The Oberoi, Bengaluru",12.972788253204088,77.6184047836071,Bengaluru,Karnataka,560001,Tata Power,Operational,True,60.0,2,True,2025-03-06 14:25:00+00:00,2025-03-07 16:59:00+00:00
309285,The Pavilion 2,12.90375,77.60136,Bengaluru,Karnataka,560076,Chargezone (India),Operational,True,150.0,3,True,2025-03-06 13:22:00+00:00,2025-03-07 16:59:00+00:00
309283,Anant Cars Bannerghatta Road,12.90302,77.60159,Bengaluru,Karnataka,560076,Chargezone (India),Operational,True,30.0,2,True,2025-03-06 13:13:00+00:00,2025-03-07 16:59:00+00:00
309281,"Key Motors, Bannerghatta Road",12.88912,77.59736,Bengaluru,Karnataka,560076,Tata Power,Operational,True,24.0,1,True,2025-03-06 13:09:00+00:00,2025-03-07 16:59:00+00:00
309279,Royal Meenakshi Mall,12.8759,77.59583,Bengaluru,Karnataka,560076,Statiq (IN),Operational,True,60.0,2,True,2025-03-06 13:04:00+00:00,2025-03-07 16:59:00+00:00
309278,"Key Motors, Kanakapura Main Road",12.90401,77.57358,Bengaluru,Karnataka,560078,Tata Power,Operational,True,25.0,2,True,2025-03-06 13:00:00+00:00,2025-03-07 16:59:00+00:00
309277,BESCOM Rajarajeshwari Nagar,12.92905,77.514789,Bengaluru,Karnataka,560098,Unknown Operator,Operational,True,50.0,1,True,2025-03-06 12:52:00+00:00,2025-03-07 16:59:00+00:00
309274,BESCOM Byatarayanapura,12.950278857508296,77.54055692747397,Bengaluru,Karnataka,560026,Unknown Operator,Operational,True,15.0,1,False,2025-03-06 12:42:00+00:00,2025-03-07 16:59:00+00:00
309273,Welcomhotel Richmond Road,12.968709974182843,77.61440938105488,Bengaluru,Karnataka,560025,Statiq (IN),Operational,True,60.0,1,True,2025-03-06 12:36:00+00:00,2025-03-07 16:59:00+00:00
309272,Vivanta by Taj Residency Road,12.97248838809081,77.60854161055966,Bengaluru,Karnataka,560025,Tata Power,Operational,True,30.0,2,True,2025-03-06 12:32:00+00:00,2025-03-07 16:59:00+00:00
309271,Forum Rex Walk,12.972458,77.606851,Bengaluru,Karnataka,560025,Statiq (IN),Operational,True,30.0,8,True,2025-03-06 12:28:00+00:00,2025-03-07 16:59:00+00:00
309270,BMW Navnit Motors,12.97259859569182,77.59908118684689,Bengaluru,Karnataka,560001,Unknown Operator,Operational,True,24.0,1,True,2025-03-06 12:23:00+00:00,2025-03-07 16:59:00+00:00
309269,Hotel Southern Star,12.974727464060706,77.59942186908683,Bengaluru,Karnataka,560001,Tata Power,Operational,True,30.0,1,True,2025-03-06 12:17:00+00:00,2025-03-07 16:59:00+00:00
309268,Sundaram Motors,12.973845154518216,77.59597891080779,Bengaluru,Karnataka,560001,Chargezone (India),Operational,True,90.0,2,True,2025-03-06 12:14:00+00:00,2025-03-07 16:59:00+00:00
309267,JW Marriott,12.97228768658023,77.59492658243641,Bengaluru,Karnataka,560001,Chargezone (India),Operational,True,60.0,2,True,2025-03-06 12:10:00+00:00,2025-03-07 16:59:00+00:00
309266,Audi Central,12.97001545590929,77.6004747835533,Bengaluru,Karnataka,560001,Statiq (IN),Operational,True,60.0,2,True,2025-03-06 12:02:00+00:00,2025-03-07 16:59:00+00:00
309265,Manjunath Fuel Service-BPCL,14.14024,75.55737,Surahonne,Karnataka,577223,Statiq (IN),Operational,True,30.0,1,True,2025-03-06 11:43:00+00:00,2025-03-07 16:59:00+00:00
309235,Indira Nagar,19.051818918414952,74.7234314557661,Ahmednagar,Maharashtra,414001,Unknown Operator,Operational,True,60.0,2,True,2025-03-05 04:19:00+00:00,2025-03-08 04:24:00+00:00
309232,CAFE PARADISE FAMILY RESTAURANT,15.43437,74.46271,Ramnagar,Karnataka,581453,Statiq (IN),Operational,True,60.0,1,True,2025-03-04 17:12:00+00:00,2025-03-07 16:59:00+00:00
309231,Arthigamaya Spa & Resort,14.52576,74.31716,Gokarna,Karnataka,581326,Rebolt (IN),Operational,True,7.0,2,False,2025-03-04 17:08:00+00:00,2025-03-07 16:59:00+00:00
309230,M/S T.S Tawady - BPCL,14.341170986862268,74.89089758268335,Siddapur,Karnataka,581355,Statiq (IN),Operational,True,30.0,1,True,2025-03-04 17:06:00+00:00,2025-04-27 03:39:00+00:00
309229,S.G. Enterprises BPCL,13.85362,74.6304,Byndoor,Karnataka,576214,Statiq (IN),Operational,True,30.0,1,True,2025-03-04 17:02:00+00:00,2025-03-07 16:59:00+00:00
309228,Rajani Fuel Centre,13.65205,74.70635,Tallur,Karnataka,576230,Statiq (IN),Operational,True,30.0,1,True,2025-03-04 16:59:00+00:00,2025-03-07 16:59:00+00:00
309227,Ashitha Enterprises BPCL,13.47826,74.7132,Sasthan,Karnataka,576226,Statiq (IN),Operational,True,30.0,1,True,2025-03-04 16:57:00+00:00,2025-03-07 16:59:00+00:00
309226,Krupa Motors & Fuels,13.45598,74.98411,Hebri,Karnataka,576112,Statiq (IN),Operational,True,30.0,1,True,2025-03-04 16:53:00+00:00,2025-03-07 16:54:00+00:00
309225,"WheelsDrive Charger, Bajagoly",13.19883,75.06799,Bajagoly,Karnataka,576101,Wheels Drive (IN),Operational,True,30.0,1,True,2025-03-04 16:49:00+00:00,2025-03-07 16:54:00+00:00
309224,Vibrant PU College,13.05771,75.03821,Mudbidri,Karnataka,574227,Wheels Drive (IN),Operational,True,30.0,1,True,2025-03-04 16:45:00+00:00,2025-03-07 16:49:00+00:00
309223,Hotel Indraprastha,12.941033267964473,76.35064287596902,Baragur,Karnataka,573225,Adani Gas-EV (TR),Operational,True,60.0,2,True,2025-03-04 16:43:00+00:00,2025-03-07 16:44:00+00:00
309221,Sundaram Motors Mercedes-Benz,12.86689,74.90518,Mangaluru,Karnataka,575007,Chargezone (India),Operational,True,60.0,2,True,2025-03-04 16:25:00+00:00,2025-03-07 16:29:00+00:00
309220,"Adishakti Cars, Hebbal",13.04291,77.60927,Bengaluru,Karnataka,560045,Tata Power,Operational,True,25.0,2,True,2025-03-04 16:10:00+00:00,2025-03-07 16:14:00+00:00
309190,Sixth Gear Cars,13.046755410837209,77.59123644794158,Bengaluru,Karnataka,560024,Chargezone (India),Operational,True,60.0,2,True,2025-03-03 17:21:00+00:00,2025-03-06 17:24:00+00:00
309189,Orion Avenue,13.001137938818005,77.63254,Bengaluru,Karnataka,560033,JIO BP Pulse (India),Operational,True,60.0,3,True,2025-03-03 17:18:00+00:00,2025-03-06 17:19:00+00:00
309188,Gokulam Grand Hotel & Spa,13.04204,77.55465,Bengaluru,Karnataka,560054,Tata Power,Operational,True,25.0,2,True,2025-03-03 17:13:00+00:00,2025-03-06 17:14:00+00:00
309187,Elements Mall,13.04612,77.6269,Bengaluru,Karnataka,560077,Statiq (IN),Operational,True,150.0,3,True,2025-03-03 17:10:00+00:00,2025-03-06 17:14:00+00:00
309186,Jio BP Charging Hub Chikkagubbi ,13.08784814118694,77.66014774782752,Bengaluru,Karnataka,562149,JIO BP Pulse (India),Operational,True,60.0,56,True,2025-03-03 17:03:00+00:00,2025-03-06 17:04:00+00:00
309185,Jaguar Land Rover Cars Airport Road,13.11756,77.60923,Bengaluru,Karnataka,560064,Tata Power,Operational,True,50.0,3,True,2025-03-03 16:55:00+00:00,2025-03-06 16:59:00+00:00
309158,Jio BP Chikkajala,13.16554,77.62933,Bengaluru,Karnataka,562157,JIO BP Pulse (India),Operational,True,60.0,2,True,2025-03-01 14:40:00+00:00,2025-03-04 14:44:00+00:00
309157,Moxy Bengaluru Airport Prestige Tech Cloud,13.19211,77.64456,Bengaluru,Karnataka,562157,Chargezone (India),Operational,True,30.0,2,True,2025-03-01 14:37:00+00:00,2025-03-04 14:39:00+00:00
309156,Click Hotel Sadahalli,13.19218,77.64652,Sadahalli,Karnataka,562157,Tata Power,Operational,True,30.0,1,True,2025-03-01 14:32:00+00:00,2025-03-04 14:34:00+00:00
309155,Mulberry Shades Bengaluru Nandi Hills,13.34843,77.68211,Devanahally,Karnataka,562110,Chargezone (India),Operational,True,30.0,2,True,2025-03-01 14:24:00+00:00,2025-03-04 14:29:00+00:00
309154,JW Marriott Bengaluru Prestige Golfshire Resort & Spa,13.31205,77.69087,Devanahall,Karnataka,562164,Chargezone (India),Operational,True,30.0,2,True,2025-03-01 14:20:00+00:00,2025-03-04 14:24:00+00:00
309153,Taj Bangalore,13.19736,77.71011,Bengaluru,Karnataka,560300,Statiq (IN),Operational,True,60.0,2,True,2025-03-01 14:13:00+00:00,2025-03-04 14:14:00+00:00
309152,Shell Recharge Devanahalli,13.24117,77.70313,Devanahalli,Karnataka,562110,Shell Recharge (IN),Operational,True,120.0,5,True,2025-03-01 14:00:00+00:00,2025-03-04 14:04:00+00:00
309151,GLIDA Charging Hub,13.18324,77.67608,Bengaluru,Karnataka,562157,Statiq (IN),Operational,True,60.0,20,True,2025-03-01 13:55:00+00:00,2025-03-04 13:59:00+00:00
309150,GAIL Gas Station -Tata Power,13.15341,77.72827,Bengaluru,Karnataka,562129,Tata Power,Operational,True,30.0,1,True,2025-03-01 13:08:00+00:00,2025-03-04 13:09:00+00:00
309149,Orion Uptown Mall,13.05515,77.7638,Bengaluru,Karnataka,560049,JIO BP Pulse (India),Operational,True,60.0,3,True,2025-03-01 13:04:00+00:00,2025-03-04 13:09:00+00:00
309148,Kia India Training Center,13.05242,77.74675,Bengaluru,Karnataka,560049,Tata Power,Operational,True,150.0,1,True,2025-03-01 13:00:00+00:00,2025-03-04 13:04:00+00:00
309099,ITC Gardenia Bengaluru,12.96728,77.59552,Bengaluru,Karnataka,560025,Statiq (IN),Operational,True,30.0,2,True,2025-02-24 15:06:00+00:00,2025-03-04 03:24:00+00:00
309098,Divyasree Chambers,12.96192,77.59922,Bengaluru,Karnataka,560025,Statiq (IN),Operational,True,60.0,2,True,2025-02-24 15:03:00+00:00,2025-03-04 03:24:00+00:00
309097,ibis Bengaluru City Centre,12.96751,77.5939,Bengaluru,Karnataka,560027,JIO BP Pulse (India),Operational,True,60.0,2,True,2025-02-24 15:00:00+00:00,2025-03-04 03:24:00+00:00
309096,Club Mahindra Madikeri,12.440927112565277,75.71641034319009,Madikeri,Karnataka,571204,Zeon Charging,Operational,True,22.0,2,False,2025-02-24 14:51:00+00:00,2025-06-11 19:20:00+00:00
309095,Hotel Varun Mansion ,13.00219031804562,76.13960172358225,Boovanahalli,Karnataka,573226,JIO BP Pulse (India),Operational,True,60.0,2,True,2025-02-24 13:47:00+00:00,2025-03-07 16:45:00+00:00
309076,Hotel Kadamba Veg,12.9019345,77.4689096,Bengaluru,Karnataka,560060,Zeon Charging,Operational,True,24.0,1,True,2025-02-23 04:46:00+00:00,2025-03-04 03:24:00+00:00
309070,Bolt.Earth Charging Station,12.48172,77.03598,Bharathi Nagara,Karnataka,571422,Bolt.Earth (IN),Operational,True,30.0,1,True,2025-02-22 07:02:00+00:00,2025-03-04 03:24:00+00:00
309069,Nagalakshmi Fuel Station,12.30446,76.70639,Mysuru,Karnataka,570011,Statiq (IN),Operational,True,30.0,1,True,2025-02-22 06:57:00+00:00,2025-03-04 03:24:00+00:00
309068,Adarsh Kia - Mysore,12.30706,76.70759,Mysuru,Karnataka,570011,Tata Power,Operational,True,90.0,2,True,2025-02-22 06:54:00+00:00,2025-03-04 03:24:00+00:00
309067,The Quorum Hotel,12.31223,76.64067,Mysuru,Karnataka,570005,ChargeMod (IN),Operational,True,7.4,1,False,2025-02-22 06:46:00+00:00,2025-03-04 03:24:00+00:00
309066,Southern Star Mysore,12.31169,76.64328,Mysuru,Karnataka,570005,Tata Power,Operational,True,60.0,2,True,2025-02-22 06:42:00+00:00,2025-03-04 03:24:00+00:00
309065,"Urs Kar, Krishnamurthy Puram",12.29519,76.6415,Mysuru,Karnataka,570004,Tata Power,Operational,True,25.0,2,True,2025-02-22 06:39:00+00:00,2025-03-04 03:24:00+00:00
309064,Hotel Siddharta,12.30853,76.66071,Mysuru,Karnataka,570010,Rebolt (IN),Operational,True,30.0,1,True,2025-02-22 06:35:00+00:00,2025-03-04 03:24:00+00:00
309063,Nexus Centre City,12.31857,76.66539,Mysuru,Karnataka,570010,Statiq (IN),Operational,True,80.0,5,True,2025-02-22 06:31:00+00:00,2025-03-04 03:24:00+00:00
309062,Ganapati Fuel Station,12.35048,76.63894,Mysuru,Karnataka,570003,Statiq (IN),Operational,True,24.0,1,True,2025-02-22 06:23:00+00:00,2025-03-04 03:24:00+00:00
309061,GRS Fantasy Park,12.35317,76.6357,Mysuru,Karnataka,570020,Statiq (IN),Operational,True,60.0,4,True,2025-02-22 06:08:00+00:00,2025-03-04 03:24:00+00:00
309060,Akshaya Motors,12.35941,76.62151,Mysuru,Karnataka,570016,Chargezone (India),Operational,True,30.0,2,True,2025-02-22 06:02:00+00:00,2025-03-04 03:24:00+00:00
309024,Sri Manjunatha Fuel Station,12.83561,75.39953,Nelyadi,Karnataka,574229,Statiq (IN),Operational,True,30.0,1,True,2025-02-20 17:17:00+00:00,2025-02-24 10:38:00+00:00
309023,GL ONE MALL,12.76013,75.20645,Puttur,Karnataka,574201,Wheels Drive (IN),Operational,True,30.0,1,True,2025-02-20 17:14:00+00:00,2025-03-04 03:24:00+00:00
309022,A.R.M Kia,12.86709,74.90488,Mangaluru,Karnataka,575007,Tata Power,Operational,True,90.0,2,True,2025-02-20 17:10:00+00:00,2025-03-04 03:24:00+00:00
309021,"Cauvery Motors, Mangalore",12.87213,74.89078,Mangaluru,Karnataka,575007,Statiq (IN),Operational,True,25.0,1,True,2025-02-20 17:05:00+00:00,2025-03-04 03:24:00+00:00
309020,St Joseph Service Centre,12.8591,74.85515,Mangaluru,Karnataka,575002,Statiq (IN),Operational,True,30.0,1,True,2025-02-20 17:02:00+00:00,2025-03-04 03:24:00+00:00
309019,Fiza by Nexus Mall,12.85763,74.83832,Mangaluru,Karnataka,575001,JIO BP Pulse (India),Operational,True,60.0,5,True,2025-02-20 16:59:00+00:00,2025-03-04 03:24:00+00:00
309018,"Vivanta Mangalore, Old Port Road",12.86212,74.83519,Mangaluru,Karnataka,575001,Tata Power,Operational,True,30.0,1,True,2025-02-20 16:56:00+00:00,2025-03-04 03:24:00+00:00
309017,"Auto Matrix, Bejai",12.88567,74.84352,Mangaluru,Karnataka,575004,Tata Power,Temporarily Unavailable,True,25.0,2,True,2025-02-20 16:52:00+00:00,2026-04-12 04:52:00+00:00
309016,Mescom Substation Bejai,12.88666,74.84176,Mangaluru,Karnataka,575004,Statiq (IN),Operational,True,25.0,2,True,2025-02-20 16:49:00+00:00,2025-03-04 03:24:00+00:00
309015,Sowkar M Baba Pai & Co,12.888069564664889,74.8354843185316,Mangaluru,Karnataka,575006,Statiq (IN),Temporarily Unavailable,True,30.0,1,True,2025-02-20 16:46:00+00:00,2026-04-12 04:29:00+00:00
309014,MG Motor Jubilant Motors,12.92394,74.83135,Mangaluru,Karnataka,575013,Tata Power,Operational,True,60.0,2,True,2025-02-20 16:41:00+00:00,2025-03-04 03:24:00+00:00
309013,Ginger Hotel,12.90846240767688,74.83580306975753,Mangaluru,Karnataka,575013,Tata Power,Operational,True,30.0,1,True,2025-02-20 16:36:00+00:00,2025-03-04 03:24:00+00:00
308999,Audi Mangaluru,12.923881847417348,74.8296552161257,Mangaluru,Karnataka,575013,Statiq (IN),Operational,True,30.0,1,True,2025-02-19 17:30:00+00:00,2025-03-04 03:24:00+00:00
308998,J B Fuel Station,12.940230312722576,74.81603967380636,Mangaluru,Karnataka,575010,Statiq (IN),Operational,True,30.0,1,True,2025-02-19 17:26:00+00:00,2025-03-04 03:24:00+00:00
308997,Deepak Sales and Services - BPCL Petrol Pump,12.94928,74.81044,Panambur,Karnataka,575010,Statiq (IN),Operational,True,30.0,1,True,2025-02-19 17:23:00+00:00,2025-03-04 03:24:00+00:00
308996,Royal Orchid Central Kireeti,15.28683,76.38577,Hosapete,Karnataka,583201,JIO BP Pulse (India),Operational,True,60.0,2,True,2025-02-19 17:17:00+00:00,2025-03-04 03:24:00+00:00
308995,HR Motel,15.9663,75.01014,Yaragatti,Karnataka,591129,JIO BP Pulse (India),Operational,True,60.0,2,True,2025-02-19 17:13:00+00:00,2025-03-08 17:13:00+00:00
308994,Jio-BP Petrol Pump,16.19321,74.518,Chikkalagudda,Karnataka,591314,JIO BP Pulse (India),Operational,True,60.0,2,True,2025-02-19 17:11:00+00:00,2025-03-04 03:24:00+00:00
308993,Hotel Paradise,16.14641,74.21505,Sulgaon,Maharashtra,416505,Tata Power,Operational,True,60.0,2,True,2025-02-19 17:04:00+00:00,2025-03-04 03:24:00+00:00
308992,Gogte Plaza,15.928451456254336,74.52903791342621,Belagavi,Karnataka,591113,Tata Power,Operational,True,60.0,5,True,2025-02-19 17:00:00+00:00,2025-03-04 03:24:00+00:00
308991,RR Mall Belagavi,15.901614805901248,74.52143374766956,Belagavi,Karnataka,590010,JIO BP Pulse (India),Operational,True,60.0,2,True,2025-02-19 16:54:00+00:00,2025-03-04 03:24:00+00:00
308990,Hotel Ramdev,15.878287475844717,74.51579659267398,Belagavi,Karnataka,590001,Chargezone (India),Operational,True,30.0,4,True,2025-02-19 16:51:00+00:00,2025-03-04 03:24:00+00:00
308989,"UK27 The Fern - An Ecotel Hotel, Belagavi",15.87496,74.51343,Belagavi,Karnataka,590019,JIO BP Pulse (India),Operational,True,24.0,1,True,2025-02-19 16:49:00+00:00,2025-03-04 03:24:00+00:00
308988,Pai Resorts,15.867344553938452,74.52868439845417,Belagavi,Karnataka,590016,Wheels Drive (IN),Operational,True,30.0,1,True,2025-02-19 16:43:00+00:00,2025-03-04 03:24:00+00:00
308987,"Manickbag Automobiles, Belagavi",15.8188,74.49224,Belagavi,Karnataka,590008,Tata Power,Operational,True,25.0,2,True,2025-02-19 16:40:00+00:00,2025-03-04 03:24:00+00:00
308986,Miraculum Kia,15.80545,74.48541,Belagavi,Karnataka,590008,Tata Power,Operational,True,90.0,2,True,2025-02-19 16:38:00+00:00,2025-03-04 03:24:00+00:00
308985,BPCL Goral Petroleum,15.83662,74.49365,Belagavi,Karnataka,590006,Statiq (IN),Operational,True,30.0,1,True,2025-02-19 16:36:00+00:00,2025-02-21 12:14:00+00:00
308984,Shri Mahalingeshwar Petroleums,15.80585,74.57531,Belagavi,Karnataka,590020,Statiq (IN),Operational,True,30.0,1,True,2025-02-19 16:28:00+00:00,2025-03-04 03:24:00+00:00
308983,Hotel Gajaraj Palace,15.58799,74.78388,Kittur,Karnataka,591115,Chargezone (India),Operational,True,30.0,2,True,2025-02-19 15:16:00+00:00,2025-03-04 03:24:00+00:00
308982,Nisarga Family Restaurant,14.55971,75.72506,Chalageri,Karnataka,581145,Statiq (IN),Operational,True,120.0,2,True,2025-02-19 15:12:00+00:00,2025-03-04 03:24:00+00:00
308981,Raastha Resto Bar,14.44452,75.89139,Davanagere,Karnataka,577004,Chargezone (India),Operational,True,60.0,2,True,2025-02-19 15:08:00+00:00,2025-03-04 03:24:00+00:00
308980,Kahaani - The Food Journey,14.44549,75.8911,Davanagere,Karnataka,577004,Chargezone (India),Operational,True,60.0,4,True,2025-02-19 15:06:00+00:00,2025-03-04 03:24:00+00:00
308979,Mahindra Mahanth Motors,14.47385,75.88627,Davanagere,Karnataka,577006,Statiq (IN),Operational,True,60.0,1,True,2025-02-19 15:03:00+00:00,2025-03-04 03:24:00+00:00
308978,"TSS Super Market, Sirsi",14.624314302978265,74.84155546196445,Sirsi,Karnataka,581401,Tata Power,Operational,True,30.0,1,True,2025-02-19 14:59:00+00:00,2025-03-04 03:24:00+00:00
308977,Shiva Hotel,14.53811,75.75962,Harihar,Karnataka,581123,Tata Power,Operational,True,60.0,2,True,2025-02-19 14:55:00+00:00,2025-03-04 03:24:00+00:00
308976,Adishakti Cars,14.44223,75.95212,Davanagere,Karnataka,577003,Tata Power,Operational,True,25.0,2,True,2025-02-19 14:52:00+00:00,2025-03-04 03:24:00+00:00
308975,Hotel Anand Vihar,14.62398,76.46012,Hulikere,Karnataka,583218,Statiq (IN),Operational,True,60.0,2,True,2025-02-19 14:49:00+00:00,2025-03-04 03:24:00+00:00
308974,Akshara Pure Veg,14.08641,76.54001,Aimangala,Karnataka,577558,Tata Power,Operational,True,60.0,2,True,2025-02-19 14:45:00+00:00,2025-03-04 03:24:00+00:00
308973,Purohit Hotel,14.0521,76.56153,Hiriyur,Karnataka,577558,Chargezone (India),Operational,True,60.0,2,True,2025-02-19 14:43:00+00:00,2025-03-04 03:24:00+00:00
308972,Dakshin Motors - TATA Service Center,13.92317,76.64257,Hiriyur Rural,Karnataka,577598,Tata Power,Operational,True,25.0,1,True,2025-02-19 14:40:00+00:00,2025-03-04 03:24:00+00:00
308971,Hotel Aroma Natural Veg,13.839530123616814,76.73914834433563,Javagondnahalli,Karnataka,577511,Statiq (IN),Operational,True,60.0,2,True,2025-02-19 14:33:00+00:00,2026-04-08 16:35:00+00:00
308965,"Sree Auto, Tumkur",13.34529,77.08027,Tumakuru,Karnataka,572107,Tata Power,Operational,True,30.0,1,True,2025-02-18 17:36:00+00:00,2025-03-04 03:24:00+00:00
308964,Ghar Ka Khana,13.24891,77.22395,Hale Nijagal,Karnataka,562111,JIO BP Pulse (India),Operational,True,60.0,2,True,2025-02-18 17:33:00+00:00,2025-03-04 03:24:00+00:00
308953,Deol Punjabi Hotel & Lodge,14.65406,75.56992,Kunabev,Karnataka,581115,Wheels Drive (IN),Operational,True,30.0,2,True,2025-02-17 17:20:00+00:00,2025-03-04 03:24:00+00:00
308951,MG Motor Bellad,15.40827,75.06133,Hubballi,Karnataka,580025,Tata Power,Operational,True,25.0,2,True,2025-02-17 17:07:00+00:00,2025-03-04 03:24:00+00:00
308950,Salimath Engineers,15.35533,75.08915,Hubballi,Karnataka,580030,Tata Power,Operational,True,25.0,1,True,2025-02-17 17:03:00+00:00,2025-03-04 03:24:00+00:00
308949,Shreya Stellar Mall,15.3593,75.12727,Hubballi,Karnataka,580021,Tata Power,Operational,True,60.0,2,True,2025-02-17 17:00:00+00:00,2025-03-04 03:24:00+00:00
308946,Sai Ganesh Restaurant,15.27878,75.14759,Hubli,Karnataka,580028,Chargezone (India),Operational,True,150.0,3,True,2025-02-17 16:56:00+00:00,2025-03-04 03:24:00+00:00
308945,Hotel Panchavati,14.94519,75.25032,Munavalli,Karnataka,581202,Chargezone (India),Operational,True,60.0,2,True,2025-02-17 16:50:00+00:00,2025-03-04 03:24:00+00:00
308944,"TSS Super Market, Mundagod",14.97927,75.04431,Mundgod,Karnataka,581349,Tata Power,Operational,True,30.0,1,True,2025-02-17 16:46:00+00:00,2025-03-04 03:24:00+00:00
308943,TSS Super market,14.96012,74.71765,Yellapur,Karnataka,581359,Tata Power,Operational,True,30.0,1,True,2025-02-17 16:44:00+00:00,2025-03-04 03:24:00+00:00
308942,Hotel Lavender Elite,14.3166,74.42836,Honnavar,Karnataka,581334,Rebolt (IN),Operational,True,7.0,2,False,2025-02-17 16:40:00+00:00,2025-03-04 03:24:00+00:00
308941,Shreekumar Residency,14.32599,74.42664,Honnavar,Karnataka,581341,Chargezone (India),Operational,True,60.0,2,True,2025-02-17 16:37:00+00:00,2025-03-04 03:24:00+00:00
308940,Jyothis Residency,13.86534,74.81452,Kollur,Karnataka,576220,Rebolt (IN),Operational,True,7.0,1,False,2025-02-17 16:34:00+00:00,2025-03-04 03:24:00+00:00
308939,Hotel Sharada Comforts,13.42865,75.25619,Sringeri,Karnataka,577139,Rebolt (IN),Operational,True,7.0,2,False,2025-02-17 16:27:00+00:00,2025-03-04 03:24:00+00:00
308938,The Grand Krishna Hotel,13.32784,75.77365,Chikkamagaluru,Karnataka,577101,Rebolt (IN),Operational,True,7.0,1,False,2025-02-17 16:23:00+00:00,2025-03-04 03:24:00+00:00
308937,Hotel Aadrika,13.31755,75.77101,Chikkamagaluru,Karnataka,577101,JIO BP Pulse (India),Operational,True,60.0,2,True,2025-02-17 16:18:00+00:00,2025-03-04 03:24:00+00:00
308936,Jio BP Pulse - Mettupalayam,11.27928,76.94778,Mettupalayam,Tamil Nadu,641301,JIO BP Pulse (India),Operational,True,60.0,2,True,2025-02-17 16:06:00+00:00,2025-03-04 03:24:00+00:00
308935,Adyar Ananda Bhavan,11.32163,76.9161,Mettupalayam,Tamil Nadu,641305,Statiq (IN),Operational,True,60.0,2,True,2025-02-17 16:03:00+00:00,2025-03-04 03:24:00+00:00
308934,Wellington Gymkhana Club,11.36142,76.79607,Wellington,Tamil Nadu,643231,Zeon Charging,Operational,True,22.0,2,False,2025-02-17 15:51:00+00:00,2025-03-04 03:24:00+00:00
308933,Gateway Coonoor,11.34605,76.80108,Coonoo,Tamil Nadu,643101,Tata Power,Operational,True,30.0,1,True,2025-02-17 15:42:00+00:00,2025-03-04 03:24:00+00:00
308932,"Welcome Heritage Ayatana, Ooty",11.33652,76.71073,Muttinadu,Tamil Nadu,643003,Zeon Charging,Operational,True,22.0,2,False,2025-02-17 14:48:00+00:00,2025-03-04 03:24:00+00:00
308931,"Club Mahindra Resort - Derby Green, Ooty",11.4023,76.69714,Ooty,Tamil Nadu,643001,Zeon Charging,Operational,True,22.0,1,False,2025-02-17 14:44:00+00:00,2025-03-04 03:24:00+00:00
308930,Sterling Ooty - Fern Hill,11.39057,76.69866,Ooty,Tamil Nadu,643004,Tata Power,Operational,True,60.0,2,True,2025-02-17 14:41:00+00:00,2025-03-04 03:24:00+00:00
308929,Hotel Gem Park,11.42074,76.70407,Ooty,Tamil Nadu,643001,Zeon Charging,Operational,True,24.0,2,True,2025-02-17 14:37:00+00:00,2025-03-04 03:24:00+00:00
308928,"Savoy, Ooty - IHCL SeleQtions",11.41494,76.69288,Ooty,Tamil Nadu,643001,Tata Power,Operational,True,50.0,2,True,2025-02-17 14:34:00+00:00,2025-03-04 03:24:00+00:00
308927,MC Resort Bandipura,11.69692,76.63576,Melukamanahally,Karnataka,571126,Statiq (IN),Operational,True,60.0,2,True,2025-02-17 14:29:00+00:00,2025-03-04 03:24:00+00:00
308926,Vana Vihar Resort Bandipur,11.70634,76.64111,Mel Kamanahalli,Karnataka,571126,Tata Power,Operational,True,60.0,2,True,2025-02-17 14:27:00+00:00,2025-03-04 03:24:00+00:00
308925,Shivalli Restaurant 1,12.63923,77.14021,Channapatna,Karnataka,562160,JIO BP Pulse (India),Operational,True,80.0,2,True,2025-02-17 14:18:00+00:00,2025-03-04 03:24:00+00:00
308924,Eagleton The Golf Resort,12.80007,77.41324,Bidadi,Karnataka,562109,JIO BP Pulse (India),Operational,True,60.0,2,True,2025-02-17 14:11:00+00:00,2025-03-04 03:24:00+00:00
308923,ibis Bengaluru Hosur Road,12.90073,77.63203,Bengaluru,Karnataka,560068,JIO BP Pulse (India),Operational,True,60.0,2,True,2025-02-17 13:10:00+00:00,2025-03-04 03:24:00+00:00
308922,Blusmart Charging Station (HSR Hub),12.90212,77.64191,Bengaluru,Karnataka,560068,JIO BP Pulse (India),Operational,True,60.0,58,True,2025-02-17 13:06:00+00:00,2025-03-04 03:24:00+00:00
308921,"La Maison Citroën Hosur Road, Bengaluru",12.86308,77.65922,Bengaluru,Karnataka,560100,JIO BP Pulse (India),Operational,True,60.0,2,True,2025-02-17 12:59:00+00:00,2025-03-04 03:24:00+00:00
308920,JioBP Pulse Charging Hub - Electronic City Phase II,12.86462,77.67486,Bengaluru,Karnataka,560100,JIO BP Pulse (India),Operational,True,60.0,70,True,2025-02-17 12:54:00+00:00,2025-03-04 03:24:00+00:00
308919,Jio BP Chandapura,12.79284,77.72766,Bengaluru,Karnataka,562107,JIO BP Pulse (India),Operational,True,60.0,2,True,2025-02-17 12:48:00+00:00,2025-03-04 03:24:00+00:00
308918,Blusmart Charging Station Electronic City Phase 1,12.82734,77.65552,Bengaluru,Karnataka,560100,JIO BP Pulse (India),Operational,True,60.0,28,True,2025-02-17 12:43:00+00:00,2025-03-04 03:24:00+00:00
308917,Blusmart Charging Station (Gottigere Hub),12.85845,77.58721,Bengaluru,Karnataka,560083,JIO BP Pulse (India),Operational,True,60.0,32,True,2025-02-17 12:35:00+00:00,2025-03-04 03:29:00+00:00
308916,Shell Recharge Advaith Hyundai Mysuru ,12.34912,76.57168,Mysuru,Karnataka,570016,Shell Recharge (IN),Operational,True,60.0,2,True,2025-02-17 05:04:00+00:00,2025-03-04 03:29:00+00:00
308915,Shell Recharge Advaith Hyundai Mangaluru,12.90145,74.84193,Mangaluru,Karnataka,575006,Shell Recharge (IN),Operational,True,60.0,2,True,2025-02-17 04:58:00+00:00,2025-03-04 03:29:00+00:00
308914,Shell Recharge Heggeri Dharwad,15.52849,74.90613,Belur,Karnataka,580011,Shell Recharge (IN),Operational,True,120.0,2,True,2025-02-17 04:54:00+00:00,2025-03-04 03:29:00+00:00
308913,Shell Recharge Pale,15.240056,75.14345,Hubballi,Karnataka,581207,Shell Recharge (IN),Operational,True,120.0,2,True,2025-02-17 04:51:00+00:00,2025-03-04 03:29:00+00:00
308907,Shell Recharge Anekal Road,12.76356,77.70167,Naganaikanahalli,Karnataka,562106,Shell Recharge (IN),Operational,True,120.0,4,True,2025-02-16 18:56:00+00:00,2025-03-04 03:29:00+00:00
308906,Shell Recharge Devanahalli,13.26416,77.71751,Devanahalli,Karnataka,562110,Shell Recharge (IN),Operational,True,120.0,2,True,2025-02-16 18:53:00+00:00,2025-03-04 03:29:00+00:00
308905,"Shell Recharge, Chandapura",12.78840738219364,77.73682462376587,Attibele,Karnataka,562107,Shell Recharge (IN),Operational,True,120.0,4,True,2025-02-16 18:51:00+00:00,2025-03-31 15:21:00+00:00
308904,Shell Recharge Kanakapura Road,12.86276,77.53146,Bengaluru,Karnataka,560062,Shell Recharge (IN),Operational,True,120.0,2,True,2025-02-16 18:48:00+00:00,2025-03-04 03:29:00+00:00
308903,Shell Recharge Yelachenahalli,12.89719,77.57071,Bengaluru,Karnataka,560078,Shell Recharge (IN),Operational,True,120.0,4,True,2025-02-16 18:45:00+00:00,2025-03-04 03:29:00+00:00
308902,Shell Recharge Gokare Road,13.23897,77.72394,Devanahalli,Karnataka,562110,Shell Recharge (IN),Operational,True,120.0,4,True,2025-02-16 18:43:00+00:00,2025-03-04 03:29:00+00:00
308901,Shell Recharge Haralur,12.91293,77.66542,Bengaluru,Karnataka,560102,Shell Recharge (IN),Operational,True,120.0,2,True,2025-02-16 18:40:00+00:00,2025-03-04 03:29:00+00:00
308900,Shell Recharge Marathahalli,12.94285,77.69782,Bengaluru,Karnataka,560037,Shell Recharge (IN),Operational,True,120.0,4,True,2025-02-16 18:36:00+00:00,2025-03-04 03:29:00+00:00
308899,Shell Recharge Prestige Tech Park,12.94269,77.69235,Bengaluru,Karnataka,560037,Shell Recharge (IN),Operational,True,30.0,9,True,2025-02-16 18:32:00+00:00,2025-03-04 03:29:00+00:00
308898,Shell Recharge Bagmane Solarium,12.9717,77.7075,Bengaluru,Karnataka,560037,Shell Recharge (IN),Operational,True,30.0,4,True,2025-02-16 18:29:00+00:00,2025-03-04 03:29:00+00:00
308897,Shell Recharge Prestige Shantiniketan,12.992,77.7299,Bengaluru,Karnataka,560027,Shell Recharge (IN),Operational,True,30.0,5,True,2025-02-16 18:24:00+00:00,2026-09-09 11:51:00+00:00
308896,Shell Recharge Brookfield,12.982973492700651,77.7080860046741,Bengaluru,Karnataka,560048,Shell Recharge (IN),Operational,True,120.0,4,True,2025-02-16 18:20:00+00:00,2025-03-08 02:37:00+00:00
308895,Shell Recharge Avalahalli,13.04041,77.74131,Bandapura,Karnataka,560049,Shell Recharge (IN),Operational,True,120.0,4,True,2025-02-16 18:16:00+00:00,2025-03-04 03:29:00+00:00
308894,Shell Recharge Budigere,13.06226,77.74273,Unknown,Karnataka,560049,Shell Recharge (IN),Operational,True,120.0,4,True,2025-02-16 18:12:00+00:00,2025-03-04 03:29:00+00:00
308893,Shell Recharge Mahadeva Kodigehalli,13.15446,77.70277,Bengaluru,Karnataka,562149,Shell Recharge (IN),Operational,True,30.0,4,True,2025-02-16 18:09:00+00:00,2025-03-04 03:29:00+00:00
308891,Shell Recharge Old Madras Road,12.9923,77.65942,Bengaluru,Karnataka,560093,Shell Recharge (IN),Operational,True,120.0,4,True,2025-02-16 18:02:00+00:00,2025-03-04 03:29:00+00:00
308890,Shell Recharge TC Palya,13.02234,77.67867,Bengaluru,Karnataka,560016,Shell Recharge (IN),Operational,True,120.0,5,True,2025-02-16 18:00:00+00:00,2025-03-04 03:29:00+00:00
308889,Shell Recharge Thanisandra,13.05367,77.63073,Bengaluru,Karnataka,560077,Shell Recharge (IN),Operational,True,120.0,5,True,2025-02-16 17:57:00+00:00,2025-03-04 03:29:00+00:00
308888,Shell Recharge Hennur,13.07536,77.6524,Bengaluru,Karnataka,560077,Shell Recharge (IN),Operational,True,120.0,5,True,2025-02-16 17:55:00+00:00,2025-03-04 03:29:00+00:00
308886,Shell Recharge Kogilu Road,13.1043,77.60448,Bengaluru,Karnataka,560064,Shell Recharge (IN),Operational,True,120.0,5,True,2025-02-16 17:50:00+00:00,2025-03-04 03:29:00+00:00
308885,Shell Yelahanka New Town,13.098,77.5658,Bengaluru,Karnataka,560064,Shell Recharge (IN),Operational,True,120.0,2,True,2025-02-16 17:47:00+00:00,2025-03-04 03:29:00+00:00
308883,MG Motor Mysuru,12.3257,76.61038,Mysuru,Karnataka,570017,Tata Power,Operational,True,60.0,2,True,2025-02-16 17:43:00+00:00,2025-03-04 03:29:00+00:00
308882,Shell Recharge Mandakalli,12.24523,76.65978,Gudumadanahalli,Karnataka,570008,Shell Recharge (IN),Operational,True,60.0,2,True,2025-02-16 17:36:00+00:00,2025-04-01 02:06:00+00:00
308881,Shell Recharge Hinkal,12.3279,76.60826,Mysuru,Karnataka,570017,Shell Recharge (IN),Operational,True,120.0,2,True,2025-02-16 17:32:00+00:00,2025-02-25 18:16:00+00:00
308879,Highway Star Mall,13.13885,78.20935,Vadagur,Karnataka,563101,Zeon Charging,Operational,True,120.0,4,True,2025-02-16 17:15:00+00:00,2025-03-04 03:29:00+00:00
308878,"Aaradhya Grand ""Mulbagal Dosa""",13.13522,78.18786,Kolar,Karnataka,563101,Zeon Charging,Operational,True,60.0,2,True,2025-02-16 17:11:00+00:00,2025-03-04 03:29:00+00:00
308877,Hotel Guruprasad Veg,14.17052,76.47221,Chitradurga,Karnataka,577524,Zeon Charging,Operational,True,120.0,4,True,2025-02-16 17:01:00+00:00,2025-03-04 03:29:00+00:00
308876,Paakashala Sira,13.75492,76.88246,Sira,Karnataka,572137,Zeon Charging,Operational,True,160.0,10,True,2025-02-16 16:59:00+00:00,2025-03-08 19:04:00+00:00
308875,Samara's Veg,13.79204,77.76632,Bagepalli,Karnataka,561207,Zeon Charging,Operational,True,240.0,4,True,2025-02-16 16:54:00+00:00,2026-02-21 14:58:00+00:00
308874,Hotel Nanjundeshwara,13.28586,77.18248,Pandithanahalli,Karnataka,572104,Zeon Charging,Operational,True,24.0,1,True,2025-02-16 16:51:00+00:00,2025-03-04 03:29:00+00:00
308873,Shepra Farms,12.13427,77.07437,Kollegala,Karnataka,571440,Zeon Charging,Operational,True,60.0,2,True,2025-02-16 16:47:00+00:00,2025-03-04 03:29:00+00:00
308872,Mulki Sunder Ram Shetty Convention Centre,13.06385,74.79791,Mulki,Karnataka,574154,Zeon Charging,Operational,True,60.0,2,True,2025-02-16 16:41:00+00:00,2025-03-04 03:29:00+00:00
308871,Club Mahindra Resort - Virajpet,12.20992,75.73586,Virajpet,Karnataka,571212,Zeon Charging,Operational,True,22.0,2,False,2025-02-16 16:29:00+00:00,2025-06-11 19:20:00+00:00
308862,Hotel Sharadha International,13.34939,74.73729,Udupi,Karnataka,576103,Renoch (IN),Operational,True,30.0,2,True,2025-02-15 17:24:00+00:00,2025-03-04 03:29:00+00:00
308861,Paradise Isle Beach Resort,13.36063,74.69908,Udupi,Karnataka,576108,Rebolt (IN),Operational,True,7.0,2,False,2025-02-15 17:20:00+00:00,2025-03-04 03:29:00+00:00
308860,Malpe Fish Trade Center,13.35205,74.70382,Udupi,Karnataka,576108,Renoch (IN),Operational,True,60.0,2,True,2025-02-15 17:17:00+00:00,2025-03-04 03:29:00+00:00
308859,Kaustubha Residency,13.29373,74.74513,Udupi,Karnataka,576122,Renoch (IN),Operational,True,30.0,1,True,2025-02-15 17:14:00+00:00,2025-03-04 03:29:00+00:00
308837,Wonderla Bengaluru,12.838006,77.402104,Bengaluru,Karnataka,562109,Statiq (IN),Operational,True,60.0,5,True,2025-02-14 17:33:00+00:00,2025-03-04 03:29:00+00:00
308819,Poojari’s Nirantara,12.14124,76.50854,"Jayapura, Mysuru",Karnataka,570008,Zeon Charging,Operational,True,30.0,2,True,2025-02-13 17:15:00+00:00,2025-02-18 09:15:00+00:00
308818,"Urs Cars, Hinkal",12.32742,76.60886,Mysuru,Karnataka,560057,Zeon Charging,Operational,True,60.0,2,True,2025-02-13 17:13:00+00:00,2025-02-18 09:16:00+00:00
308817,"Urs Kar Service Centre Pvt Ltd, Hebbal",12.35354,76.61858,Mysuru,Karnataka,570016,Zeon Charging,Operational,True,30.0,2,True,2025-02-13 17:11:00+00:00,2025-02-18 09:16:00+00:00
308816,Ibis Styles Mysuru,12.35753,76.62834,Mysuru,Karnataka,570016,Zeon Charging,Operational,True,60.0,2,True,2025-02-13 17:09:00+00:00,2025-02-18 09:16:00+00:00
308815,Grand Mercure Mysore,12.3307,76.64479,Mysuru,Karnataka,570021,Zeon Charging,Operational,True,120.0,3,True,2025-02-13 17:08:00+00:00,2025-02-18 09:16:00+00:00
308814,Mall Of Mysore,12.2977,76.66446,Mysuru,Karnataka,570010,Zeon Charging,Operational,True,60.0,4,True,2025-02-13 17:06:00+00:00,2025-02-18 09:18:00+00:00
308813,Metropolis Gurukrupa Apartment,12.87479,77.64694,Bengaluru,Karnataka,560068,Zeon Charging,Operational,True,7.4,1,False,2025-02-13 17:03:00+00:00,2025-02-18 09:17:00+00:00
308812,RMZ EcoWorld,12.92542,77.68788,Bengaluru,Karnataka,5600103,Zeon Charging,Operational,True,50.0,1,True,2025-02-13 17:01:00+00:00,2025-02-18 09:17:00+00:00
308811,Novotel Bengaluru Outer Ring Road,12.9299,77.68317,Bengaluru,Karnataka,5700103,Zeon Charging,Operational,True,22.0,1,False,2025-02-13 17:00:00+00:00,2025-02-18 09:17:00+00:00
308810,Kabra Excelsior,12.92786,77.63306,Bengaluru,Karnataka,560034,Zeon Charging,Operational,True,50.0,2,True,2025-02-13 16:58:00+00:00,2025-02-18 09:17:00+00:00
308809,Nexus Mall Koramangala,12.93484,77.6118,Bengaluru,Karnataka,570095,Zeon Charging,Operational,True,24.0,2,True,2025-02-13 16:55:00+00:00,2025-02-18 09:17:00+00:00
308808,Grand Mercure Bengaluru,12.99267,77.66117,Bengaluru,Karnataka,570093,Zeon Charging,Operational,True,22.0,1,False,2025-02-13 16:53:00+00:00,2025-02-18 09:17:00+00:00
308807,RMZ Infinity,12.99365,77.66045,Bengaluru,Karnataka,570016,Zeon Charging,Operational,True,60.0,2,True,2025-02-13 16:51:00+00:00,2025-02-18 09:17:00+00:00
308806,RMZ MILLENIA,12.98247,77.62461,Bengaluru,Karnataka,570042,Zeon Charging,Operational,True,24.0,1,True,2025-02-13 16:49:00+00:00,2025-02-18 09:18:00+00:00
308805,Radisson Bengaluru City Center,12.97622,77.61948,Bengaluru,Karnataka,570042,Zeon Charging,Operational,True,22.0,1,False,2025-02-13 16:47:00+00:00,2025-02-18 09:18:00+00:00
308804,The Rialto Hotel,12.98026,77.57661,Bengaluru,Karnataka,570009,Zeon Charging,Operational,True,7.0,2,False,2025-02-13 16:45:00+00:00,2025-02-18 09:18:00+00:00
308803,GT World Mall,12.97396,77.55157,Bengaluru,Karnataka,560023,Zeon Charging,Operational,True,22.0,1,False,2025-02-13 16:42:00+00:00,2025-02-18 09:18:00+00:00
308802,Sheraton Grand Bangalore Hotel at Brigade Gateway,13.01275,77.55504,Bengaluru,Karnataka,560055,Chargezone (India),Operational,True,30.0,2,True,2025-02-13 16:37:00+00:00,2025-02-18 09:18:00+00:00
308801,Orion Brigade Gateway,13.01105,77.55471,Bengaluru,Karnataka,560065,JIO BP Pulse (India),Operational,True,60.0,3,True,2025-02-13 16:31:00+00:00,2025-02-18 09:15:00+00:00
308800,Orion Mall Outside,13.009553121997012,77.55461112998876,Bengaluru,Karnataka,560055,Zeon Charging,Operational,True,30.0,4,True,2025-02-13 16:28:00+00:00,2025-04-14 16:57:00+00:00
308799,"Prerana Motors, Rajaji Nagar",12.99935,77.54971,Bengaluru,Karnataka,560079,Tata Power,Operational,True,25.0,2,True,2025-02-13 16:24:00+00:00,2025-02-18 09:18:00+00:00
308798,Taj Yeshwantpur,13.028822486015995,77.54032150168894,Bengaluru,Karnataka,560022,Tata Power,Operational,True,30.0,2,True,2025-02-13 16:20:00+00:00,2025-03-16 13:31:00+00:00
308795,IKEA Bengaluru,13.04917,77.49967,Bengaluru,Karnataka,560073,Zeon Charging,Operational,True,7.2,3,False,2025-02-13 16:05:00+00:00,2025-02-18 09:13:00+00:00
308792,SS CoCo Nest Luxury Service Apartments,13.31559,75.79555,Chikkamagaluru,Karnataka,577102,Zeon Charging,Operational,True,7.4,2,False,2025-02-13 16:00:00+00:00,2025-02-18 09:13:00+00:00
308791,"Sree Auto, Tiptur",13.26252,76.49317,Tiptur,Karnataka,572201,Tata Power,Operational,True,30.0,1,True,2025-02-13 15:57:00+00:00,2025-02-18 09:12:00+00:00
308790,KTC Hotel,13.31672,76.68119,Rajathadripura,Karnataka,572114,Zeon Charging,Operational,True,60.0,2,True,2025-02-13 15:54:00+00:00,2025-02-18 09:12:00+00:00
308783,Paakashala @ TBegur,13.15172,77.33795,Tbegur,Karnataka,562123,Zeon Charging,Operational,True,200.0,4,True,2025-02-12 15:15:00+00:00,2025-03-04 03:29:00+00:00
308782,Saviruchi Veg,12.38494,77.05314,Malavalli,Karnataka,571430,Statiq (IN),Operational,True,30.0,1,True,2025-02-12 14:51:00+00:00,2025-03-04 03:29:00+00:00
308781,The Rove Kodagu,12.30143,75.67671,Napoklu,Karnataka,571214,JIO BP Pulse (India),Operational,True,60.0,2,True,2025-02-12 14:47:00+00:00,2025-03-04 03:29:00+00:00
308780,Ambatty Greens Resort,12.18228,75.828,Virajpet,Karnataka,571213,Tata Power,Operational,True,25.0,3,True,2025-02-12 14:44:00+00:00,2025-03-04 03:29:00+00:00
308779,Kodagu Planter's Club,12.18078,75.91345,Gonikoppa,Karnataka,571213,JIO BP Pulse (India),Operational,True,60.0,2,True,2025-02-12 14:38:00+00:00,2025-03-04 03:29:00+00:00
308778,Taj Madikeri Resort & Spa,12.44606,75.68499,Madikeri,Karnataka,571201,Tata Power,Operational,True,30.0,1,True,2025-02-12 14:34:00+00:00,2025-03-04 03:29:00+00:00
308777,Church Side Bar & Restuarant,12.41887,75.74048,Madikeri,Karnataka,571201,Tata Power,Operational,True,25.0,2,True,2025-02-12 14:22:00+00:00,2025-03-04 03:29:00+00:00
308776,Tata Motors - URS KAR,12.44616,75.93032,Guddehosuru,Karnataka,571234,Zeon Charging,Operational,True,60.0,2,True,2025-02-12 14:19:00+00:00,2025-03-04 03:29:00+00:00
308775,Purple Palms Resort & Spa,12.44734,75.93211,Kushalnagar,Karnataka,571234,Zeon Charging,Operational,True,24.0,1,True,2025-02-12 14:15:00+00:00,2025-03-04 03:29:00+00:00
308774,Siri Ambari Resorts and Spa,12.40038,76.01705,Manchadevanahalli,Karnataka,571107,Statiq (IN),Operational,True,60.0,2,True,2025-02-12 14:10:00+00:00,2025-03-04 03:29:00+00:00
308773,Hotel Four Seasons,12.38309,76.03155,Kundanahalli,Karnataka,571107,Statiq (IN),Operational,True,60.0,2,True,2025-02-12 14:07:00+00:00,2025-03-04 03:29:00+00:00
308763,Udupi Utsav,12.50535,76.83215,Sundahalli,Karnataka,571402,Tata Power,Operational,True,60.0,2,True,2025-02-11 17:21:00+00:00,2025-03-04 03:29:00+00:00
308762,Siri Restaurant,12.639274,77.139907,Mathikere,Karnataka,562160,Chargezone (India),Operational,True,60.0,2,True,2025-02-11 17:18:00+00:00,2025-03-04 03:29:00+00:00
308761,Hotel Indradhanush,12.6396,77.14106,Channapatna,Karnataka,562160,Statiq (IN),Operational,True,60.0,2,True,2025-02-11 17:15:00+00:00,2025-03-04 03:29:00+00:00
308760,Shivalli Chowki Restaurant,12.63923,77.14023,Channapatna,Karnataka,562160,Zeon Charging,Operational,True,30.0,2,True,2025-02-11 17:11:00+00:00,2025-03-04 03:29:00+00:00
308759,SM Infra Foods,12.64316,77.15675,Channapatna,Karnataka,562160,Zeon Charging,Operational,True,60.0,4,True,2025-02-11 17:09:00+00:00,2025-03-04 03:29:00+00:00
308758,KEVAL Charging Station,13.0001,77.52435,Bengaluru,Karnataka,560058,Chargezone (India),Operational,True,25.0,2,True,2025-02-11 17:00:00+00:00,2025-03-04 03:29:00+00:00
308757,Renaissance Bengaluru Race Course Hotel,12.98439,77.57639,Bengaluru,Karnataka,560001,Chargezone (India),Operational,True,60.0,2,True,2025-02-11 16:52:00+00:00,2025-03-04 03:29:00+00:00
308734,Shell Recharge Yeshwantpur,13.02499,77.54759,Bengaluru,Karnataka,560022,Shell Recharge (IN),Operational,True,120.0,5,True,2025-02-09 15:22:00+00:00,2025-02-18 15:45:00+00:00
308733,VST Central KIA,13.05335,77.50798,Bengaluru,Karnataka,560057,Tata Power,Operational,True,150.0,1,True,2025-02-09 15:14:00+00:00,2025-02-17 16:58:00+00:00
308732,Jio BP Pulse,12.98931,77.50062,Bengaluru,Karnataka,560091,JIO BP Pulse (India),Operational,True,60.0,2,True,2025-02-09 15:10:00+00:00,2025-03-04 03:29:00+00:00
308731,Shell Recharge Mysore Road,12.94696,77.53247,Bengaluru,Karnataka,560026,Shell Recharge (IN),Operational,True,120.0,5,True,2025-02-09 15:03:00+00:00,2025-02-18 12:09:00+00:00
308730,Gateway by Taj,13.33696,75.81749,Chikkamagaluru,Karnataka,577102,Tata Power,Operational,True,25.0,2,True,2025-02-09 14:48:00+00:00,2025-02-17 16:58:00+00:00
308729,Grower's Cafe,13.10898,75.74099,Cheekanahalli,Karnataka,573115,Tata Power,Operational,True,30.0,1,True,2025-02-09 14:41:00+00:00,2025-02-17 16:58:00+00:00
308728,Audi Service Center,15.36121,73.95358,Verna,Goa,403722,Statiq (IN),Operational,True,60.0,2,True,2025-02-09 14:35:00+00:00,2025-02-17 16:58:00+00:00
308727,1930 Vasco Mall,15.39724,73.81304,Vasco Da Gama,Goa,403802,JIO BP Pulse (India),Operational,True,60.0,2,True,2025-02-09 14:30:00+00:00,2025-02-17 16:57:00+00:00
308726,Magsons Supermarket,15.38793,73.86319,Vasco Da Gama,Goa,403726,Tata Power,Operational,True,30.0,1,True,2025-02-09 14:25:00+00:00,2025-03-04 03:29:00+00:00
308725,Royal Orchid Beach Resort & Spa,15.3203,73.90176,Utorda,Goa,403713,JIO BP Pulse (India),Operational,True,60.0,2,True,2025-02-09 14:21:00+00:00,2025-02-17 16:58:00+00:00
308724,Fortune Resort Benaulim,15.24629,73.92976,Benaulim,Goa,403716,Chargezone (India),Operational,True,30.0,1,True,2025-02-09 14:15:00+00:00,2025-02-17 16:58:00+00:00
308723,The St. Regis Resort,15.154127161534504,73.95117826325884,Cavelossim,Goa,403731,Chargezone (India),Operational,True,60.0,2,True,2025-02-09 14:13:00+00:00,2025-02-17 16:58:00+00:00
308722,Hotel Elite,12.3459,76.43309,Mallinathapura,Karnataka,571103,Statiq (IN),Operational,True,60.0,2,True,2025-02-09 14:07:00+00:00,2025-04-01 04:26:00+00:00
308721,Hotel Ankola International,14.666674181461351,74.31221186621315,Ankola,Karnataka,581314,JIO BP Pulse (India),Not Operational,False,60.0,2,True,2025-02-09 13:59:00+00:00,2025-02-17 16:58:00+00:00
308719,Hotel Sagar Residency,14.2900734432765,74.46279472020032,Honnavar,Karnataka,581334,JIO BP Pulse (India),Operational,True,60.0,2,True,2025-02-09 13:54:00+00:00,2025-02-18 09:19:00+00:00
308716,Shrreyas Inn Hemmadi,13.632720837253624,74.70046050035235,Kundapura,Karnataka,576201,JIO BP Pulse (India),Operational,True,60.0,2,True,2025-02-09 13:49:00+00:00,2025-02-17 16:58:00+00:00
308715,Manipal INN,13.350363225074076,74.73695857255427,Udupi,Karnataka,576103,Zeon Charging,Operational,True,60.0,2,True,2025-02-09 13:44:00+00:00,2025-02-11 08:58:00+00:00
308714,Hotel K1,13.225673750593351,74.74862369692522,Kaup,Karnataka,574106,JIO BP Pulse (India),Operational,True,60.0,2,True,2025-02-09 13:38:00+00:00,2025-03-04 03:29:00+00:00
308713,Ayodhya pure veg,13.194584393803014,74.99894608465658,Karkala,Karnataka,574104,ChargeMod (IN),Operational,True,30.0,1,True,2025-02-09 13:34:00+00:00,2025-03-04 03:29:00+00:00
308711,Hotel Birwa Nelyadi,12.833853664571109,75.41335464288888,Nelyadi,Karnataka,574229,Tata Power,Operational,True,60.0,2,True,2025-02-09 13:26:00+00:00,2025-03-04 03:29:00+00:00
308708,Hotel Aditya View,12.931223185124566,75.40710480328991,Nidle,Karnataka, 574216,Zeon Charging,Operational,True,24.0,2,True,2025-02-09 13:17:00+00:00,2025-02-17 16:58:00+00:00
308679,Kengeri Charging Hub,12.9055171580421,77.47375007379192,Bengaluru,Karnataka,560060,Zeon Charging,Operational,True,75.0,4,True,2025-02-07 16:46:00+00:00,2025-07-24 04:57:00+00:00
308678,Akshaya Motors Mercedes-Benz,12.923963230811792,77.49720824597415,Bengaluru,Karnataka,560059,Chargezone (India),Operational,True,90.0,2,True,2025-02-07 16:42:00+00:00,2025-02-10 16:44:00+00:00
308663,MEI EV charging hub,13.026816255694186,77.54261284631212,Bengaluru,Karnataka,560022,Statiq (IN),Operational,True,30.0,2,True,2025-02-06 14:56:00+00:00,2025-02-09 15:17:00+00:00
308662,Shell Recharge Tumkur Road,13.046725564235746,77.50216038004966,Bengaluru,Karnataka,560073,Shell Recharge (IN),Operational,True,120.0,2,True,2025-02-06 14:47:00+00:00,2025-02-18 15:45:00+00:00
308661,Jio BP Nelamangala,13.086525423479689,77.4084730159021,Arasinakunte,Karnataka,562123,JIO BP Pulse (India),Operational,True,60.0,2,True,2025-02-06 14:43:00+00:00,2025-02-18 15:45:00+00:00
308660,Hana Impireal 75 Restaurant,13.033112569385736,77.08714465130379,Kunigal,Karnataka,562131,Chargezone (India),Operational,True,30.0,2,True,2025-02-06 14:26:00+00:00,2025-02-17 16:58:00+00:00
308659,Hotel Empire Kunigal,12.997770548337405,76.92416917632683,Kunigal,Karnataka,572130,Statiq (IN),Operational,True,120.0,2,True,2025-02-06 14:21:00+00:00,2025-02-17 16:58:00+00:00
308658,Paakashala @ Yediyur,12.990239909344549,76.88182264788712,Kunigal,Karnataka,572142,Zeon Charging,Operational,True,60.0,4,True,2025-02-06 14:17:00+00:00,2025-02-17 16:58:00+00:00
308657,Hotel Mayur Veg,12.98803757488833,76.87464619838323,Kunigal,Karnataka,572142,Zeon Charging,Operational,True,24.0,1,True,2025-02-06 14:11:00+00:00,2025-02-17 16:58:00+00:00
308656,Dharnika Comforts Bar & Family Restaurant ,12.987620883287612,76.873329144128,Yediyuru,Karnataka,572142,Statiq (IN),Operational,True,60.0,2,True,2025-02-06 14:07:00+00:00,2025-02-24 10:37:00+00:00
308655,Hotel Vaishali,12.976021474368096,76.82832026830147,Yediyur,Karnataka,571432,Tata Power,Operational,True,25.0,2,True,2025-02-06 14:01:00+00:00,2025-02-17 16:58:00+00:00
308650,Mtr 1924,12.970104275015244,76.80168579999895,Nagamangala,Karnataka,571418,Chargezone (India),Operational,True,150.0,3,True,2025-02-06 07:51:00+00:00,2025-02-24 10:37:00+00:00
308649,Hotel Harsha Grand,12.966355400528546,76.78837257783798,Nagamangala,Karnataka,571432,Statiq (IN),Operational,True,60.0,6,True,2025-02-06 07:43:00+00:00,2025-02-17 16:58:00+00:00
308648,Cafe Coffee Day,12.962379884986415,76.74911922512898,Bellur,Karnataka,571418,Statiq (IN),Operational,True,50.0,2,True,2025-02-06 07:27:00+00:00,2025-02-09 07:29:00+00:00
308647,"Auto Matrix, Tata Motors",12.995358325658977,76.07977485619126,Hassan,Karnataka,573201,Tata Power,Operational,True,30.0,1,True,2025-02-06 07:12:00+00:00,2025-02-09 07:14:00+00:00
308646,Surabhi's Delicacy,12.956011770294046,75.85031771427055,Bage,Karnataka,573214,Tata Power,Operational,True,25.0,2,True,2025-02-06 04:51:00+00:00,2025-02-09 04:54:00+00:00
308645,Hotel Shiv Surya,12.956363120603813,75.91730927494099,Heddurga,Karnataka,573214,Statiq (IN),Operational,True,120.0,2,True,2025-02-06 04:47:00+00:00,2025-02-09 04:49:00+00:00
308643,Hotel Sky Birds,12.986921625224198,76.20598917155826,Ranganathapura,Karnataka,573220,Zeon Charging,Operational,True,200.0,8,True,2025-02-06 04:31:00+00:00,2025-02-09 04:34:00+00:00
308366,Aryaas Pure Veg,12.90702,78.9619,Unknown,Tamil Nadu,635809,Zeon Charging,Operational,True,50.0,3,True,2025-01-25 04:25:00+00:00,2025-04-08 16:42:00+00:00
308365,Cafe Coffee Day,12.888168188363297,78.87963197158584,Chennai,Tamil Nadu,635804,Chargezone (India),Operational,True,360.0,5,True,2025-01-25 04:12:00+00:00,2025-02-09 14:34:00+00:00
308058,Vijaya Power Charging Station 60 + 60 kW,18.157327156410943,73.960178446226,Shirwal,Maharashtra,412801,Vijaya Power (IN),Operational,True,120.0,4,True,2025-01-19 03:22:00+00:00,2025-01-23 07:44:00+00:00
308057,Hotel Madhuban EV Charging Station ,16.00265709948775,74.04357546588653,Amboli,Maharashtra,416510,Vijaya Power (IN),Operational,True,60.0,1,True,2025-01-19 03:15:00+00:00,2025-01-23 07:44:00+00:00
308043,Vikaya Power Solutions ,18.27204627500295,73.85327216027895,Shirwal,Maharashtra,412801,Unknown Operator,Operational,True,60.0,1,True,2025-01-18 13:06:00+00:00,2025-01-23 07:44:00+00:00
308042,Hotel Madhuban EV Charging Station ,16.00262179191823,74.04349269609781,Amboli,Maharashtra,416510,Unknown Operator,Operational,True,60.0,1,False,2025-01-18 13:04:00+00:00,2025-01-22 10:44:00+00:00
307912,Vijata Power Charging Station 60 kW ,16.78233409758907,74.27818103643983,Toap,Maharashtra,416114,Vijaya Power (IN),Operational,True,60.0,1,True,2025-01-14 03:18:00+00:00,2025-01-20 16:05:00+00:00
307911,Vijaya Power Charging Station 60 Kw + 30 Kw,16.70336850326356,74.25045696673965,Kolhapur,Maharashtra,416003,Vijaya Power (IN),Operational,True,60.0,2,True,2025-01-14 03:15:00+00:00,2025-01-23 07:44:00+00:00
307481,Powerbank Charging Station,30.702540312547555,76.72955327773525,Chandigarh,Punjab,160062,Powerbank (IN),Operational,True,50.0,2,True,2024-12-27 14:45:00+00:00,2025-04-01 09:08:00+00:00
307480,Tata Power Charging Station,30.700399719540314,76.78958546140177,Chandigarh,Haryana,160002,Tata Power,Operational,True,50.0,2,True,2024-12-27 14:37:00+00:00,2025-01-23 07:49:00+00:00
307469,Hotel Golden hut,29.94598010805896,76.89940448453899,Kurukshetra,Haryana,136131,Chargezone (India),Operational,True,150.0,3,True,2024-12-27 02:26:00+00:00,2025-01-23 07:49:00+00:00
307468,"Golden Hut, Dera Bassi",30.544472740517435,76.82153643075878,Gholu Majra,Punjab,140507,Chargezone (India),Operational,True,30.0,2,True,2024-12-27 02:13:00+00:00,2025-01-23 07:49:00+00:00
307467,The Gillz-Hotel & Restaurant,30.28270919063476,77.0127542970456,Ambala,Haryana,134203,Chargezone (India),Operational,True,30.0,2,True,2024-12-27 02:04:00+00:00,2025-01-23 07:49:00+00:00
307466,BHEL Charging Station,29.975157543755643,76.89180888505803,Kurukshetra,Haryana,136118,BHEL (IN),Operational,True,50.0,4,True,2024-12-27 01:51:00+00:00,2025-01-23 07:49:00+00:00
307465,Haryana Tourism Resort,29.745072848862637,76.97268654292156,Uchana,Haryana,132116,BHEL (IN),Operational,True,50.0,2,True,2024-12-27 01:41:00+00:00,2025-01-23 07:49:00+00:00
307464,Statiq Charging Station,29.726906451979477,76.97863197299682,Karnal,Haryana,132001,Statiq (IN),Operational,True,30.0,1,True,2024-12-27 01:33:00+00:00,2025-01-23 07:49:00+00:00
307463,Tata Power Charging Station,29.157943138865303,77.03586564376201,Sonipat,Haryana,131101,Tata Power,Operational,True,25.0,1,True,2024-12-27 01:21:00+00:00,2025-01-23 07:49:00+00:00
307462,Tata Power Charging Station,29.0047362266744,77.03264404293509,Sonipat,Haryana,131001,Tata Power,Operational,True,25.0,2,True,2024-12-27 01:16:00+00:00,2025-01-23 07:49:00+00:00
307460,Anantam Clubs & Resorts,23.338355438219764,72.70008026097105,Gandhinagar,Gujarat,382610,Chargezone (India),Operational,True,30.0,2,True,2024-12-26 16:32:00+00:00,2025-01-23 07:49:00+00:00
307459,"Laxura Restaurant, Banquet & Rooms",23.42888479352183,72.39415885013261,Mandali,Gujarat,382732,Chargezone (India),Operational,True,30.0,2,True,2024-12-26 16:22:00+00:00,2025-01-23 07:49:00+00:00
307458,Tectonic Power Charging Station,23.44652295440467,72.39375007283695,Baliyasan,Gujarat,382732,Unknown Operator,Operational,True,30.0,2,True,2024-12-26 16:15:00+00:00,2025-01-23 07:49:00+00:00
307457,Kesar Hotel & Restaurant,23.091109433821416,72.03001388889709,Viramgam,Gujarat,382150,Chargezone (India),Operational,True,30.0,2,True,2024-12-26 16:04:00+00:00,2025-01-23 07:49:00+00:00
307456,Hotel Decent,23.751380803051447,72.3669715507989,Unava,Gujarat,384160,Chargezone (India),Operational,True,30.0,2,True,2024-12-26 15:54:00+00:00,2025-01-23 07:49:00+00:00
307455,HOTEL LAGOON PARK,24.065470633155627,72.39331223471561,Palanpur,Gujarat,385520,Chargezone (India),Operational,True,30.0,2,True,2024-12-26 15:46:00+00:00,2025-01-23 07:49:00+00:00
307454,Ramee Royal Resort & Spa,24.49438992248743,73.65647369621934,Udaipur,Rajasthan,313002,Chargezone (India),Operational,True,30.0,4,True,2024-12-26 15:36:00+00:00,2025-01-23 07:49:00+00:00
307453,Hotel Raj Palace,24.591189874289228,74.69685913875196,Nimbahera,Rajasthan,312601,Chargezone (India),Operational,True,30.0,2,True,2024-12-26 15:26:00+00:00,2025-01-23 07:49:00+00:00
307452,Chitrakoot Resorts and Restaurant,24.834306274348634,74.56974239797614,Chittorgarh,Rajasthan,312001,Chargezone (India),Operational,True,30.0,4,True,2024-12-26 15:22:00+00:00,2025-01-23 07:49:00+00:00
307382,Tata Power Charging Station,26.426092708593004,74.68143813174765,Ajmer,Rajasthan,305025,Tata Power,Operational,True,50.0,2,True,2024-12-23 12:29:00+00:00,2025-01-23 07:49:00+00:00
307381,Xobolt Charging Station,26.59302924560663,74.9270945358154,Tolamal,Rajasthan,305801,Xobolt (IN),Operational,True,30.0,2,True,2024-12-23 12:23:00+00:00,2025-01-23 07:49:00+00:00
307380,Volttic Charging Station,26.746036944331507,75.32142486724729,Mozamabad,Rajasthan,303009,Volttic (IN),Operational,True,30.0,2,True,2024-12-23 12:19:00+00:00,2025-01-23 07:49:00+00:00
307379,Statiq Charging Station,26.807014914448104,75.6426501962062,Jaipur,Rajasthan,302037,Statiq (IN),Operational,True,30.0,4,True,2024-12-23 12:15:00+00:00,2025-01-23 07:49:00+00:00
307378,Xobolt Charging Station,25.160056858780635,75.8817631296132,Thegda,Rajasthan,325201,Xobolt (IN),Operational,True,30.0,2,True,2024-12-23 12:09:00+00:00,2025-01-23 07:49:00+00:00
307376,Statiq Charging Station,25.147720402033546,75.32436697656817,Bijolia,Rajasthan,311602,Statiq (IN),Operational,True,30.0,2,True,2024-12-23 11:35:00+00:00,2025-01-23 07:49:00+00:00
307296,Tata Power Vehicle Charging Station,25.932108425803836,72.22682392023125,Sambhra,Rajasthan,344032,Tata Power,Operational,True,30.0,2,True,2024-12-20 16:29:00+00:00,2025-01-23 07:49:00+00:00
307295,Xobolt Charging Station,26.261765442877945,73.00007960825451,Jodhpur,Rajasthan,342001,Unknown Operator,Operational,True,30.0,2,True,2024-12-20 16:09:00+00:00,2025-01-23 07:49:00+00:00
307294,Statiq Charging Station,26.31760840648693,72.8685610073752,Jodhpur,Rajasthan,342001,Statiq (IN),Operational,True,30.0,1,True,2024-12-20 16:03:00+00:00,2025-01-23 07:49:00+00:00
307293,Xobolt Charging Station,27.66703607364714,73.3682070115093,Bhamatsar,Rajasthan,334801,Unknown Operator,Operational,True,30.0,2,True,2024-12-20 15:52:00+00:00,2025-01-23 07:49:00+00:00
307292,Jio-BP pulse,28.026865089968226,73.26409414813043,Bikaner,Rajasthan,334804,JIO BP Pulse (India),Operational,True,30.0,2,True,2024-12-20 15:46:00+00:00,2025-01-23 07:49:00+00:00
307291,Tata Power Charging Station,28.056081181508542,74.60426740521302,Ratangarh,Rajasthan,331022,Tata Power,Operational,True,30.0,2,True,2024-12-20 15:39:00+00:00,2025-01-23 07:49:00+00:00
307290,Xobolt Charging Station,27.679819354023834,75.09126198462002,Jaipur,Rajasthan,332315,Unknown Operator,Operational,True,30.0,2,True,2024-12-20 15:29:00+00:00,2025-01-23 07:49:00+00:00
307288,GLIDA Charging Station,27.97834887120884,76.40048625643271,Neemrana,Rajasthan,301705,Unknown Operator,Operational,True,30.0,2,True,2024-12-20 15:12:00+00:00,2025-01-23 07:49:00+00:00
307284,Xobolt Charging Station,27.34580386334075,75.60212199955231,Parasrampura,Rajasthan,332404,Unknown Operator,Operational,True,30.0,2,True,2024-12-20 14:52:00+00:00,2025-01-23 07:49:00+00:00
307283,AARGO EV Charging Station,27.34229196424971,75.60268350952094,Reengus,Rajasthan,332404,Unknown Operator,Operational,True,25.0,1,True,2024-12-20 14:48:00+00:00,2025-01-23 07:49:00+00:00
307282,Statiq Charging Station,27.488589068869302,76.05286559100546,Shahpura,Rajasthan,303119,Statiq (IN),Operational,True,30.0,2,True,2024-12-20 14:40:00+00:00,2025-01-23 07:49:00+00:00
307281,Volttic Charging Station,27.287327648985737,76.7732319452175,Jodhpura,Rajasthan,301413,Unknown Operator,Operational,True,60.0,2,True,2024-12-20 14:33:00+00:00,2026-01-20 02:41:00+00:00
307151,"MobiLane Charging Station, Jamanagar",22.43768121533473,69.96337421027647,Vasai,Gujarat,361325,Unknown Operator,Operational,True,40.0,2,True,2024-12-17 16:56:00+00:00,2025-01-23 07:54:00+00:00
307150,MobiLane Charging Station,23.654372067989897,73.31678698527378,Samalaji,Gujarat,383355,Unknown Operator,Operational,True,40.0,2,True,2024-12-17 16:51:00+00:00,2025-01-23 07:54:00+00:00
307149,Statiq Charging Station,24.594579460875863,73.76870844314362,Udaipur,Rajasthan,313003,Statiq (IN),Operational,True,30.0,1,True,2024-12-17 16:40:00+00:00,2025-01-23 07:54:00+00:00
307148,Tata Power Charging Station,24.612250005902663,74.07281591552953,Vallabhnagar,Rajasthan,313601,Tata Power,Operational,True,30.0,1,True,2024-12-17 16:35:00+00:00,2025-01-23 07:54:00+00:00
307147,NEEL-GAGAN PUNJABI DHABA,23.931900176651595,73.5685552796017,Shishod,Rajasthan,314804,Chargezone (India),Operational,True,30.0,2,True,2024-12-17 14:41:00+00:00,2025-01-23 07:54:00+00:00
307146,Hotel Atithi Palace,23.95904257704018,73.58165668548952,Badla,Rajasthan,314011,Chargezone (India),Operational,True,30.0,2,True,2024-12-17 14:33:00+00:00,2025-01-23 07:54:00+00:00
307145,Hotel Green Plaza,25.15231408684812,74.62321291254148,Hamirgarh,Rajasthan,311025,Chargezone (India),Operational,True,30.0,2,True,2024-12-17 14:24:00+00:00,2025-01-23 07:54:00+00:00
307144,HFM - Highway Food Mall,22.56718089038999,71.77418877290575,Limbdi,Gujarat,363421,Chargezone (India),Operational,True,30.0,2,True,2024-12-17 14:17:00+00:00,2025-01-23 07:54:00+00:00
307143,Honest Restaurant- Amardeep food court,23.00625296508716,71.08590884054081,Kedariya,Gujarat,363351,Chargezone (India),Operational,True,30.0,2,True,2024-12-17 14:09:00+00:00,2025-01-23 07:54:00+00:00
307141,Hotel Choudhary Place,24.757758927696145,73.01997678514408,Pindwara,Rajasthan,307022,Chargezone (India),Operational,True,30.0,2,True,2024-12-17 13:55:00+00:00,2025-01-23 07:54:00+00:00
307140,Hotel Tiranga,25.77983333524196,74.62386820407255,Roopaheli,Rajasthan,311021,Chargezone (India),Operational,True,30.0,2,True,2024-12-17 13:39:00+00:00,2025-01-23 07:54:00+00:00
307139,Novotel Jaipur Convention Centre,26.78105565614541,75.82683190631099,Jaipur,Rajasthan,302022,Chargezone (India),Operational,True,30.0,2,True,2024-12-17 13:31:00+00:00,2025-01-23 07:54:00+00:00
307137,Jaipur Marriott Hotel,26.84202738178776,75.79630011082236,Jaipur,Rajasthan,302015,Chargezone (India),Operational,True,30.0,2,True,2024-12-17 12:12:00+00:00,2025-01-23 07:54:00+00:00
307136,JCR - The Entertainment World,22.445354501742827,70.11665544824245,Jamnagar,Gujarat,361120,Chargezone (India),Operational,True,30.0,2,True,2024-12-17 12:06:00+00:00,2025-01-23 07:54:00+00:00
307135,Hotel Express Highway,27.85741685352949,76.26572512526513,Behror,Rajasthan,301701,Chargezone (India),Operational,True,30.0,2,True,2024-12-17 12:01:00+00:00,2025-01-23 07:54:00+00:00
307134,"Hotel Highway Express, Delhi Side",27.874214065578784,76.27630696056292,Behror,Rajasthan,301701,Chargezone (India),Operational,True,30.0,2,True,2024-12-17 11:58:00+00:00,2025-01-23 07:54:00+00:00
307133,Courtyard by Marriott Aravali Resort,28.371639714661967,77.21052937134061,Faridabad,Haryana,121001,Chargezone (India),Operational,True,30.0,2,True,2024-12-17 11:39:00+00:00,2025-01-23 07:54:00+00:00
307132,The Westin Sohna Resort and Spa,28.237237961267223,77.1503866624762,Sohna,Haryana,122103,Chargezone (India),Operational,True,30.0,2,True,2024-12-17 11:31:00+00:00,2025-01-23 07:54:00+00:00
307131,Fortune Park Orange,28.249526490822745,76.81701147473859,Gurugram,Haryana,122413,Chargezone (India),Operational,True,30.0,2,True,2024-12-17 11:24:00+00:00,2025-01-23 07:54:00+00:00
307111,Sarhol Charging Hub,28.487569787312736,77.07332084916482,Unknown,Haryana,122001,Chargezone (India),Operational,True,30.0,6,True,2024-12-16 17:29:00+00:00,2025-01-23 07:54:00+00:00
307110,Le Meridien,28.480171554411317,77.108377979588,Gurgaon,Haryana,122002,Chargezone (India),Operational,True,30.0,2,True,2024-12-16 17:16:00+00:00,2025-01-23 07:54:00+00:00
307109,Courtyard by Marriott,28.460598168650066,77.08066395788569,Gurgaon,Haryana,122002,Chargezone (India),Operational,True,30.0,2,True,2024-12-16 17:12:00+00:00,2025-01-23 07:54:00+00:00
307108,Hotel Westinn,28.476847227732307,77.07067560452117,Gurgaon,Haryana,122002,Chargezone (India),Operational,True,30.0,2,True,2024-12-16 17:07:00+00:00,2025-01-23 07:54:00+00:00
307107,Hotel Pullman,28.55336145830492,77.12361595842049,New Delhi,Delhi,110037,Chargezone (India),Operational,True,30.0,2,True,2024-12-16 16:53:00+00:00,2025-01-23 07:54:00+00:00
307106,Le Méridien,28.618401012446768,77.21783619594248,New Delhi,Delhi,110001,Chargezone (India),Operational,True,30.0,2,True,2024-12-16 16:40:00+00:00,2025-01-23 07:54:00+00:00
307105,"Mercedes Benz Silver Arrows, Noida",28.59622945134932,77.33062463881606,Noida,Uttar Pradesh,201301,Chargezone (India),Operational,True,90.0,1,True,2024-12-16 15:50:00+00:00,2025-01-23 07:54:00+00:00
307102,Andheri West,19.1166,72.82927,Mumbai,Maharashtra,400057,Unknown Operator,Operational,True,120.0,2,True,2024-12-16 14:21:00+00:00,2025-03-10 14:49:00+00:00
307035,Statiq Charging Station,28.54476924809605,77.18614532390507,New Delhi,Delhi,110016,Statiq (IN),Operational,True,60.0,2,True,2024-12-14 22:45:00+00:00,2025-01-23 07:54:00+00:00
307034,Statiq Charging Station,28.51319677910506,77.18607061379248,Unknown,Delhi,110016,Statiq (IN),Operational,True,60.0,1,True,2024-12-14 22:38:00+00:00,2025-01-23 07:54:00+00:00
307033,Statiq Charging Station,28.561322292839435,77.2696681570884,New Delhi,Delhi,110025,Statiq (IN),Operational,True,60.0,2,True,2024-12-14 22:30:00+00:00,2025-01-23 07:54:00+00:00
307032,Statiq Charging Station,28.45909303657504,77.3063966954278,Faridabad,Haryana,121003,Statiq (IN),Operational,True,60.0,2,True,2024-12-14 22:25:00+00:00,2025-01-23 07:54:00+00:00
307031,Statiq Charging Station,28.51873185562343,77.29479543197851,"Badarpur, New Delhi",Delhi,110044,Statiq (IN),Operational,True,60.0,2,True,2024-12-14 22:19:00+00:00,2025-01-23 07:54:00+00:00
307030,Savoy Suites Charging Station,28.464612993216704,77.50846718859088,Noida,Uttar Pradesh,201310,Statiq (IN),Operational,True,120.0,2,True,2024-12-14 22:14:00+00:00,2025-01-23 07:54:00+00:00
307029,MLCP Zone3 Captive Charging Station,28.56991650768512,77.32208501201194,Noida,Uttar Pradesh,201301,Unknown Operator,Operational,True,120.0,2,True,2024-12-14 22:02:00+00:00,2025-01-23 07:54:00+00:00
307028,Berger Tower Charging Station,28.5745444478665,77.3134826809137,Noida,Uttar Pradesh,201301,Statiq (IN),Operational,True,120.0,2,True,2024-12-14 21:56:00+00:00,2025-01-23 07:54:00+00:00
307027,EESL Charging Station ,28.58796762381138,77.35208697620214,Noida,Uttar Pradesh,201301,EESL (IN),Operational,True,22.0,1,False,2024-12-14 21:40:00+00:00,2025-01-23 07:54:00+00:00
306986,EESL Charging Station ,28.583694883108265,77.22222640417203,Unknown,Delhi,110003,EESL (IN),Operational,True,15.0,1,False,2024-12-13 16:25:00+00:00,2025-01-23 07:54:00+00:00
306985,EESL Charging Station ,28.633916381579937,77.21759418912825,Unknown,Delhi,110001,EESL (IN),Operational,True,15.0,1,False,2024-12-13 16:19:00+00:00,2025-01-23 07:54:00+00:00
306984,EESL Charging Station ,28.631607433900697,77.2219265686017,Unknown,Delhi,110001,EESL (IN),Operational,True,15.0,1,False,2024-12-13 16:16:00+00:00,2025-01-23 07:54:00+00:00
306983,EESL Charging Station ,28.633589917686507,77.2235540442191,Unknown,Delhi,110001,EESL (IN),Operational,True,15.0,1,False,2024-12-13 16:13:00+00:00,2025-01-23 07:54:00+00:00
306982,EESL Charging Station ,28.634996929264886,77.21967228284348,Unknown,Delhi,110001,EESL (IN),Operational,True,15.0,1,False,2024-12-13 16:09:00+00:00,2025-01-23 07:54:00+00:00
306981,EESL Charging Station ,28.60189430645605,77.18621160709097,Unknown,Delhi,110021,EESL (IN),Operational,True,15.0,1,False,2024-12-13 16:05:00+00:00,2025-01-23 07:54:00+00:00
306980,GTB Nagar Metro Station Parking,28.699035764255783,77.20399239975757,Unknown,Delhi,110009,JIO BP Pulse (India),Operational,True,60.0,2,True,2024-12-13 16:00:00+00:00,2025-05-01 09:59:00+00:00
306979,Hans Resorts,28.12563663453633,76.63806418146169,Rewari,Haryana,123401,Statiq (IN),Operational,True,60.0,1,True,2024-12-13 15:49:00+00:00,2025-01-23 07:54:00+00:00
306978,Subway,28.201921293010187,76.80953730765009,Bhiwadi,Rajasthan,123106,Statiq (IN),Operational,True,60.0,1,True,2024-12-13 15:44:00+00:00,2025-01-23 07:54:00+00:00
306977,Bikanerwala,28.32326782698212,76.90113916868142,Gurugram,Haryana,122001,Tata Power,Operational,True,30.0,1,True,2024-12-13 15:40:00+00:00,2025-01-23 07:54:00+00:00
306976,Krishna Valley Vrindavan,27.57529195154285,77.61453111592505,Unknown,Uttar Pradesh,281406,Unknown Operator,Operational,True,7.0,1,False,2024-12-13 15:20:00+00:00,2025-01-23 07:54:00+00:00
306975,Kosi Gulshan Dhaba,27.82922438312416,77.42106579590018,Unknown,Uttar Pradesh,281403,Statiq (IN),Operational,True,30.0,1,True,2024-12-13 15:12:00+00:00,2025-01-23 07:54:00+00:00
306974,Haldiram,27.824117649824004,77.42561288952334,Unknown,Uttar Pradesh,281403,Unknown Operator,Operational,True,25.0,1,True,2024-12-13 15:09:00+00:00,2025-01-23 07:54:00+00:00
306973,Asli Pappu Dhaba (2),27.8239739802016,77.42520025285648,Unknown,Uttar Pradesh,281403,Statiq (IN),Operational,True,60.0,2,True,2024-12-13 15:05:00+00:00,2025-01-23 07:54:00+00:00
306972,Asli Pappu Dhaba,27.816316212145,77.42763146414052,Unknown,Uttar Pradesh,281403,Unknown Operator,Operational,True,24.0,1,True,2024-12-13 15:02:00+00:00,2025-01-23 07:54:00+00:00
306971,Golden Galaxy Hotels & Resorts,28.289400191910403,77.29664110996032,Unknown,Haryana,121004,Unknown Operator,Operational,True,50.0,1,True,2024-12-13 14:51:00+00:00,2025-01-23 07:54:00+00:00
306970,Powerbank Ghitorni Metro Station Parking Area,28.492717258554805,77.14844072914548,Unknown,Delhi,110030,Unknown Operator,Operational,True,25.0,1,True,2024-12-13 14:43:00+00:00,2025-01-23 07:54:00+00:00
306969,Qutab Minar Metro Station,28.51413815545962,77.18681117158155,Unknown,Delhi,110016,Unknown Operator,Operational,True,7.0,4,False,2024-12-13 14:14:00+00:00,2025-01-23 07:54:00+00:00
306968,ITC Maurya,28.597342023009503,77.17318309763425,Unknown,Delhi,110021,Sunfuel Electric (IN),Operational,True,7.0,1,False,2024-12-13 14:08:00+00:00,2025-01-23 07:54:00+00:00
306967,EESL Charging Station ,28.60069401609546,77.22615763260933,Unknown,Delhi,110003,EESL (IN),Operational,True,22.0,1,False,2024-12-13 13:24:00+00:00,2025-01-23 07:54:00+00:00
306953,TML Autovikas,28.36285993060297,77.31481074746614,Faridabad,Haryana,121001,Tata Power,Operational,True,30.0,1,True,2024-12-11 17:41:00+00:00,2025-01-23 07:54:00+00:00
306952,FBD ONE CORPORATION PARK,28.488169168514048,77.30577306018859,Faridabad,Haryana,121003,JIO BP Pulse (India),Operational,True,30.0,10,True,2024-12-11 17:36:00+00:00,2025-01-23 07:54:00+00:00
306951,Moolchand Metro Station,28.564370488731058,77.23404016562915,Unknown,Delhi,110048,Statiq (IN),Operational,True,60.0,4,True,2024-12-11 17:28:00+00:00,2025-01-23 07:54:00+00:00
306950,"A-359, Varun Marg, Market, near Gol Gumbad",28.574190481126507,77.2310862606812,Unknown,Delhi,110024,Statiq (IN),Operational,True,60.0,2,True,2024-12-11 17:22:00+00:00,2025-01-23 07:54:00+00:00
306938,EESL Charging Station ,28.633595060545176,77.2235355713151,New Delhi,Delhi,110001,Unknown Operator,Operational,True,15.0,1,False,2024-12-11 12:06:00+00:00,2024-12-16 11:23:00+00:00
306937,IOCL Citi Fuels,28.622301091027023,77.09545065018688,New Delhi,Delhi,110058,Tata Power,Operational,True,25.0,1,True,2024-12-11 11:46:00+00:00,2025-01-23 07:54:00+00:00
306878,Galleria Charging Station,28.467708660119754,77.08175816547879,Gurugram,Haryana,122022,Statiq (IN),Operational,True,120.0,2,True,2024-12-09 11:09:00+00:00,2025-01-23 07:59:00+00:00
306877,JMD Pacific Square Charging Station,28.463932542013964,77.04874615195718,Gurugram,Haryana,122022,Statiq (IN),Operational,True,120.0,5,True,2024-12-09 10:59:00+00:00,2025-01-23 07:59:00+00:00
306876,Bikanervala Sec-29 Charging Station,28.468828107284292,77.0638839883693,Gurugram,Haryana,122001,Statiq (IN),Operational,True,120.0,2,True,2024-12-09 10:51:00+00:00,2025-01-23 07:59:00+00:00
306875,Crowne Plaza Gurgaon,28.467984401584445,77.05976818576823,Gurgaon,Haryana,122007,Sunfuel Electric (IN),Operational,True,7.0,2,False,2024-12-09 10:47:00+00:00,2025-01-23 07:59:00+00:00
306874,Statiq Charging Station,28.49765504797452,77.09311557895808,Gurugram,Haryana,122010,Statiq (IN),Operational,True,60.0,1,True,2024-12-09 10:44:00+00:00,2025-01-23 07:59:00+00:00
306873,Gulf Adiba,28.50795489145325,77.08585156719187,Gurugram,Haryana,122008,Unknown Operator,Operational,True,30.0,1,True,2024-12-09 10:38:00+00:00,2025-01-23 07:59:00+00:00
306804,JW Marriott - Aerocity,28.55313999754385,77.1212200291775,Delhi,Delhi,110037,Chargezone (India),Operational,True,30.0,2,True,2024-12-06 16:58:00+00:00,2024-12-16 18:17:00+00:00
306803,Aloft,28.552367614043742,77.12382001094556,Delhi,Delhi,110037,Chargezone (India),Operational,True,30.0,2,True,2024-12-06 16:54:00+00:00,2024-12-16 18:17:00+00:00
306802,Radisson Blu Plaza Delhi Airport,28.543766504559187,77.11959582440068,New Delhi,Delhi,110037,Unknown Operator,Operational,True,22.0,2,False,2024-12-06 16:47:00+00:00,2024-12-09 16:49:00+00:00
306801,Hauz Khas Metro Station Parking Area,28.54490648632479,77.20691680157188,Delhi,Delhi,110016,Unknown Operator,Operational,True,30.0,2,True,2024-12-06 16:42:00+00:00,2024-12-09 16:44:00+00:00
306798,Savoy Suites Noida,28.58017235100563,77.31546217299456,Noida,Uttar Pradesh,201301,Unknown Operator,Operational,True,22.0,2,True,2024-12-06 16:32:00+00:00,2024-12-09 16:34:00+00:00
306797,TERRA CHARGE BSES,28.62519716761517,77.3054969707548,Delhi,Delhi,110092,Unknown Operator,Operational,True,0.0,1,False,2024-12-06 16:19:00+00:00,2024-12-09 16:24:00+00:00
306796,Terra Charge,28.62961907980423,77.31211257020607,Delhi,Delhi,110092,Unknown Operator,Operational,True,0.0,1,False,2024-12-06 16:14:00+00:00,2024-12-09 16:19:00+00:00
306793,Wave One,28.56977884416732,77.32328834017244,Noida,Uttar Pradesh,201301,Unknown Operator,Operational,True,0.0,5,False,2024-12-06 12:40:00+00:00,2024-12-09 12:44:00+00:00
306792,DLF Mall Of India,28.567208346058862,77.32153396083322,Noida,Uttar Pradesh,201301,Unknown Operator,Operational,True,60.0,2,True,2024-12-06 12:32:00+00:00,2024-12-09 12:34:00+00:00
306791,Windsor Grand DC Charger,28.54219545502093,77.34071382694901,Noida,Uttar Pradesh,201313,Unknown Operator,Operational,True,120.0,2,True,2024-12-06 12:23:00+00:00,2024-12-09 12:24:00+00:00
306790,Windsor IT Park,28.544712416209663,77.3271934556941,Noida,Uttar Pradesh,201313,Unknown Operator,Operational,True,60.0,3,True,2024-12-06 12:17:00+00:00,2024-12-09 12:19:00+00:00
306770,Advant IT Park,28.50091069973459,77.409924693363,Noida,Uttar Pradesh,201305,Unknown Operator,Operational,True,60.0,1,True,2024-12-05 15:26:00+00:00,2024-12-08 15:29:00+00:00
306769,Omaxe Connaught Place Mall,28.48878386342696,77.51396501181864,Greater Noida,Uttar Pradesh,201308,JIO BP Pulse (India),Operational,True,7.0,1,False,2024-12-05 15:18:00+00:00,2024-12-08 15:19:00+00:00
306768,Omaxe India Trade Centre,28.478099467287123,77.52147469500414,Noida,Uttar Pradesh,201308,JIO BP Pulse (India),Operational,True,60.0,1,True,2024-12-05 15:12:00+00:00,2024-12-08 15:14:00+00:00
306767,Near Snow White,28.633896593694388,77.2207759805442,Delhi,Delhi,110001,Unknown Operator,Operational,True,15.0,2,False,2024-12-05 15:02:00+00:00,2024-12-08 15:04:00+00:00
303772,technoPolis,22.5796706,88.44328991347192,Kolkata,West Bengal,700091,Unknown Operator,Operational,True,30.0,1,False,2024-09-03 06:38:00+00:00,2024-09-06 06:39:00+00:00
303178,Kartavya Path,28.614253161153925,77.2034289006848,Unknown,Delhi,110004,Unknown Operator,Operational,True,0.0,1,False,2024-08-18 13:32:00+00:00,2024-08-31 05:59:00+00:00
302744,Kot Safil road,21.190833374358448,72.82874435126223,Surat,Gujarat,395002,Unknown Operator,Operational,True,2.5,1,False,2024-08-15 11:24:00+00:00,2024-09-02 01:54:00+00:00
301966,Harsha the Fernn,13.94855091,75.53166578,Shivamogga,Karnataka,577202,Relux Electric (India),Operational,True,60.0,1,True,2024-07-27 10:39:00+00:00,2024-07-27 10:39:00+00:00
301965,Shanthigrama Toll plaza,12.9821235,76.2293388,Shanthigrama,Karnataka,573220,Relux Electric (India),Operational,True,40.0,2,True,2024-07-27 10:10:00+00:00,2025-02-24 10:37:00+00:00
301964,HPCL Shoolagiri,12.6667009,78.00280462,Krishnagiri,Tamil Nadu,637115,Relux Electric (India),Operational,True,30.0,1,True,2024-07-27 10:03:00+00:00,2024-07-27 10:03:00+00:00
301963,Quality Inn VIHA,10.9601063,79.3926127,Kumbakonam,Tamil Nadu,621001,Relux Electric (India),Operational,True,40.0,1,True,2024-07-27 09:59:00+00:00,2024-07-27 09:59:00+00:00
301962,Marshal E Tech Station,8.115411,77.532217,Kanyakumari,Tamil Nadu,629703,Relux Electric (India),Operational,True,49.0,2,True,2024-07-27 09:56:00+00:00,2024-07-27 09:56:00+00:00
301650,Kallukurichi Toll Plaza,11.73619658,79.00933295,Viluppuram,Tamil Nadu,606206,Relux Electric (India),Operational,True,30.0,1,True,2024-07-23 11:45:00+00:00,2024-07-26 06:22:00+00:00
301649,Mettupatty Toll Plaza,11.66173152,78.33119546,Selam,Tamil Nadu,636456,Relux Electric (India),Operational,True,31.0,1,True,2024-07-23 11:36:00+00:00,2024-07-26 06:22:00+00:00
301648,NS Charging Station,11.22135782,79.73769503,Sirkali,Tamil Nadu,609111,Relux Electric (India),Operational,True,30.0,1,True,2024-07-23 11:32:00+00:00,2024-07-26 06:22:00+00:00
301647,Prashanth Charging Station,11.40802995,79.67390344,Chidambaram,Tamil Nadu,608001,Relux Electric (India),Operational,True,33.0,1,True,2024-07-23 11:29:00+00:00,2024-07-26 06:22:00+00:00
301646,Ocean Spray Resort ,12.06587465,79.88027083,Villupuram,Tamil Nadu,604303,Relux Electric (India),Operational,True,30.0,1,True,2024-07-23 11:25:00+00:00,2024-07-26 06:22:00+00:00
301645,VASAN Charging Station ,10.65218943,78.7421418,Unknown,Tamil Nadu,622515,Relux Electric (India),Operational,True,30.0,1,True,2024-07-23 11:21:00+00:00,2024-07-26 06:22:00+00:00
301644,Charles Mahal,10.80578,78.73219,Tiruchirappalli,Tamil Nadu,620010,Relux Electric (India),Operational,True,30.0,1,True,2024-07-23 11:11:00+00:00,2025-02-18 09:19:00+00:00
301643,DYNASTY AK Plaza,9.468266612,77.56613528,Virudhunagar,Tamil Nadu,626117,Relux Electric (India),Operational,True,30.0,1,True,2024-07-23 11:08:00+00:00,2024-07-26 06:22:00+00:00
301550,Haribhavanam KMCH,11.040221081024027,77.04083279280997,Coimbatore,Tamil Nadu,641014,Relux Electric (India),Operational,True,30.0,1,True,2024-07-22 10:16:00+00:00,2025-06-11 14:01:00+00:00
301547,Siva Selvi Charging Station,10.72709336,76.92989238,Pollachi,Tamil Nadu,642005,Relux Electric (India),Operational,True,49.0,2,True,2024-07-22 07:59:00+00:00,2024-07-26 06:15:00+00:00
301546,HR Legacy,11.77470055,78.22697854,Yercaud,Tamil Nadu,636601,Relux Electric (India),Operational,True,49.0,2,True,2024-07-22 07:49:00+00:00,2024-07-26 06:15:00+00:00
301545,Dr. MGR University ,13.06959746,80.1779609,"Maduravoyal, Chennai",Tamil Nadu,600095,Relux Electric (India),Operational,True,30.0,2,True,2024-07-22 07:44:00+00:00,2024-10-21 16:56:00+00:00
301544,Hotel Benzz Park,12.929099273160231,79.1336516,Vellore,Tamil Nadu,632004,Relux Electric (India),Operational,True,30.0,1,True,2024-07-22 07:39:00+00:00,2024-07-26 06:15:00+00:00
301543,Alps Residency - A Bergamont Group of Hotel,12.54195,78.20175,Krishnagiri,Tamil Nadu,635001,Relux Electric (India),Operational,True,66.0,2,True,2024-07-22 07:35:00+00:00,2025-04-02 15:53:00+00:00
301541,KSN Charging Station,9.357267832,78.87360869,Ramanathapuram,Tamil Nadu,623503,Relux Electric (India),Operational,True,35.0,1,True,2024-07-22 07:27:00+00:00,2024-07-26 06:15:00+00:00
301540,Hotel VPS Grand - Palani,10.44303096,77.51617095,Palani,Tamil Nadu,624601,Relux Electric (India),Operational,True,49.0,1,True,2024-07-22 07:23:00+00:00,2024-07-26 06:15:00+00:00
301539,Hotel Temple City Lake Inn,9.987081053,78.24154444,Valaichcherippatti,Tamil Nadu,625104,Relux Electric (India),Operational,True,37.0,1,True,2024-07-22 07:20:00+00:00,2024-07-26 06:15:00+00:00
301398,Haribhavanam KMCH,11.04036238,77.04093889,Coimbatore,Tamil Nadu,641014,Relux Electric (India),Operational,True,30.0,1,True,2024-07-19 10:22:00+00:00,2024-07-26 06:19:00+00:00
301365,Ero G Electric Charging Station,11.230770773921392,78.57300876756312,Perundurai,Tamil Nadu,638052 ,Relux Electric (India),Operational,True,44.0,1,True,2024-07-19 07:45:00+00:00,2024-07-26 06:19:00+00:00
301229,Sree Annapoorna Restaurant ,12.85301412,78.81703476,Ambur - Vellore,Tamil Nadu,635812,Chargezone (India),Operational,True,120.0,10,True,2024-07-17 07:03:00+00:00,2025-01-25 18:15:00+00:00
301228,Thoppur Toll Plaza,12.00702592,78.08084312,Thoppur,Tamil Nadu,636708,Relux Electric (India),Operational,True,82.0,2,True,2024-07-17 06:51:00+00:00,2024-07-26 06:19:00+00:00
301227,Vaniyambadi Toll Plaza - Relux Charaging station,12.64875446,78.58332854,Vaniyambadi,Tamil Nadu,635751,Relux Electric (India),Operational,True,40.0,1,True,2024-07-17 06:43:00+00:00,2024-07-26 06:19:00+00:00
301226,Hotel Himalayaa,12.23639376,79.08960088,Thiruvanamalai,Tamil Nadu,606601,Relux Electric (India),Operational,True,40.0,1,True,2024-07-17 06:32:00+00:00,2024-07-26 06:19:00+00:00
301155,Hotel Aishwarya Bhavan,12.24034498,79.66228159,Tindivanam - Villupuram,Tamil Nadu,604001,Relux Electric (India),Operational,True,110.0,4,True,2024-07-16 07:09:00+00:00,2024-07-26 06:19:00+00:00
301154,MM Legacy ,12.9036054,80.167116,Kanchipuram,Tamil Nadu,635812,Relux Electric (India),Operational,True,60.0,2,True,2024-07-16 07:01:00+00:00,2024-07-26 06:19:00+00:00
301153,EVP Cinemas - Relux Charging Station,13.03601745,80.04651678,Chembarambakkam,Tamil Nadu,600123,Relux Electric (India),Operational,True,30.0,1,True,2024-07-16 06:56:00+00:00,2024-07-26 06:19:00+00:00
300747,Hotel Aaryas Garden - Relux Charging Station,12.2406595,79.663151,Tindivanam,Tamil Nadu, 604001,Relux Electric (India),Operational,True,49.0,2,True,2024-07-09 09:48:00+00:00,2024-07-12 09:49:00+00:00
300746,Hotel Aaryas Garden - Relux Electric,12.38530243,79.7960046,Kandigai,Tamil Nadu, 603201,Relux Electric (India),Operational,True,49.0,2,True,2024-07-09 09:44:00+00:00,2024-07-12 09:49:00+00:00
300745,Cosmopolitan Club - Relux Electric,13.10080944,80.19059824,Chennai,Tamil Nadu, 600098,Relux Electric (India),Operational,True,30.0,1,True,2024-07-09 09:34:00+00:00,2024-07-12 09:39:00+00:00
298738,Balasaheb Thackeray Flyover,19.139950824152606,72.85197359742608,Unknown,Maharashtra,400029,Unknown Operator,Operational,True,0.0,1,False,2024-05-13 02:22:00+00:00,2024-05-20 09:21:00+00:00
297821,Joance Regency,9.89428770289264,76.71587116008152,Thodupuzha,Kerala,685608,Zeon Charging,Operational,True,24.0,1,True,2024-04-22 12:44:00+00:00,2025-06-11 14:01:00+00:00
297660,"#1043, 11th cross",12.335348865022,76.62012790912104,Mysore,Karnataka,570008,Unknown Operator,Operational,True,11.0,1,False,2024-04-18 06:25:00+00:00,2024-04-25 11:18:00+00:00
297630,Ganesh Hotel,15.16839,75.14055,Tirumalakoppa,Karnataka,581207,Zeon Charging,Operational,True,50.0,2,True,2024-04-17 17:18:00+00:00,2025-02-17 16:56:00+00:00
297629,Jio BP Kamadod,14.57297,75.69027,Kamadod,Karnataka,581145,Unknown Operator,Operational,True,60.0,2,True,2024-04-17 17:14:00+00:00,2025-02-18 09:19:00+00:00
297628,Zeon 24KW Kyathasandra,10.081199096245427,77.63011747389908,Kyathasandra,Karnataka,572104,Zeon Charging,Operational,True,24.0,1,True,2024-04-17 17:10:00+00:00,2024-04-25 11:18:00+00:00
297627,Relux 25KW Chidambaram,11.485037495015147,78.01971132004519,Chidambaram,Tamil Nadu,608602,Unknown Operator,Operational,True,30.0,1,True,2024-04-17 17:02:00+00:00,2024-04-25 11:18:00+00:00
297625,Relux 30KW Hotel Himalaya,12.246919944087182,78.07576854682719,Annamalai R.F,Tamil Nadu,606604,Unknown Operator,Operational,True,30.0,1,True,2024-04-17 16:56:00+00:00,2024-04-25 11:18:00+00:00
297624,Statiq 60kW Tirunelveli,8.66847,77.71834,Tirunelveli,Tamil Nadu, 627007,Unknown Operator,Operational,True,60.0,1,True,2024-04-17 15:16:00+00:00,2025-03-31 16:20:00+00:00
297622,Regency Tirunelveli By GRT Hotels,8.72921,77.72092,Tirunelveli,Tamil Nadu,627003,Zeon Charging,Operational,True,50.0,1,True,2024-04-17 15:08:00+00:00,2025-04-07 13:39:00+00:00
297621,Kannada Parisath Road,12.336275917196616,76.61874659765198,Mysuru,Karnataka,570001,Unknown Operator,Operational,True,100.0,1,False,2024-04-17 15:07:00+00:00,2024-04-25 11:18:00+00:00
279447,Knowledge park,28.46223750240044,77.49128580570192,Greater Noida,Uttar Pradesh,Unknown,Unknown Operator,Operational,True,2.5,1,False,2023-10-26 16:57:00+00:00,2023-10-29 16:59:00+00:00
273116,Urs Kar,12.17768,75.90516,Gonikoppa,Karnataka,571213,Zeon Charging,Operational,True,24.0,1,True,2023-07-25 17:12:00+00:00,2025-02-17 16:56:00+00:00
267109,Punkunnam-Guruvayoor Road,10.537654030632057,76.19714944011241,Thrissur,Kerala,680002,Ather Grid Point (India),Operational,True,2.5,1,False,2023-06-21 05:31:00+00:00,2023-07-04 03:26:00+00:00
266916,Viyyur KSEB,10.559346433034207,76.2173581272001,Thrissur,Kerala,680010,Unknown Operator,Operational,True,30.0,1,True,2023-06-18 17:36:00+00:00,2025-06-13 10:35:00+00:00
266276,KSEB Charging Station,10.00539481230841,76.30472192063007,Kochi,Kerala,682017,ChargeMod (IN),Operational,True,50.0,2,True,2023-05-30 20:27:00+00:00,2026-09-09 03:55:00+00:00
259197,GoElectrify-EV Charger ,23.0239226,72.4589304,Ahmedabad,Gujarat,380058,Unknown Operator,Operational,True,3.6,3,False,2023-03-28 14:43:00+00:00,2023-03-28 20:46:00+00:00
258754,ChargePod Charging Station,23.175841,72.6267489,Gandhinagar,Gujarat,382421,Unknown Operator,Not Operational,False,0.0,1,False,2023-03-26 09:55:00+00:00,2024-08-08 12:49:00+00:00
258753,Fortum Charge & Drive Charging Station,22.9966818,72.3581511,Ahmedabad,Gujarat,380051,Unknown Operator,Operational,True,50.0,2,True,2023-03-26 08:44:00+00:00,2023-03-26 21:56:00+00:00
258572,Ather Grid Charging Station,23.231491,72.6673639,Gandhinagar,Gujarat,382021,Unknown Operator,Operational,True,2.5,1,False,2023-03-23 15:18:00+00:00,2023-03-23 20:25:00+00:00
258336,Taj Hotel,23.07555434677116,72.56854041975487,Ahmedabad,Gujarat,380058,Tata Power,Operational,True,30.0,2,True,2023-03-21 17:44:00+00:00,2023-03-21 17:51:00+00:00
258302,MobiLane Charging Station,23.1664285,72.6839839,Gandhinagar,Gujarat,382355,(Business Owner at Location),Operational,True,80.0,1,True,2023-03-21 12:40:00+00:00,2023-03-30 16:39:00+00:00
258294,Sargasan Cross Rd,23.178342756362767,72.61224558603294,Gandhinagar,Gujarat,382421,Unknown Operator,Operational,True,30.0,1,True,2023-03-21 12:11:00+00:00,2023-03-23 23:04:00+00:00
257048,Agora Mall Charging Station,23.0675460902371,72.6648092874053,Gandhinagar,Gujarat,382424,JIO BP Pulse (India),Operational,True,0.0,2,False,2023-03-17 05:35:00+00:00,2024-12-16 11:24:00+00:00
257047,Capital EV Charging Station (Kalupur),23.067645727534423,72.66492752114209,Ahmedabad,Gujarat,380002,Unknown Operator,Operational,True,25.0,7,True,2023-03-17 05:19:00+00:00,2023-03-26 11:50:00+00:00
238134,Technopark EVCS,8.559479356189598,76.87807877486341,Thiruvananthapuram,Kerala,695581,ChargeMod (IN),Operational,True,30.0,5,True,2023-03-02 07:29:00+00:00,2025-06-11 14:01:00+00:00
201254,Cinemax,19.24365159150088,73.13475572207244,Kalyan,Maharashtra,421301,Unknown Operator,Operational,True,3.0,1,False,2022-08-25 17:05:00+00:00,2022-08-28 17:09:00+00:00
195401,Kalyan Grand Business Hotel,12.873800155645254,80.07849378133422,Vandalur,Tamil Nadu,600048,Unknown Operator,Operational,True,24.0,1,True,2022-08-20 12:46:00+00:00,2022-08-20 15:02:00+00:00
195400,Muscat bakery & Restaurants,13.008010578515618,79.99673028011085,Irungattukottai,Tamil Nadu,602105,Unknown Operator,Operational,True,50.0,3,True,2022-08-20 12:41:00+00:00,2022-08-20 15:02:00+00:00
195399,Holiday Inn Chennai OMR,12.98007448484978,80.25315304085922,Chennai,Tamil Nadu,600096,Unknown Operator,Operational,True,25.0,1,True,2022-08-20 12:33:00+00:00,2022-08-20 15:02:00+00:00
195398,Grand Chennai by GRT Hotels,13.039883703809371,80.24507602103657,Chennai,Tamil Nadu,600017,Unknown Operator,Operational,True,22.0,1,False,2022-08-20 12:25:00+00:00,2022-08-20 15:03:00+00:00
195397,Spencer plaza,13.086440939321662,80.24611761923632,Chennai,Tamil Nadu,600002,Unknown Operator,Operational,True,25.0,1,True,2022-08-20 12:00:00+00:00,2022-08-20 15:05:00+00:00
195339,Chandni Chowk,28.65602522579709,77.23119760294571,Delhi,Delhi,110006,Unknown Operator,Operational,True,3.0,2,False,2022-08-16 10:38:00+00:00,2022-08-30 08:26:00+00:00
189046,Sardar Patel Ring Road,23.01811407692714,72.67117696624051,Ahmedabad,Gujarat,380001,Unknown Operator,Operational,True,0.0,1,False,2021-09-04 07:00:00+00:00,2021-09-05 15:01:00+00:00
189037,Shawadi Road,22.95898656230746,72.57343764720804,Ahmedabad,Gujarat,382405,Unknown Operator,Operational,True,50.0,1,True,2021-09-02 11:26:00+00:00,2023-03-23 23:05:00+00:00
188200,Hosa Road,12.911521506082025,77.67629825827191,Chikkanayakanahalli,Karnataka,560035,Unknown Operator,Operational,True,3.3,1,False,2021-07-14 04:38:00+00:00,2021-07-16 19:32:00+00:00
173082,Tata Fast Charger,12.952438850806772,77.63973152758626,Bangalore,Karnataka,Unknown,Tata Power,Operational,True,22.0,2,True,2021-03-03 06:46:00+00:00,2021-03-03 10:10:00+00:00
172465,Bharay,27.9383458,75.2314383,Mukundgarh Mandi,Rajasthan,333705,Unknown Operator,Operational,True,3.0,1,False,2021-02-03 11:24:00+00:00,2021-02-03 17:34:00+00:00
171101,Saravana Bhavan,11.519422436107646,77.93477088670943,Vaigundam,Tamil Nadu,637103,Unknown Operator,Operational,True,50.0,2,True,2020-12-20 13:41:00+00:00,2025-04-02 16:49:00+00:00
170932,IITM Research Park,12.9908,80.2424,Chennai City Corporation Limits,Tamil Nadu,600113,Relux Electric (India),Operational,True,37.0,3,False,2020-12-12 07:01:00+00:00,2024-07-09 12:38:00+00:00
167208,Assam Electric Point ,26.1619712,91.76678400000004,Guwahati,Assam,787059,Unknown Operator,Operational,True,3.0,1,False,2020-08-29 14:29:00+00:00,2023-03-26 11:51:00+00:00
149812,Electrify Bihar EV Charging Station,26.156965,85.899512,Darbhanga,Bihar,846004,(Business Owner at Location),Operational,True,2.3,5,False,2020-03-06 04:28:00+00:00,2023-03-28 19:20:00+00:00
149534,Fortum Mahindra,17.44366,78.46395,Hyderabad,Telangana,500016,Unknown Operator,Operational,True,0.0,1,False,2020-02-27 16:28:00+00:00,2023-03-26 11:52:00+00:00
149533,Amplify Mobility,17.4249236,78.4219657,Hyderabad,Telangana,500034,Unknown Operator,Operational,True,0.0,1,False,2020-02-27 16:22:00+00:00,2023-04-04 10:44:00+00:00
149527,Fortum Mahindra ,17.36334,78.4337,Hyderabad,Telangana,500264,Unknown Operator,Operational,True,0.0,1,False,2020-02-27 15:28:00+00:00,2023-03-26 11:51:00+00:00
149524,Bharat Charge Ev Charging Station,17.5365276,78.3930837,Hyderabad,Telangana,500090,Unknown Operator,Operational,True,240.0,8,True,2020-02-27 15:19:00+00:00,2026-07-16 19:26:00+00:00
146678,Jawahar Marg,22.71655434470766,75.85496372756984,Indore,Madhya Pradesh,452001,Unknown Operator,Operational,True,3.0,1,False,2020-01-13 17:09:00+00:00,2020-01-13 20:22:00+00:00
129323,Kailash Bhavan,9.08818839762424,76.485887744861,Clappana,Kerala,690525,Midgard Electric,Operational,True,3.3,3,False,2019-07-17 11:08:00+00:00,2023-05-05 17:17:00+00:00
107668,AtherGrid Go Native Cafe,12.9224636436796,77.5846883396955,Bangalore,Karnataka,560041,Unknown Operator,Operational,True,2.0,1,False,2018-08-06 09:52:00+00:00,2018-08-06 21:39:00+00:00
103746,BESCOM Head Office,12.9755314120859,77.5883364581665,Bengaluru,Karnataka,560053,(Business Owner at Location),Operational,True,3.6,2,True,2018-05-06 14:17:00+00:00,2020-04-14 16:02:00+00:00
103616,Ather Space,12.9756892941475,77.6412298094218,Bengaluru,Karnataka,570008,Unknown Operator,Operational,True,3.0,4,False,2018-05-04 08:50:00+00:00,2018-05-11 11:03:00+00:00
103615,Ather Grid Point - Herbs and Spices,12.9679246469975,77.7497762255596,Bengaluru,Karnataka,560066,Unknown Operator,Operational,True,3.0,1,False,2018-05-04 08:44:00+00:00,2018-05-11 11:04:00+00:00
103614,Ather Grid Point - 6000 Miles to Isle of Man,12.9756828,77.5982326000001,Bengaluru,Karnataka,560053,Unknown Operator,Operational,True,3.0,1,False,2018-05-04 08:42:00+00:00,2022-08-30 10:54:00+00:00
103613,Ather Grid Point - Sunny Side Bistro,13.0018168,77.6235465,Bengaluru,Karnataka,560084,Unknown Operator,Operational,True,3.0,1,False,2018-05-04 08:41:00+00:00,2018-05-11 11:04:00+00:00
103612,Ather Grid Point - Patel's Inn,13.0212463,77.5980284,Bengaluru,Karnataka,560024,Unknown Operator,Operational,True,3.0,1,False,2018-05-04 08:39:00+00:00,2018-05-17 14:58:00+00:00
103611,Ather Grid Point - Chapter One,13.0323019,77.5697127,Bengaluru,Karnataka,560094,Unknown Operator,Operational,True,3.0,1,False,2018-05-04 08:38:00+00:00,2018-05-11 11:05:00+00:00
103610,Ather Grid Point - Royal Airawat Residency,12.9222872,77.4954903,Bengaluru,Karnataka,560059,Unknown Operator,Operational,True,3.0,1,False,2018-05-04 08:37:00+00:00,2024-07-26 06:36:00+00:00
103609,Ather Grid Point - Caf Eleven,12.9233342441394,77.5548753083467,Bengaluru,Karnataka,560085,Unknown Operator,Operational,True,3.0,1,False,2018-05-04 08:35:00+00:00,2018-05-11 11:05:00+00:00
103607,Ather Grid Point - Fab Cafe,12.9339420487577,77.517451890213,Bengaluru,Karnataka,560098,Unknown Operator,Operational,True,3.0,1,False,2018-05-04 08:28:00+00:00,2018-05-11 11:06:00+00:00
103606,Ather Grid Point - Moto Store & Cafe,12.9875541362772,77.6208706943579,Bangalore,Karnataka,560042,Unknown Operator,Operational,True,3.0,1,False,2018-05-04 08:14:00+00:00,2018-05-11 11:06:00+00:00
103604,"International Tech Park, Bangalore",12.985420937588,77.7385128788513,Bangalore,Karnataka,560066,Unknown Operator,Operational,True,3.0,2,False,2018-05-04 08:06:00+00:00,2018-05-11 11:06:00+00:00
103603,Ather Grid Point - Ascendas Park square mall,12.9872191,77.7364744,Bangalore,Karnataka,560066,Unknown Operator,Operational,True,3.0,2,False,2018-05-04 08:01:00+00:00,2018-05-11 11:06:00+00:00
96047,Tellus Power ,17.4133616071295,78.4265966206543,Hyderabad,Telangana,500034,Unknown Operator,Operational,True,7.2,1,False,2017-12-07 10:12:00+00:00,2017-12-08 08:52:00+00:00
92771,Ola Charging Point,21.088567856547,79.0543895880828,Nagpur,Maharashtra,440001,(Business Owner at Location),Operational,True,0.0,4,False,2017-09-10 11:39:00+00:00,2017-09-10 11:46:00+00:00
