ID,name,latitude,longitude,town,state,postcode,operator,status,is_operational,max_power_kw,total_points,has_fast_charging,date_created,date_last_verified
510840,E-Fill Electric Hotel Food Mania,31.602844,76.924626,"Balh, Mandi",Himachal Pradesh,175021,E-Fill Electric (IN),Operational,True,30.0,1,True,2026-09-30T16:02:00Z,2026-10-03T16:15:00Z
510821,Nilkanth EV Charging Station - ChargeJet,23.7593343,53.3224671,Ahmedabad,Gujarat,382445,(Unknown Operator),Operational,True,160.0,3,True,2026-09-30T04:52:00Z,2026-10-03T04:57:00Z
510820,Nilkanth EV Charging Station - ChargeJet,22.9799096,72.6338202,Ahemdabad,Gujarat,382445,(Unknown Operator),Operational,True,158.0,4,True,2026-09-30T04:24:00Z,2026-10-03T04:26:00Z
510563,bhanu prasad hostal,16.258242901893652,80.32322550096455,Guntar,Andhra Pradesh,534350,(Unknown Operator),Operational,True,120.0,1,True,2026-09-26T04:27:00Z,2026-09-29T04:31:00Z
510426,SALZER DEVELOPMENT,19.105321,72.875887,,,,Salzer NexCharge (IN),Not Operational,False,7.0,1,False,2026-09-23T16:17:00Z,2026-10-04T04:18:00Z
510425,Salzer Panel Test Charger 1,11.929501,76.937771,,,,Salzer NexCharge (IN),Not Operational,False,30.0,2,True,2026-09-23T16:17:00Z,2026-10-04T04:18:00Z
510424,7.4 kW - New Model Testing,11.163261,76.934373,,,,Salzer NexCharge (IN),Not Operational,False,7.0,1,False,2026-09-23T16:17:00Z,2026-10-04T04:18:00Z
510423,Salzer Test Charger,10.589207,79.589475,,,,Salzer NexCharge (IN),Not Operational,False,22.0,1,False,2026-09-23T16:17:00Z,2026-10-04T04:18:00Z
510422,Salzer Panel Test Charger 2,10.585263,77.253175,,,,Salzer NexCharge (IN),Not Operational,False,30.0,2,True,2026-09-23T16:17:00Z,2026-10-04T04:18:00Z
510421,AN Energy Solution,10.048785,78.349298,,,,Salzer NexCharge (IN),Not Operational,False,3.0,1,False,2026-09-23T16:17:00Z,2026-10-04T04:18:00Z
510420,Salzer Panel Test Charger 3,9.918248,78.123374,,,,Salzer NexCharge (IN),Not Operational,False,30.0,2,True,2026-09-23T16:17:00Z,2026-10-04T04:18:00Z
510152,Subhash Super Fast EV Charging Station | 90kw - Electrasaur india,11.2982954,75.8616974,Kozhikode,Kerala,673571,Chargezone (India),Operational,True,120.0,6,True,2026-09-19T12:19:00Z,2026-09-22T12:23:00Z
510099,EzyCharge - IIT MANDI,31.780360320775046,76.99302044703995,Mandi,Himachal Pradesh,175075,(Unknown Operator),Operational,True,3.3,1,False,2026-09-18T11:35:00Z,2026-09-21T12:28:00Z
509422,Narketpally - Addanki - Medarametla Road,16.890620274310365,79.56120562803494,MIRYALGUDA,Telangana,508207,(Unknown Operator),Operational,True,180.0,6,True,2026-09-16T10:37:00Z,2026-09-19T10:39:00Z
508929,Rajahmundry unit -1,17.039631,81.615838,Rajahmundry,,534313,(Business Owner at Location),Operational,True,240.0,7,True,2026-09-11T08:38:00Z,2026-10-04T04:18:00Z
508928,Kakinada Unit 1,16.982049,82.246026,Kakinada,,533003,(Business Owner at Location),Operational,True,60.0,2,True,2026-09-11T08:38:00Z,2026-10-04T04:18:00Z
508927,May Fair Green Mark Project,17.484253,78.212304,,,,Salzer NexCharge (IN),Not Operational,False,7.0,3,False,2026-09-11T08:37:00Z,2026-10-04T04:18:00Z
508926,May Fair Marketing Office,17.483787,78.215093,,,,Salzer NexCharge (IN),Not Operational,False,7.0,1,False,2026-09-11T08:37:00Z,2026-10-04T04:18:00Z
508925,Adarsh Green Apartments,13.095707,77.610903,,,,Salzer NexCharge (IN),Not Operational,False,7.0,3,False,2026-09-11T08:37:00Z,2026-10-04T04:18:00Z
508924,DS Max Sky Fields,12.954683,77.801405,,,,Salzer NexCharge (IN),Not Operational,False,7.0,1,False,2026-09-11T08:37:00Z,2026-10-04T04:18:00Z
508923,Sobha Corporate Office,12.932292,77.681965,,,,Salzer NexCharge (IN),Not Operational,False,7.0,1,False,2026-09-11T08:37:00Z,2026-10-04T04:18:00Z
508922,Salzer Unit 2,11.207988,76.963123,,,,Salzer NexCharge (IN),Operational,True,22.0,1,False,2026-09-11T08:37:00Z,2026-10-04T04:18:00Z
508921,Salzer Panel Division,11.203939,76.964076,,,,Salzer NexCharge (IN),Operational,True,22.0,1,False,2026-09-11T08:37:00Z,2026-10-04T04:18:00Z
508920,Salzer Annur Plant,11.197033,77.074227,,,,Salzer NexCharge (IN),Operational,True,22.0,1,False,2026-09-11T08:37:00Z,2026-10-04T04:18:00Z
508919,Salzer Unit 3,11.163335,76.933657,,,,Salzer NexCharge (IN),Operational,True,7.0,3,False,2026-09-11T08:37:00Z,2026-10-04T04:18:00Z
508918,Salzer Unit 1,11.161317,76.934952,,,,Salzer NexCharge (IN),Not Operational,False,22.0,1,False,2026-09-11T08:37:00Z,2026-10-04T04:18:00Z
508917,KR Hospital,11.156595,76.943966,,,,Salzer NexCharge (IN),Operational,True,22.0,1,False,2026-09-11T08:37:00Z,2026-10-04T04:18:00Z
508916,Salzer - Tanishq Jewellery,11.065032,76.943778,,,,Salzer NexCharge (IN),Operational,True,7.0,2,False,2026-09-11T08:37:00Z,2026-10-04T04:18:00Z
508915,SLNC Apartments 15kW,9.920768,78.083676,,,,Salzer NexCharge (IN),Not Operational,False,7.0,2,False,2026-09-11T08:37:00Z,2026-10-04T04:18:00Z
508914,SLNC Apartment 10kW,9.920383,78.072546,,,,Salzer NexCharge (IN),Not Operational,False,3.0,3,False,2026-09-11T08:37:00Z,2026-10-04T04:18:00Z
504729,Uplug Ev Charging Station & Network,16.94591281525385,74.40539505111667,Ashta,Maharashtra,416301,(Unknown Operator),Operational,True,60.0,2,True,2026-08-15T06:26:00Z,2026-08-18T06:28:00Z
503818,NH-7 Hotel,20.63457905367952,78.92760438953907,,Maharashtra,,Charge_iN by Mahindra,Operational,True,240.0,4,True,2026-08-09T13:23:00Z,2026-08-09T13:23:00Z
503599,The Big Bay Highway Pitstop,13.605915504540487,77.78686997147047,,Karnataka,562104,Charge_iN by Mahindra,Operational,True,240.0,4,True,2026-08-08T09:33:00Z,2026-08-08T09:33:00Z
502497,TransEV Charging Station,23.547824,87.272638,Durgapur,west bengal,713203,(Unknown Operator),Operational,True,60.0,4,True,2026-08-06T06:28:00Z,2026-08-09T06:32:00Z
502325,MobiLane Statue of unity Tent city,21.88041164,73.72730263,Kevadia,Gujarat,,(Unknown Operator),Operational,True,,1,False,2026-08-05T13:21:00Z,2026-08-08T13:21:00Z
502323,MobiLane Hotel Darshan & Guest House,24.05835239,72.39079155,Palanpur,Ahmedabad,,(Unknown Operator),Operational,True,,1,False,2026-08-05T13:18:00Z,2026-08-08T13:21:00Z
502322,MobiLane Heat Treaters,23.020158,72.650465,Ahmedabad,Gujarat,,(Unknown Operator),Operational,True,,1,False,2026-08-05T13:16:00Z,2026-08-08T13:16:00Z
502321,"MobiLane Mini - Universal Honda, Paldi",23.01133244,72.5667051,Ahmedabad,Gujarat,,(Unknown Operator),Operational,True,3.3,1,False,2026-08-05T13:14:00Z,2026-08-08T13:16:00Z
502320,"MobiLane Mini - Universal Honda, Bapunagar",23.02828892,72.63863053,Ahmedabad,Gujarat,,(Unknown Operator),Operational,True,3.3,1,False,2026-08-05T13:13:00Z,2026-08-08T13:16:00Z
502319,MobiLane Mini - Parag Enterprise,22.86736473,72.39012894,Ahmedabad,Gujarat,,(Unknown Operator),Operational,True,3.3,1,False,2026-08-05T13:11:00Z,2026-08-08T13:11:00Z
502318,MobiLane Mini - Sangath Office,23.12656968,72.59610827,Ahmedabad,Gujarat,,(Unknown Operator),Operational,True,,1,False,2026-08-05T13:10:00Z,2026-08-08T13:11:00Z
502317,MobiLane AMC Prahladnagar,23.0116839,72.5062851,Ahmedabad,Gujarat,,(Unknown Operator),Operational,True,,1,False,2026-08-05T13:08:00Z,2026-08-08T13:11:00Z
502316,MobiLane AMC Bapunagar,23.03970062,72.63085734,Ahmedabad,Gujarat,,(Unknown Operator),Operational,True,,1,False,2026-08-05T13:07:00Z,2026-08-08T13:11:00Z
502315,MobiLane AMC Chandkheda,23.1085196,72.5960508,Ahmedabad ,Gujarat,,(Unknown Operator),Operational,True,,1,False,2026-08-05T13:05:00Z,2026-08-08T13:06:00Z
502314,MobiLane AMC Income Tax,23.042468,72.56975281,Ahmedabad,Gujarat,,(Unknown Operator),Operational,True,,1,False,2026-08-05T13:03:00Z,2026-08-08T13:06:00Z
502313,MobiLane AMC Kankariya,23.00847566,72.59844339,Ahmedabad,Gujarat,,(Unknown Operator),Operational,True,,1,False,2026-08-05T13:01:00Z,2026-08-08T13:06:00Z
502312,MobiLane AMC Motera,23.10327662,72.60546886,Ahmedabad,Gujarat,,(Unknown Operator),Operational,True,,1,False,2026-08-05T12:26:00Z,2026-08-08T12:31:00Z
502311,MobiLane AMC Sindhubhavan,23.04069829,72.49755956,Ahmedabad,Gujarat,,(Unknown Operator),Operational,True,,1,False,2026-08-05T12:25:00Z,2026-08-08T12:26:00Z
502310,MobiLane AMC Haridarshan,23.07004403,72.67268267,Ahmedabad,Gujarat,,(Unknown Operator),Operational,True,,1,False,2026-08-05T12:22:00Z,2026-08-08T12:26:00Z
502309,MobiLane AMC Narol GB/T,22.97311806,72.58925822,Ahmedabad,Gujarat,,(Unknown Operator),Operational,True,,1,False,2026-08-05T12:21:00Z,2026-08-08T12:26:00Z
502308,MobiLane AMC Govindwadi,22.98294931,72.59939531,Ahmedabad,Gujarat,,(Unknown Operator),Operational,True,,1,False,2026-08-05T12:19:00Z,2026-08-08T12:21:00Z
502307,MobiLane AMC Nikol,23.05496586,72.66465806,Ahmedabad,Gujarat,,(Unknown Operator),Operational,True,,1,False,2026-08-05T12:16:00Z,2026-08-08T12:21:00Z
502306,MobiLane AMC CTM,22.99229299,72.63302169,,Ahmedabad,Gujarat,(Unknown Operator),Operational,True,,1,False,2026-08-05T12:08:00Z,2026-08-08T12:10:00Z
502305,MobiLane Antarim Food Court,21.74259203,73.02209261,Bharuch,Gujarat,,(Unknown Operator),Operational,True,80.0,1,True,2026-08-05T12:06:00Z,2026-08-08T12:10:00Z
502304,"MobiLane Patidar Bhavan, Ambaji",24.33457287,72.84591703,Ambaji,Gujarat,,(Unknown Operator),Operational,True,80.0,1,True,2026-08-05T12:01:00Z,2026-08-08T12:05:00Z
502303,MobiLane Bliss Food Court,23.66791,72.38375,Mehsana,Gujarat,,(Unknown Operator),Operational,True,80.0,1,True,2026-08-05T11:58:00Z,2026-08-08T12:00:00Z
502302,MobiLane Hold On Food Court,20.70102741,72.98737088,Valsad,Gujarat,,(Unknown Operator),Operational,True,80.0,1,True,2026-08-05T11:56:00Z,2026-08-08T12:00:00Z
502301,MobiLane Krishna Sudama Restaurant,23.30198393,70.54710249,Samakhiali,Gujarat,,(Unknown Operator),Operational,True,80.0,1,True,2026-08-05T11:53:00Z,2026-08-08T11:55:00Z
502300,MobiLane Hotel Grand Haveli,20.23524297,72.88379236,Valsad,Gujarat,,(Unknown Operator),Operational,True,80.0,1,True,2026-08-05T11:50:00Z,2026-08-08T11:55:00Z
502299,MobiLane A K Tyre,22.9659785,72.58875729,Ahmedabad,Gujarat,,(Unknown Operator),Operational,True,3.3,1,False,2026-08-05T11:48:00Z,2026-08-08T11:55:00Z
502298,MobiLane A K Tyre,22.9659785,72.58875729,Ahmedabad,Gujarat,,(Unknown Operator),Operational,True,3.3,1,False,2026-08-05T11:45:00Z,2026-08-08T11:55:00Z
502297,MobiLane Shree Ambica Auto Hazira,21.1640446,72.73775251,Sueat,Gujarat,,(Unknown Operator),Operational,True,15.0,1,False,2026-08-05T11:42:00Z,2026-08-08T11:55:00Z
502296,MobiLane Shree Ambica Auto Udhana,21.17227412,72.84159844,Surat,Gujarat,,(Unknown Operator),Operational,True,15.0,1,False,2026-08-05T11:39:00Z,2026-08-08T11:40:00Z
502295,MobiLane The Bay at Ecoworld,12.92096727,77.68547587,Bengaluru,Karnataka,,(Unknown Operator),Operational,True,80.0,1,True,2026-08-05T11:35:00Z,2026-08-08T11:40:00Z
502294,MobiLane E MART AUTOMOTIVE,16.50689363,80.67627937,Vijaywada,Andhra Pradesh,,(Unknown Operator),Operational,True,,1,False,2026-08-05T11:33:00Z,2026-08-08T11:35:00Z
502293,MobiLane Bluegrass Business Park,18.55023676,73.89425316,Pune,Maharashtra,,(Unknown Operator),Operational,True,,1,False,2026-08-05T11:29:00Z,2026-08-08T11:30:00Z
502292,MobiLane Ecospace,12.9249701,77.68147802,Bengaluru,Karnataka,,(Unknown Operator),Operational,True,,1,False,2026-08-05T11:27:00Z,2026-08-08T11:30:00Z
502291,MobiLane 45ICON,18.553845,73.796756,Baner,Maharshtra,,(Unknown Operator),Operational,True,7.4,1,False,2026-08-05T11:25:00Z,2026-08-08T11:30:00Z
502290,MobiLane Equinox Business Park,19.071566,72.877213,Mumbai,Maharashtra,,(Unknown Operator),Operational,True,,1,False,2026-08-05T11:12:00Z,2026-08-08T11:15:00Z
502289,MobiLane Charan Kamal Family Restaurant,24.47374825,73.64897167,Udaipur,Rajasthan,,(Unknown Operator),Operational,True,80.0,1,True,2026-08-05T11:10:00Z,2026-08-08T11:15:00Z
502288,MobiLane Indrajit Online,23.03788275,72.59719734,Ahmedabad,Gujarat,,(Unknown Operator),Operational,True,3.3,1,False,2026-08-05T11:06:00Z,2026-08-08T11:09:00Z
502287,MobiLane Veer Savarkar Sports Complex Gate 1,23.06901,72.555783,Ahmedabad,Gujarat,,(Unknown Operator),Operational,True,,1,False,2026-08-05T11:05:00Z,2026-08-08T11:09:00Z
502286,MobiLane Praveg Lake Resort,20.38406824,72.87537391,Daman,Dadra and Nagar Haveli,,(Unknown Operator),Operational,True,30.0,1,True,2026-08-05T11:01:00Z,2026-08-08T11:10:00Z
502285,MobiLane Mahudi - Dhyansthali Gandhinagar,23.478526,72.790529,Mahudi,Gujarat,,(Unknown Operator),Operational,True,80.0,1,True,2026-08-05T10:43:00Z,2026-08-08T10:45:00Z
502284,"MobiLane Treat Hotel, Nashik",19.98038479,73.77865087,Nashik,Maharashtra,422009,(Unknown Operator),Operational,True,120.0,1,True,2026-08-05T10:41:00Z,2026-08-08T10:45:00Z
502283,MobiLane AMC Gulbai Tekra,23.02918399,72.54720341,Ahmedabad,Gujarat,,(Unknown Operator),Operational,True,,1,False,2026-08-05T10:39:00Z,2026-08-08T10:40:00Z
502282,MobiLane E Motion Logitech Pvt Ltd,21.13824793,72.8810473,Surat,Gujarat,394210,(Unknown Operator),Operational,True,,1,False,2026-08-05T10:37:00Z,2026-08-08T10:40:00Z
502281,MobiLane Aranya By Treat,25.12566896,73.58149322,Udaipur,Rajasthan,313325,(Unknown Operator),Operational,True,30.0,1,True,2026-08-05T10:35:00Z,2026-08-08T10:40:00Z
502280,MobiLane Veer Savarkar Sports Complex Gate 3,23.068148,72.55675454,Ahmedabad,Gujarat,380013,(Unknown Operator),Operational,True,80.0,1,True,2026-08-05T10:32:00Z,2026-08-08T10:35:00Z
502279,MobiLane Deccan Vehicle Pvt. Ltd.,22.63914041,75.8474421,Indore,Madhya Pradesh,452012,(Unknown Operator),Operational,True,3.3,1,False,2026-08-05T10:13:00Z,2026-08-08T10:15:00Z
502278,MobiLane SSKATPGCS,17.17050039,79.35476073,Manguru,Telangana,508205,(Unknown Operator),Operational,True,,2,False,2026-08-05T10:11:00Z,2026-08-08T10:15:00Z
502276,MobiLane Saya Grand By Treat,19.21916215,73.04392037,Thane,Mahrashtra,421311,(Unknown Operator),Operational,True,30.0,1,False,2026-08-05T10:08:00Z,2026-08-08T10:10:00Z
502275,MobiLane CRVRGROWA-EV CHARGING STATION - 2,17.46563933,78.40803289,Hyderabad,Telangana,500018,(Unknown Operator),Operational,True,7.4,1,False,2026-08-05T10:06:00Z,2026-08-08T10:10:00Z
502274,"MobiLane Urbane By Treat, Daman",20.41151684,72.86665548,Daman,Dadra and Nagar Haveli,396215,(Unknown Operator),Operational,True,80.0,1,True,2026-08-05T10:03:00Z,2026-08-08T10:05:00Z
502273,"MobiLane Ras By Treat, Silvassa",20.27024583,72.98842948,Silvassa,Dadra and Nagar Haveli,396230,(Unknown Operator),Operational,True,30.0,1,True,2026-08-05T10:00:00Z,2026-08-08T10:05:00Z
502272,"MobiLane Treat Resort, Silvassa",20.24541534,73.05949946,Dadra and nagar,Maharashtra,396230,(Unknown Operator),Operational,True,30.0,1,True,2026-08-05T09:52:00Z,2026-08-08T09:55:00Z
502271,"MobiLane Treat Beach Resort, Gholvad",20.0879015,72.73375858,Gholvad,Maharshtra,401702,(Unknown Operator),Operational,True,,1,False,2026-08-05T09:48:00Z,2026-08-08T09:50:00Z
502270,MobiLane Treat Imperial,23.031836753805766,72.51127232436046,Chhatrapati Sambhajinagar,Maharashtra,431001,(Unknown Operator),Operational,True,30.0,1,True,2026-08-05T09:45:00Z,2026-08-08T09:50:00Z
502269,MobiLane Swarnim Heights,23.031836753805766,72.51127232436046,Ahmedabad,Gujarat,382481,(Unknown Operator),Operational,True,,1,False,2026-08-05T09:42:00Z,2026-08-08T09:45:00Z
502268,MobiLane Ecoworld 4D,23.031836753805766,72.51127232436046,Bengaluru,Karnataka,560103,(Unknown Operator),Operational,True,,1,False,2026-08-05T09:40:00Z,2026-08-08T09:45:00Z
502267,MobiLane NXT,23.031836753805766,72.51127232436046,Bengaluru,Karnataka,560048,(Unknown Operator),Operational,True,,1,False,2026-08-05T09:38:00Z,2026-08-08T09:40:00Z
499983,"Tata EV Fast Charging - Lexican Motors, Siliguri",26.729458068776097,88.3780228278763,Siliguri,West Bengal,734010,(Unknown Operator),Operational,True,18.0,1,False,2026-07-22T11:24:00Z,2026-07-25T11:27:00Z
498735,Bharat Charge 240 Kw Ev Charging Station,17.536408986261023,78.39305472101819,Hyderabad,Telangana,500090,(Unknown Operator),Operational,True,240.0,7,True,2026-07-13T19:02:00Z,2026-07-16T19:06:00Z
497946,EL shaddai EV station,11.639719633540466,79.55066305423281,,Tamil Nadu,607308,ChargeMod (IN),Operational,True,120.0,2,False,2026-07-08T16:57:00Z,2026-07-11T17:00:00Z
497874,EL Shadaai EVCS (Charge Mod),11.641666906920406,79.55021663984337,Neyveli ,Tamilnadu ,607308,(Unknown Operator),Operational,True,120.0,2,True,2026-07-08T09:48:00Z,2026-07-11T09:53:00Z
497713,"Park Inn by Radisson, Vellore",12.932172599883003,79.13688025759188,Vellore,Tamil Nadu,632004,(Unknown Operator),Operational,True,60.0,2,True,2026-07-07T05:39:00Z,2026-07-10T05:42:00Z
496646,Gali Number 9,28.751911348195556,77.20086879507613,Delhi,Burari,110084,(Unknown Operator),Operational,True,60.0,1,False,2026-06-30T15:14:00Z,2026-07-03T15:18:00Z
495322,Salzer EV Charging Station,10.89536729687184,76.94041881489534,Madukkarai,Tamil Nadu,641105,(Unknown Operator),Operational,True,120.0,2,True,2026-06-25T07:05:00Z,2026-07-10T05:27:00Z
494161,SASS EV charging station⛽,17.46701200951925,78.30910573683411,Nallagandla,Telangana,500019,(Unknown Operator),Operational,True,60.0,4,True,2026-06-17T02:59:00Z,2026-06-20T03:04:00Z
490933,Chargex Chrging Station,17.053336229183273,81.5915243434639,Devarapalle,Andhra Pradesh,534313,(Business Owner at Location),Operational,True,240.0,3,True,2026-05-25T06:45:00Z,2026-06-18T16:05:00Z
490795,Hotel Paladin Pride,13.890665810555973,79.8798169477675,Naidupeta,Andhra Pradesh,524126,(Unknown Operator),Operational,True,120.0,1,True,2026-05-24T09:04:00Z,2026-05-27T09:09:00Z
489836,Madhav Midway Treat,23.090495352285146,78.48162263641143,Udaipura,Madhya Pradesh,464770,Tata Power,Operational,True,30.0,1,True,2026-05-17T09:50:00Z,2026-05-17T09:50:00Z
489138,Punjabi Haveli,32.88658102192956,74.95638850416762,Jammu,Jammu and Kashmir,,Tata Power,Operational,True,25.0,1,True,2026-05-12T06:51:00Z,2026-05-12T06:51:00Z
488067,G R Charging,21.3402489,74.9376926,,Maharashtra,425438,Statiq (IN),Operational,True,120.0,2,True,2026-05-04T15:12:00Z,2026-05-04T15:12:00Z
488062,Saguna Family Restaurant,17.8770089487871,75.97602203334469,,Maharashtra,,Nikol EV (IN),Operational,True,60.0,2,True,2026-05-04T06:50:00Z,2026-05-11T01:43:00Z
487809,Menu 99,10.337347239575656,77.95757891905723,,Tamil Nadu,624001,Zeon Charging,Operational,True,120.0,2,True,2026-05-02T06:32:00Z,2026-05-02T06:32:00Z
486925,VeChaarge EV Charging Station - Hilly Aqua,9.857073848870963,76.72914896160364,Muttam,Kerala,685587,(Unknown Operator),Operational,True,80.0,2,True,2026-04-25T07:19:00Z,2026-04-28T07:23:00Z
485927,Guntur - Chirala Road,16.230967820072166,80.50969931337863,,Andhra Pradesh,522003,(Unknown Operator),Operational,True,29.0,1,False,2026-04-17T11:06:00Z,2026-04-20T11:07:00Z
485770,Hotel Shri Durga,12.824969442096815,75.17543659776558,Sathikallu,Karnataka,574325,Statiq (IN),Operational,True,30.0,1,True,2026-04-16T15:31:00Z,2026-04-16T15:31:00Z
485543,VeChaarge Charging Station,10.158963087020666,76.35822818960128,Athani,Kerala,683585,(Unknown Operator),Operational,True,60.0,2,True,2026-04-14T04:12:00Z,2026-04-17T04:16:00Z
485466,Srinivasa Residency,12.945135145283535,75.79442761903636,Sakaleshpura,Karnataka,573134,Tata Power,Operational,True,30.0,1,True,2026-04-13T16:06:00Z,2026-04-13T16:06:00Z
485444,Shakthi Charging Station,12.878980660652477,75.04671422477765,Bantwal,Karnataka,574231,Tata Power,Operational,True,30.0,2,True,2026-04-13T16:00:00Z,2026-04-13T16:00:00Z
485113,Panchjanya Automobiles,18.482695102792377,73.80274365086417,Pune,Maharashtra,411058,Tata Power,Operational,True,60.0,1,True,2026-04-10T14:43:00Z,2026-04-10T14:43:00Z
485112,Nanded City,18.45952286506575,73.78559864482418,Pune,Maharashtra,411068,Chargezone (India),Operational,True,30.0,2,True,2026-04-10T14:39:00Z,2026-04-10T14:39:00Z
485111,Datsons Electronics Pvt. Ltd,18.423345827831167,73.75486582515008,Pune,Maharashtra,411025,Tata Power,Operational,True,30.0,3,True,2026-04-10T14:32:00Z,2026-04-10T14:32:00Z
485110,Shell Petrol Pump,18.310542527502665,73.86760940905836,Pune,Maharashtra,412205,Shell Recharge (IN),Operational,True,30.0,2,True,2026-04-10T14:26:00Z,2026-04-10T14:26:00Z
485109,Jio-BP Mobility,18.28557562798189,73.87505232753846,Kelawade,Maharashtra,412205,JIO BP Pulse (India),Operational,True,30.0,2,True,2026-04-10T14:23:00Z,2026-04-10T14:23:00Z
485108,Grand Food Plaza,18.28154497701165,73.87636353467106,Kelwade Bhor,Maharashtra,412213,Tata Power,Operational,True,30.0,2,True,2026-04-10T14:21:00Z,2026-04-10T14:21:00Z
485107,Hotel Nanjundeshwara,13.285618008016613,77.1827495915004,Pandithanahalli,Karnataka,572104 ,Charge_iN by Mahindra,Operational,True,180.0,4,True,2026-04-10T14:13:00Z,2026-04-10T14:13:00Z
485099,"VeChaarge EV Charging Station - Chemmanda, Thrissur",10.38445,76.20057,Thrissur,Kerala,680711,(Unknown Operator),Operational,True,30.0,2,True,2026-04-10T11:34:00Z,2026-04-13T11:34:00Z
484948,Sant Sawatamali,18.127500236686505,73.9838751615155,,Maharashtra,412801,Chargezone (India),Operational,True,30.0,2,True,2026-04-09T13:32:00Z,2026-04-09T13:32:00Z
484947,The Farmer's Kitchen,18.117907588358737,73.9872937763649,Khandala,Maharashtra ,412801,Tata Power,Operational,True,30.0,1,True,2026-04-09T13:29:00Z,2026-04-09T13:29:00Z
484946,Hotel Aram Regency,18.002654665762318,73.99485811928642,Wele,Maharashtra ,415517,Chargezone (India),Operational,True,30.0,2,True,2026-04-09T13:26:00Z,2026-04-09T13:26:00Z
484945,Hotel Ashirwad Inn,17.990830600792236,73.99070513633966,Wele,Maharashtra ,415517,Zeon Charging,Operational,True,50.0,1,True,2026-04-09T13:25:00Z,2026-04-09T13:25:00Z
484944,OscarWadi Misal,17.987737858886614,73.98952587881438,Wele,Maharashtra ,415517,Statiq (IN),Operational,True,150.0,3,True,2026-04-09T13:23:00Z,2026-04-09T13:23:00Z
484943,Hotel Sai Park Inn,17.97780430476992,73.98814830460636,Surur,Maharashtra ,415517,Chargezone (India),Operational,True,60.0,2,True,2026-04-09T13:20:00Z,2026-04-09T13:20:00Z
484942,Hotel Sai Palace,17.916981447964183,73.97485404432253,Anavadi,Maharashtra ,415515,Zeon Charging,Operational,True,30.0,2,True,2026-04-09T13:16:00Z,2026-04-09T13:16:00Z
484941,Hotel Ruchi Park,17.89954189035585,73.97251179354416,Badewadi,Maharashtra ,415515,JIO BP Pulse (India),Operational,True,30.0,2,True,2026-04-09T13:13:00Z,2026-04-09T13:13:00Z
484940,Hotel Tatyancha Wada,17.86785873935572,73.95717787255023,Asale,Maharashtra ,415513,(Unknown Operator),Operational,True,30.0,2,True,2026-04-09T13:11:00Z,2026-04-09T13:11:00Z
484939,Anewadi Toll Plaza,17.81036487491417,73.97103555789285,Anewadi,Maharashtra,415020,Zeon Charging,Operational,True,30.0,2,True,2026-04-09T13:08:00Z,2026-04-09T13:08:00Z
484938,Amrai Resort,17.637720837508112,74.01241295965058,Shendre,Maharashtra ,415519,Chargezone (India),Operational,True,120.0,4,True,2026-04-09T13:01:00Z,2026-04-09T13:01:00Z
484937,Hotel Rajmarg,17.606014312013446,74.03155558680098,Satara,Maharashtra ,415519,JIO BP Pulse (India),Operational,True,30.0,2,True,2026-04-09T12:57:00Z,2026-04-09T12:57:00Z
484936,Hotel Mahendra,17.29809580708513,74.1672421570404,Gote,Maharashtra ,415124,JIO BP Pulse (India),Operational,True,30.0,2,True,2026-04-09T12:54:00Z,2026-04-09T12:54:00Z
484935,Hotel Sangam,17.27376683937693,74.18033478074976,Malkapur,Maharashtra ,415110,Tata Power,Operational,True,30.0,3,True,2026-04-09T12:51:00Z,2026-04-09T12:51:00Z
484933,Sai Restaurant and Cafe,17.225688254216273,74.18004450135562,Nandlapur,Maharashtra ,415539,Zeon Charging,Operational,True,30.0,2,True,2026-04-09T12:48:00Z,2026-04-09T12:48:00Z
484931,HR Resort,17.20688925788464,74.15671570906908,Kale,Maharashtra ,415104,Statiq (IN),Operational,True,30.0,2,True,2026-04-09T12:42:00Z,2026-04-09T12:42:00Z
484930,One Bite Restaurant & Captains Paradise Lodge,17.106772665855054,74.20528463090555,Kedargaon,Maharashtra ,415406,Chargezone (India),Operational,True,30.0,1,True,2026-04-09T12:40:00Z,2026-04-09T12:40:00Z
484929,Jio-BP Mobility Station,16.96074917540507,74.27238858371413,Sangli,Maharashtra ,415403,JIO BP Pulse (India),Operational,True,30.0,2,True,2026-04-09T12:35:00Z,2026-04-09T12:35:00Z
484928,Hotel 7/12 Food Mall,16.86187060364415,74.29702275641802,Kini,Maharashtra ,416112,Chargezone (India),Operational,True,30.0,2,True,2026-04-09T12:33:00Z,2026-04-09T12:33:00Z
484927,Nakshatra Hotel,16.821849058337982,74.28634524546301,Peth Vadgoan,Maharashtra ,416112,(Unknown Operator),Operational,True,30.0,2,True,2026-04-09T12:29:00Z,2026-04-09T12:29:00Z
484926,Jio-BP Mobility Station,16.82115204141675,74.28579030888565,Kolhapur,Maharashtra ,416112,JIO BP Pulse (India),Operational,True,30.0,2,True,2026-04-09T12:26:00Z,2026-04-09T12:26:00Z
484925,Hotel Vanashree Garden,16.745064120638784,74.32510322388913,Kolhapur,Maharashtra ,416005,Adani Gas-EV (TR),Operational,True,30.0,1,True,2026-04-09T12:22:00Z,2026-04-09T12:22:00Z
484924,Konduskar Kia,16.753657471639805,74.27894909933461,Kolhapur,Maharashtra ,416122,Tata Power,Operational,True,45.0,2,True,2026-04-09T12:20:00Z,2026-04-09T12:20:00Z
484923,"Unique Hyundai, Shiroli",16.731324639339437,74.28183031502982,Shiroli,Maharashtra ,416122,Chargezone (India),Operational,True,30.0,2,True,2026-04-09T12:17:00Z,2026-04-09T12:17:00Z
484922,Highway Tadka,15.439496981650441,74.88361551536256,Mugad,Karnataka ,580007,Charge_iN by Mahindra,Operational,True,180.0,4,True,2026-04-09T12:04:00Z,2026-04-09T12:04:00Z
481512,Reliance Mall,16.698876513466676,74.23114174500584,Kolhapur,Maharashtra ,416002,JIO BP Pulse (India),Operational,True,30.0,2,True,2026-04-08T17:30:00Z,2026-04-08T17:30:00Z
481511,Kolhapur Railway Station,16.70295634772825,74.23709668798799,Kolhapur,Maharashtra ,416001,Zeon Charging,Operational,True,30.0,1,True,2026-04-08T17:27:00Z,2026-04-08T17:27:00Z
481510,MAI Hyundai Kolhapur,16.70238664960913,74.25029800499102,Kolhapur,Maharashtra ,416001,Chargezone (India),Operational,True,30.0,2,True,2026-04-08T17:24:00Z,2026-04-08T17:24:00Z
481509,CWC Kolhapur - I,16.702524278100203,74.26649372291912,Kolhapur,Maharashtra ,416005,JIO BP Pulse (India),Operational,True,30.0,2,True,2026-04-08T17:21:00Z,2026-04-08T17:21:00Z
481508,Hotel Jurkis Thali Junction Kolhapur,16.682801730759486,74.27190754847119,Sarnobatwadi,Maharashtra ,416004,Chargezone (India),Operational,True,30.0,1,True,2026-04-08T17:16:00Z,2026-04-08T17:16:00Z
481507,Hotel Purn Kolhapuri,16.62190538834921,74.29599618904076,Kaneriwadi,Maharashtra ,416234,JIO BP Pulse (India),Operational,True,30.0,2,True,2026-04-08T17:13:00Z,2026-04-08T17:13:00Z
481506,Hotel Udupi Grand,16.395447585615557,74.37336389990233,Nipani,Karnataka ,591237,Chargezone (India),Operational,True,30.0,2,True,2026-04-08T17:09:00Z,2026-04-08T17:09:00Z
481505,Regenta Resort Belagavi,15.752744488741397,74.41115324455757,Belagavi,Karnataka ,590018,Zeon Charging,Operational,True,30.0,2,True,2026-04-08T17:04:00Z,2026-04-08T17:04:00Z
481504,Bellad Hyundai,15.463065888347815,74.9774624557773,Dharwad,Karnataka ,580008,Chargezone (India),Operational,True,30.0,2,True,2026-04-08T16:59:00Z,2026-04-08T16:59:00Z
481503,Big Mishra Pedha Hubli-Dharwad Highway,15.394478733061298,75.00854070119784,Hubballi,Karnataka ,580114,Chargezone (India),Operational,True,60.0,5,True,2026-04-08T16:56:00Z,2026-04-08T16:56:00Z
481502,Manickbag Automobiles,15.369551854899184,75.11909436764411,Hubballi,Karnataka ,580031,Tata Power,Operational,True,25.0,2,True,2026-04-08T16:52:00Z,2026-04-08T16:52:00Z
481501,Hotel Punjab Junction,15.184936484038705,75.13612460192677,Agadi,Karnataka ,581207,Tata Power,Operational,True,30.0,2,True,2026-04-08T16:48:00Z,2026-04-08T16:48:00Z
481500,Paakashala @ Chitradurga,14.248879279136355,76.42599146668157,Chitradurga,Karnataka ,577517,Zeon Charging,Operational,True,100.0,8,True,2026-04-08T16:40:00Z,2026-04-08T16:41:00Z
481499,Sri Kamadenu Veg Restaurant,13.61215890500984,76.95345953343492,Karijevnahalli,Karnataka ,572125,Tata Power,Operational,True,30.0,1,True,2026-04-08T16:32:00Z,2026-04-08T16:32:00Z
481498,Shell Recharge Sus Road,18.551668484658936,73.76101557363096,Pune,Maharashtra ,411021,Shell Recharge (IN),Operational,True,30.0,2,True,2026-04-08T15:13:00Z,2026-04-08T15:13:00Z
481497,B4S Baner,18.5534199309817,73.77066239419024,Pune,Maharashtra ,411045,JIO BP Pulse (India),Operational,True,30.0,2,True,2026-04-08T15:12:00Z,2026-04-08T15:12:00Z
481496,"Crystal Kia, Baner",18.557345771328887,73.77053982274862,Pune,Maharashtra ,411069,Tata Power,Operational,True,75.0,2,True,2026-04-08T15:10:00Z,2026-04-08T15:10:00Z
481495,Aditya School,18.56124353052958,73.7812056950576,Pune,Maharashtra ,411069,Zeon Charging,Operational,True,30.0,2,True,2026-04-08T15:09:00Z,2026-04-08T15:09:00Z
481494,Amar Business Zone,18.56414082731241,73.77645742740673,Pune,Maharashtra ,411045,JIO BP Pulse (India),Operational,True,30.0,2,True,2026-04-08T15:07:00Z,2026-04-08T15:07:00Z
481493,Balewadi Charge Park,18.57893575826883,73.76250206523362,Pune,Maharashtra ,411045,GO EC (IN),Operational,True,30.0,2,True,2026-04-08T15:05:00Z,2026-04-08T15:05:00Z
481492,Gaurav Icon Tower,18.59629964353062,73.75599935970514,Pune,Maharashtra ,411057,Chargezone (India),Operational,True,30.0,2,True,2026-04-08T15:02:00Z,2026-04-08T15:02:00Z
481491,MG Motor B.U. Bhandari Showroom,18.599012307937844,73.75415702984328,Pune,Maharashtra ,411057,Statiq (IN),Operational,True,30.0,2,True,2026-04-08T15:00:00Z,2026-04-08T15:00:00Z
481489,Hotel Sayaji Wakad,18.599090985407713,73.75190356008125,Pune,Maharashtra ,411057,Tata Power,Operational,True,30.0,2,True,2026-04-08T14:57:00Z,2026-04-08T14:57:00Z
481488,Garve Hyundai,18.59991835206595,73.7537161148497,Pune,Maharashtra ,411057,Chargezone (India),Operational,True,60.0,2,True,2026-04-08T14:54:00Z,2026-04-08T14:54:00Z
480935,Shell Tathawade,18.61358685499954,73.74883334321919,Pune,Maharashtra ,411033,Shell Recharge (IN),Operational,True,30.0,3,True,2026-04-07T17:18:00Z,2026-04-07T17:18:00Z
480934,"Burger King, Tathawade",18.61652961025573,73.74773834178781,Pune,Maharashtra,411033,Tata Power,Operational,True,25.0,2,True,2026-04-07T17:15:00Z,2026-04-07T17:15:00Z
480933,Tata Motors Tathawade,18.623488205362765,73.74548104644525,Pune,Maharashtra ,411033,Tata Power,Operational,True,25.0,1,True,2026-04-07T17:12:00Z,2026-04-07T17:12:00Z
480932,Sai Darbar Hotel,18.623896266954958,73.74563734187849,Pune,Maharashtra ,411033,Tata Power,Operational,True,30.0,2,True,2026-04-07T17:10:00Z,2026-04-07T17:10:00Z
480931,"Life Republic, Hingewadi",18.62469386315059,73.71614384492979,Pune,Maharashtra ,411057,Tata Power,Operational,True,30.0,3,True,2026-04-07T17:05:00Z,2026-04-07T17:05:00Z
480930,E Fill Electric Charging Station,18.65176177650684,73.73354791594272,Pimpri-Chinchwad,Maharashtra ,412101,JIO BP Pulse (India),Operational,True,30.0,2,True,2026-04-07T16:54:00Z,2026-04-07T16:59:00Z
480439,O by Tamara Trivandrum,8.512700130028037,76.90155717443145,,Kerala,695001,Zeon Charging,Operational,True,7.4,1,False,2026-03-16T13:29:00Z,2026-03-16T13:29:00Z
480438,Mall Of Travancore,8.487399350739054,76.9263865896603,,Kerala,695024,Zeon Charging,Operational,True,120.0,2,True,2026-03-16T13:25:00Z,2026-03-16T13:25:00Z
480437,Al Ameen EVCS,11.083012168233694,76.06846692942781,Malappuram,Kerala,673642,ChargeMod (IN),Operational,True,80.0,3,True,2026-03-16T13:17:00Z,2026-03-16T13:17:00Z
480436,Caritas Hospital,9.643106438770388,76.54978698459388,Thellakom,Kerala,686630,ChargeMod (IN),Operational,True,60.0,2,True,2026-03-16T13:10:00Z,2026-03-16T13:10:00Z
480435,Sihla Energy EVCS,9.265237172773737,76.77803509536034,Pathanamthitta,Kerala,689671,ChargeMod (IN),Operational,True,60.0,3,True,2026-03-16T13:07:00Z,2026-03-16T13:07:00Z
480434,Vandanam Vibe EVCS,9.412054896881273,76.3497681949093,Alappuzha,Kerala,688004,GO EC (IN),Operational,True,30.0,1,True,2026-03-16T12:52:00Z,2026-03-16T12:52:00Z
480433,Thanneermukkom Soorya EVCS,9.651227575066756,76.37388825507924,Thanneermukkom,Kerala,688555,GO EC (IN),Operational,True,60.0,2,True,2026-03-16T12:49:00Z,2026-03-16T12:49:00Z
480432,Chavassery Power Boost EVCS,11.948082439185967,75.61538494401248,Chavassery,Kerala,670702,GO EC (IN),Operational,True,60.0,2,True,2026-03-16T12:41:00Z,2026-03-16T12:41:00Z
480431,Kakkanad Thomas Tower EVCS,10.003099231097394,76.36193325463523,Kakkanad,Kerala,682042,GO EC (IN),Operational,True,90.0,2,True,2026-03-16T12:34:00Z,2026-03-16T12:34:00Z
480430,Vyttila I-Drive EVCS,9.976617428146184,76.3178961221787,Vyttila,Kerala,680019,GO EC (IN),Operational,True,7.4,1,False,2026-03-16T12:32:00Z,2026-03-16T12:32:00Z
480429,Centre Square Mall EVCS,9.977956768136323,76.28359498430041,Kochi,Kerala,682035,GO EC (IN),Operational,True,60.0,3,True,2026-03-16T12:28:00Z,2026-03-16T12:29:00Z
480428,Kadavanthra Hi-Span EVCS,9.966419154275172,76.30020200358149,Elamkulam,Kerala,682020,GO EC (IN),Operational,True,80.0,3,True,2026-03-16T12:23:00Z,2026-03-16T12:23:00Z
480427,Thiruvankulam Thuruthiyil ECVS,9.944941654521244,76.3749542207513,Thiruvankulam,Kerala,682305,GO EC (IN),Operational,True,60.0,2,True,2026-03-16T12:19:00Z,2026-03-16T12:19:00Z
480426,Thiruvankulam Edifice EVCS,9.944357341495845,76.37454932652759,Thiruvankulam,Kerala,682305,GO EC (IN),Operational,True,30.0,1,True,2026-03-16T12:17:00Z,2026-03-16T12:17:00Z
480425,New Central Talkies EVCS,9.932870963002458,76.35402261324248,Thrippunithura,Kerala,682301,GO EC (IN),Operational,True,60.0,4,True,2026-03-16T12:13:00Z,2026-03-16T12:13:00Z
480424,Nucleus Mall EVCS,9.939769327506,76.33084767868081,Thrippunithura,Kerala,682304,GO EC (IN),Operational,True,90.0,4,True,2026-03-16T12:08:00Z,2026-03-16T12:08:00Z
480423,Maradu Crowne Plaza EVCS,9.934295516158258,76.31882007213062,Maradu,Kerala,682304,GO EC (IN),Operational,True,80.0,2,True,2026-03-16T12:06:00Z,2026-03-16T12:06:00Z
480422,Nettoor Royal Drive Smart EVCS,9.928512582134246,76.31755483825702,Nettoor,Kerala,682304,GO EC (IN),Operational,True,90.0,2,True,2026-03-16T12:04:00Z,2026-03-16T12:04:00Z
480421,VPS Lakeshore Hospital EVCS,9.918898936471678,76.31841806447744,Ernakulam ,Kerala,682040,GO EC (IN),Operational,True,80.0,4,True,2026-03-16T12:01:00Z,2026-03-16T12:01:00Z
480420,Wayside Inn EVCS,9.649388802099395,76.33665331046609,Cherthala ,Kerala,688539,GO EC (IN),Operational,True,30.0,1,True,2026-03-16T11:58:00Z,2026-03-16T11:58:00Z
480419,Kanjikuzhy Silver Sand EVCS,9.609362414766593,76.32996533541757,Kanjikuzhi,Kerala,688523,GO EC (IN),Operational,True,80.0,2,True,2026-03-16T11:55:00Z,2026-03-16T11:55:00Z
480418,CGH Coconut Lagoon,9.629063772891357,76.42994325927907,Kumarakom,Kerala,686563,GO EC (IN),Operational,True,7.4,1,False,2026-03-16T11:51:00Z,2026-03-16T11:51:00Z
480417,Manipuzha Lazza EVCS,9.568985392581737,76.5196765497044,Kottayam,Kerala,686001,GO EC (IN),Operational,True,7.4,1,False,2026-03-16T11:47:00Z,2026-03-16T11:47:00Z
480416,Changanassery Kohinoor EVCS,9.467585942191349,76.529836167442,Changanassery ,Kerala,686103,GO EC (IN),Operational,True,80.0,2,True,2026-03-16T11:32:00Z,2026-03-16T11:32:00Z
480415,Changanassery Chaitanya Greem,9.43275347373934,76.54375728229024,Changanassery ,Kerala,686102,GO EC (IN),Operational,True,60.0,2,True,2026-03-16T11:27:00Z,2026-03-16T11:27:00Z
480414,TK Road Power Park EVCS,9.38581270425044,76.61916026110157,Thiruvalla ,Kerala,689541,GO EC (IN),Operational,True,60.0,2,True,2026-03-16T11:22:00Z,2026-03-16T11:22:00Z
480413,Kaviyoor M Point EVCS,9.3906625417263,76.6072280975178,Thiruvalla,Kerala,689582,GO EC (IN),Operational,True,80.0,2,True,2026-03-16T11:20:00Z,2026-03-16T11:20:00Z
480412,SR Commercial Centre EVCS,9.253682399563758,76.58650166246048,Mavelikkara,Kerala,690509,GO EC (IN),Operational,True,80.0,2,True,2026-03-16T11:16:00Z,2026-03-16T11:16:00Z
480411,Haripad Saugandhika EVCS,9.266620588627518,76.46132375899651,Haripad,Kerala,690513,GO EC (IN),Operational,True,80.0,2,True,2026-03-16T11:11:00Z,2026-03-16T11:16:00Z
480410,Karunagappally Energy Spot,9.059438002693,76.53579910806559,Karunagapally,Kerala,690518,GO EC (IN),Operational,True,80.0,2,True,2026-03-16T11:07:00Z,2026-03-16T11:07:00Z
480409,Karunagappally Memories Inn,9.089815631359244,76.5272522393791,Karunagapally,Kerala,690544,GO EC (IN),Operational,True,80.0,2,True,2026-03-16T11:04:00Z,2026-03-16T11:04:00Z
480408,Ochira Merit EVCS,9.119213418338845,76.51867061239898,Ochira,Kerala,690528,GO EC (IN),Operational,True,120.0,2,True,2026-03-16T11:01:00Z,2026-03-16T11:01:00Z
480407,Power Plus EVCS,9.168893147180441,76.71631290057576,Adoor,Kerala,689518,GO EC (IN),Operational,True,80.0,2,True,2026-03-16T10:57:00Z,2026-03-16T10:57:00Z
480406,Pathanapuram Anjana EVCS,9.096268712020645,76.84666890396215,Pathanapuram,Kerala,691524,GO EC (IN),Operational,True,60.0,3,True,2026-03-16T10:54:00Z,2026-03-16T10:54:00Z
480405,Kallambalam Power Bay EVCS,8.756819929206785,76.79358309071404,Thiruvananthapuram ,Kerala,695603,GO EC (IN),Operational,True,30.0,1,True,2026-03-16T10:51:00Z,2026-03-16T10:51:00Z
480404,Pulimath Maram Chai Cafe EVCS,8.746709854174853,76.89821761212352,Thiruvananthapuram ,Kerala,695600,GO EC (IN),Operational,True,80.0,2,True,2026-03-16T10:49:00Z,2026-03-16T10:49:00Z
480403,Nedumangad KFC EVCS,8.604154390902394,76.99784557219118,Nedumangad,Kerala,695544,GO EC (IN),Operational,True,60.0,2,True,2026-03-16T10:45:00Z,2026-08-29T04:16:00Z
480402,RashMishi DLF South Court,28.527351121599693,77.22113007205314,NewDelhi,Delhi,110017,(Unknown Operator),Operational,True,60.0,2,True,2026-03-16T09:31:00Z,2026-03-19T09:32:00Z
479727,Nikol EV Charging station ,18.717181904569728,74.18292088190788,Pune,,411014,(Unknown Operator),Operational,True,80.0,2,True,2026-03-03T08:28:00Z,2026-03-06T08:32:00Z
479445,Blaze Fast Charger For 2 Ev Wheeler ,17.340475789422385,78.54539549782817,Lb Nagar ,Telangana ,,Bolt.Earth (IN),Operational,True,3.0,1,False,2026-02-28T14:42:00Z,2026-03-03T14:43:00Z
479438,Tata Power Charging Station,22.2869608,86.7909833,,Odisha,,,Operational,True,25.0,1,False,2026-02-28T08:13:00Z,2026-03-01T09:24:00Z
479437,Hindustan Petroleum Corporation Limited Charging Station,22.4497441,86.59494370000002,,Odisha,,,Operational,True,30.0,2,False,2026-02-28T08:13:00Z,2026-03-01T09:24:00Z
479436,Hindustan Petroleum Corporation Limited,22.4498584,86.5950411,,Odisha,,,Operational,True,,1,False,2026-02-28T08:13:00Z,2026-03-01T09:24:00Z
479435,Jio-bp,22.140249999999998,85.71265,,Odisha,,,Operational,True,7.4,1,False,2026-02-28T08:13:00Z,2026-03-01T09:24:00Z
479434,Jio-bp,22.0015401,85.3279801,,Odisha,,,Operational,True,7.4,1,False,2026-02-28T08:13:00Z,2026-03-01T09:24:00Z
479433,Ather Grid Charging Station,22.243665999999997,84.827354,,Odisha,,,Operational,True,1.100000023841858,3,False,2026-02-28T08:13:00Z,2026-03-01T09:24:00Z
479432,Ather Grid Charging Station,22.23666,84.77015,,Odisha,,,Operational,True,1.100000023841858,1,False,2026-02-28T08:13:00Z,2026-03-01T09:24:00Z
479431,Ather Grid Charging Station,22.226704599999998,84.8641165,,Odisha,,,Operational,True,1.100000023841858,1,False,2026-02-28T08:13:00Z,2026-03-01T09:24:00Z
479430,Tata Power Charging Station,22.2268099,84.79603639999999,,Odisha,,,Operational,True,25.0,1,False,2026-02-28T08:13:00Z,2026-03-01T09:24:00Z
479429,Ather Charging Station,22.2278125,84.81838739999999,,Odisha,,,Operational,True,1.100000023841858,2,False,2026-02-28T08:13:00Z,2026-03-01T09:24:00Z
479428,Ather charging station,22.1040381,84.0375432,,Odisha,,,Operational,True,1.1,1,False,2026-02-28T08:13:00Z,2026-03-01T09:24:00Z
479427,Jio-bp,22.1100379,83.99531890000002,,Odisha,,,Operational,True,7.4,1,False,2026-02-28T08:13:00Z,2026-03-01T09:24:00Z
479426,Ather Grid Charging Station,22.105083,84.03789499999999,,Odisha,,,Operational,True,1.100000023841858,1,False,2026-02-28T08:13:00Z,2026-03-01T09:24:00Z
479425,Tata Power Charging Station,21.762953,87.010724,,Odisha,,,Operational,True,3.299999952316284,1,False,2026-02-28T08:13:00Z,2026-03-01T09:24:00Z
479424,Ather Grid Charging Station,21.940046,86.74460599999999,,Odisha,,,Operational,True,1.1,1,False,2026-02-28T08:13:00Z,2026-03-01T09:24:00Z
479423,WARIVO ELECTRIC SCOOTER SHOWROOM -PREMJIT MOTORS BARIPADA,21.9265285,86.7319555,,Odisha,,,Operational,True,,1,False,2026-02-28T08:12:00Z,2026-03-01T09:24:00Z
479422,Ather Grid Charging Station,21.909101,86.751335,,Odisha,,,Operational,True,1.100000023841858,1,False,2026-02-28T08:12:00Z,2026-03-01T09:24:00Z
479421,Electric Vehicle Charging Station,21.8057616,85.9951672,,Odisha,,,Operational,True,,1,False,2026-02-28T08:12:00Z,2026-03-01T09:24:00Z
479420,Ather Grid Charging Station,21.852719999999998,83.99909,,Odisha,,,Operational,True,1.100000023841858,1,False,2026-02-28T08:12:00Z,2026-03-01T09:24:00Z
479419,Tata Power Charging Station,21.86703,83.966208,,Odisha,,,Operational,True,25.0,1,False,2026-02-28T08:12:00Z,2026-03-01T09:24:00Z
479418,Ather Grid Charging Station,21.917408,83.38266,,Odisha,,,Operational,True,1.100000023841858,1,False,2026-02-28T08:12:00Z,2026-03-01T09:24:00Z
479417,Tata Power Charging Station,21.920673999999998,83.37071399999999,,Odisha,,,Operational,True,25.0,1,False,2026-02-28T08:12:00Z,2026-03-01T09:24:00Z
479416,BPCL Charging Station,21.872868999999998,83.38834899999999,,Odisha,,,Operational,True,30.0,1,False,2026-02-28T08:12:00Z,2026-03-01T09:24:00Z
479415,Ankush Vehicles,21.8485001,82.7791088,,Odisha,,,Operational,True,,1,False,2026-02-28T08:12:00Z,2026-03-01T09:24:00Z
479414,CharjKaro Charging Station,21.8069144,82.75252929999999,,Odisha,,,Operational,True,60.0,2,False,2026-02-28T08:12:00Z,2026-03-01T09:24:00Z
479413,BPCL Charging Station,21.864104299999997,82.4621088,,Odisha,,,Operational,True,30.0,1,False,2026-02-28T08:12:00Z,2026-03-01T09:24:00Z
479412,Electric Vehicle Charging Station,21.8833782,82.1504942,,Odisha,,,Operational,True,,1,False,2026-02-28T08:12:00Z,2026-03-01T09:24:00Z
479411,BPCL Charging Station,21.734158,81.535732,,Odisha,,,Operational,True,30.0,1,False,2026-02-28T08:12:00Z,2026-03-01T09:24:00Z
479410,Jio-bp pulse Charging Station,21.592751,87.02058799999999,,Odisha,,,Operational,True,7.4,1,False,2026-02-28T08:12:00Z,2026-03-01T09:24:00Z
479409,Jio-bp pulse Charging Station,21.5926108,87.0205579,,Odisha,,,Operational,True,7.4,1,False,2026-02-28T08:12:00Z,2026-03-01T09:24:00Z
479408,Electric Vehicle Charging Station,21.593016600000002,87.02072849999999,,Odisha,,,Operational,True,,1,False,2026-02-28T08:12:00Z,2026-03-01T09:24:00Z
479407,Ather Grid Charging Station,21.481623,86.9069,,Odisha,,,Operational,True,1.100000023841858,3,False,2026-02-28T08:12:00Z,2026-03-01T09:24:00Z
479406,Ather Charging Station,21.49872,86.93108,,Odisha,,,Operational,True,1.100000023841858,2,False,2026-02-28T08:12:00Z,2026-03-01T09:24:00Z
479405,Electric Vehicle Charging Station,21.5746535,87.09849589999999,,Odisha,,,Operational,True,,1,False,2026-02-28T08:12:00Z,2026-03-01T09:24:00Z
479404,Tata Power Charging Station,21.479922,86.904904,,Odisha,,,Operational,True,30.0,1,False,2026-02-28T08:12:00Z,2026-03-01T09:24:00Z
479403,Ather Charging Station,21.5064591,86.911091,,Odisha,,,Operational,True,1.100000023841858,1,False,2026-02-28T08:11:00Z,2026-03-01T09:24:00Z
479402,Tata Power Charging Station,21.4978274,86.8896469,,Odisha,,,Operational,True,30.0,1,False,2026-02-28T08:11:00Z,2026-03-01T09:24:00Z
479401,Tata Power Charging Station,21.548809,85.494006,,Odisha,,,Operational,True,7.400000095367432,1,False,2026-02-28T08:11:00Z,2026-03-01T09:24:00Z
479400,Ather Grid Charging Station,21.6324613,85.5907884,,Odisha,,,Operational,True,1.100000023841858,1,False,2026-02-28T08:11:00Z,2026-03-01T09:24:00Z
479399,Electric Vehicle Charging Station,21.5490869,85.49427089999999,,Odisha,,,Operational,True,,1,False,2026-02-28T08:11:00Z,2026-03-01T09:24:00Z
479398,Ather Charging Station,21.651429999999998,85.59394999999999,,Odisha,,,Operational,True,1.100000023841858,1,False,2026-02-28T08:11:00Z,2026-03-01T09:24:00Z
479397,Ather Grid Charging Station,21.491887,83.9860082,,Odisha,,,Operational,True,1.100000023841858,1,False,2026-02-28T08:11:00Z,2026-03-01T09:24:00Z
479396,Ather Grid Charging Station,21.467634,83.97726399999999,,Odisha,,,Operational,True,1.100000023841858,2,False,2026-02-28T08:11:00Z,2026-03-01T09:24:00Z
479395,Tata Power Charging Station,21.5106163,84.00592019999999,,Odisha,,,Operational,True,30.0,1,False,2026-02-28T08:11:00Z,2026-03-01T09:24:00Z
479394,Ather Charging Station,21.49525,83.97572,,Odisha,,,Operational,True,1.100000023841858,1,False,2026-02-28T08:11:00Z,2026-03-01T09:24:00Z
479393,Tata Power Charging Station,21.501024899999997,83.89131309999999,,Odisha,,,Operational,True,30.0,4,False,2026-02-28T08:11:00Z,2026-03-01T09:24:00Z
479392,BPCL Charging Station,21.494135,83.98228999999999,,Odisha,,,Operational,True,30.0,1,False,2026-02-28T08:11:00Z,2026-03-01T09:24:00Z
479391,Jio-bp,21.6326653,82.15920369999999,,Odisha,,,Operational,True,7.4,1,False,2026-02-28T08:11:00Z,2026-03-01T09:24:00Z
479390,Jio-bp,21.550269999999998,81.94745999999999,,Odisha,,,Operational,True,7.4,1,False,2026-02-28T08:11:00Z,2026-03-01T09:24:00Z
479389,Ather Grid Charging Station,21.51608,81.69389,,Odisha,,,Operational,True,1.100000023841858,2,False,2026-02-28T08:11:00Z,2026-03-01T09:24:00Z
479388,PRATIK E RICKSHAW,21.7025644,81.5427175,,Odisha,,,Operational,True,,1,False,2026-02-28T08:11:00Z,2026-03-01T09:24:00Z
479387,Ather Grid Charging Station,21.697687,81.54614,,Odisha,,,Operational,True,1.100000023841858,1,False,2026-02-28T08:11:00Z,2026-03-01T09:24:00Z
479386,Tata Power Charging Station,21.63401,81.62389,,Odisha,,,Operational,True,30.0,1,False,2026-02-28T08:11:00Z,2026-03-01T09:24:00Z
479385,BPCL Charging Station,21.5166085,81.69392789999999,,Odisha,,,Operational,True,30.0,1,False,2026-02-28T08:11:00Z,2026-03-01T09:24:00Z
479384,Jio-bp pulse Charging Station,21.317263999999998,86.725105,,Odisha,,,Operational,True,7.4,1,False,2026-02-28T08:11:00Z,2026-03-01T09:24:00Z
479383,Electric Vehicle Charging Station,21.2845369,86.67497949999999,,Odisha,,,Operational,True,,1,False,2026-02-28T08:11:00Z,2026-03-01T09:24:00Z
479382,BPCL Charging Station,21.3825286,86.79633,,Odisha,,,Operational,True,30.0,1,False,2026-02-28T08:10:00Z,2026-03-01T09:24:00Z
479381,BPCL Charging Station,21.358081,86.78445099999999,,Odisha,,,Operational,True,30.0,1,False,2026-02-28T08:10:00Z,2026-03-01T09:24:00Z
479380,Electric Vehicle Charging Station,21.2216615,86.1190697,,Odisha,,,Operational,True,,1,False,2026-02-28T08:10:00Z,2026-03-01T09:24:00Z
479379,Ather Grid Charging Station,21.200249,86.12389,,Odisha,,,Operational,True,1.100000023841858,1,False,2026-02-28T08:10:00Z,2026-03-01T09:24:00Z
479378,BPCL Charging Station,21.3652959,83.7440391,,Odisha,,,Operational,True,30.0,1,False,2026-02-28T08:10:00Z,2026-03-01T09:24:00Z
479377,BPCL Charging Station,21.314256999999998,83.45897819999999,,Odisha,,,Operational,True,30.0,1,False,2026-02-28T08:10:00Z,2026-03-01T09:24:00Z
479376,BPCL Charging Station,21.312703799999998,83.3128902,,Odisha,,,Operational,True,30.0,1,False,2026-02-28T08:10:00Z,2026-03-01T09:24:00Z
479375,BPCL Charging Station,21.314738,83.30917099999999,,Odisha,,,Operational,True,30.0,1,False,2026-02-28T08:10:00Z,2026-03-01T09:24:00Z
479374,Adani Charging Station,21.296246,82.921301,,Odisha,,,Operational,True,60.0,3,False,2026-02-28T08:10:00Z,2026-03-01T09:24:00Z
479373,Ather Grid Charging Station,21.323919999999998,81.7012,,Odisha,,,Operational,True,1.1,1,False,2026-02-28T08:10:00Z,2026-03-01T09:24:00Z
479372,Electric Vehicle Charging Station,21.202065599999997,81.9192961,,Odisha,,,Operational,True,,1,False,2026-02-28T08:10:00Z,2026-03-01T09:24:00Z
479371,BPCL Charging Station,21.205784500000004,81.872112,,Odisha,,,Operational,True,30.0,1,False,2026-02-28T08:10:00Z,2026-03-01T09:24:00Z
479370,Jio-bp,21.302802699999997,81.7368091,,Odisha,,,Operational,True,7.4,1,False,2026-02-28T08:10:00Z,2026-03-01T09:24:00Z
479369,Electric Vehicle Charging Station,21.2182526,81.6301313,,Odisha,,,Operational,True,,1,False,2026-02-28T08:10:00Z,2026-03-01T09:24:00Z
479368,NIKOL EV Charging Station,21.3173134,81.63971839999999,,Odisha,,,Operational,True,,1,False,2026-02-28T08:10:00Z,2026-03-01T09:24:00Z
479367,Tata Power Charging Station,21.2377887,81.6896835,,Odisha,,,Operational,True,30.0,1,False,2026-02-28T08:10:00Z,2026-03-01T09:24:00Z
479366,BPCL Charging Station,21.2495941,81.523425,,Odisha,,,Operational,True,30.0,1,False,2026-02-28T08:10:00Z,2026-03-01T09:24:00Z
479365,Jio-bp,21.341343,81.429919,,Odisha,,,Operational,True,7.4,1,False,2026-02-28T08:10:00Z,2026-03-01T09:24:00Z
479364,BPCL Charging Station,21.364805999999998,81.66376439999999,,Odisha,,,Operational,True,30.0,1,False,2026-02-28T08:10:00Z,2026-03-01T09:24:00Z
479363,Ather Grid Charging Station,21.2416455,81.4959004,,Odisha,,,Operational,True,1.100000023841858,1,False,2026-02-28T08:09:00Z,2026-03-01T09:24:00Z
479362,BPCL Charging Station,21.335393999999997,81.62172699999999,,Odisha,,,Operational,True,30.0,1,False,2026-02-28T08:09:00Z,2026-03-01T09:24:00Z
479361,Tata Power Charging Station,21.2404095,81.6577801,,Odisha,,,Operational,True,7.4,1,False,2026-02-28T08:09:00Z,2026-03-01T09:24:00Z
479360,Ather Grid Charging Station,21.2444126,81.607608,,Odisha,,,Operational,True,1.1,1,False,2026-02-28T08:09:00Z,2026-03-01T09:24:00Z
479359,BPCL Charging Station,21.315832999999998,81.639605,,Odisha,,,Operational,True,30.0,1,False,2026-02-28T08:09:00Z,2026-03-01T09:24:00Z
479358,Laxmi E Bike Solution,21.2346227,81.6644444,,Odisha,,,Operational,True,,1,False,2026-02-28T08:09:00Z,2026-03-01T09:24:00Z
479357,Ather Grid Charging Station,21.2404001,81.6029695,,Odisha,,,Operational,True,1.100000023841858,1,False,2026-02-28T08:09:00Z,2026-03-01T09:24:00Z
479356,BPCL Charging Station,21.24332,81.579622,,Odisha,,,Operational,True,30.0,1,False,2026-02-28T08:09:00Z,2026-03-01T09:24:00Z
479355,Electric Vehicle Charging Station,21.2350671,81.6309002,,Odisha,,,Operational,True,70.0,2,False,2026-02-28T08:09:00Z,2026-03-01T09:24:00Z
479354,Ather Charging Station,21.244000399999997,81.6347188,,Odisha,,,Operational,True,1.1,1,False,2026-02-28T08:09:00Z,2026-03-01T09:24:00Z
479353,Ather Charging Station,21.225600999999997,81.6560523,,Odisha,,,Operational,True,1.100000023841858,2,False,2026-02-28T08:09:00Z,2026-03-01T09:24:00Z
479352,Tata Power Charging Station,21.255368300000004,81.62945309999999,,Odisha,,,Operational,True,30.0,2,False,2026-02-28T08:09:00Z,2026-03-01T09:24:00Z
479351,Ather Grid Charging Station,21.2402071,81.6843083,,Odisha,,,Operational,True,1.100000023841858,1,False,2026-02-28T08:09:00Z,2026-03-01T09:24:00Z
479350,Ola Charging Station,21.2395532,81.67767140000001,,Odisha,,,Operational,True,30.0,1,False,2026-02-28T08:09:00Z,2026-03-01T09:24:00Z
479349,Bolt.Earth,21.0984032,86.52668419999999,,Odisha,,,Operational,True,7.4,1,False,2026-02-28T08:09:00Z,2026-03-01T09:24:00Z
479348,Ather Grid Charging Station,21.071771,86.49831999999999,,Odisha,,,Operational,True,1.100000023841858,1,False,2026-02-28T08:09:00Z,2026-03-01T09:24:00Z
479347,Jio-bp pulse Charging Station,21.070288100000003,86.4970845,,Odisha,,,Operational,True,7.4,1,False,2026-02-28T08:09:00Z,2026-03-01T09:24:00Z
479346,Jio-bp pulse Charging Station,20.9758779,86.4012231,,Odisha,,,Operational,True,7.4,1,False,2026-02-28T08:09:00Z,2026-03-01T09:24:00Z
479345,Tata Power Charging Station,21.069810000000004,86.496256,,Odisha,,,Operational,True,30.0,1,False,2026-02-28T08:09:00Z,2026-03-01T09:24:00Z
479344,Ather Grid Charging Station,21.104305,86.532646,,Odisha,,,Operational,True,1.1,1,False,2026-02-28T08:09:00Z,2026-03-01T09:24:00Z
479343,Ather Grid Charging Station,20.9362048,86.1646624,,Odisha,,,Operational,True,1.100000023841858,1,False,2026-02-28T08:08:00Z,2026-03-01T09:24:00Z
479342,Tata Power Charging Station,20.918958699999997,86.2169684,,Odisha,,,Operational,True,25.0,1,False,2026-02-28T08:08:00Z,2026-03-01T09:24:00Z
479341,Electric Vehicle Charging Station,20.986724199999998,85.98919599999999,,Odisha,,,Operational,True,,1,False,2026-02-28T08:08:00Z,2026-03-01T09:24:00Z
479340,Tata Power Charging Station,20.9502562,85.989753,,Odisha,,,Operational,True,7.4,1,False,2026-02-28T08:08:00Z,2026-03-01T09:24:00Z
479339,BPCL Charging Station,21.068530799999998,82.3617326,,Odisha,,,Operational,True,30.0,1,False,2026-02-28T08:08:00Z,2026-03-01T09:24:00Z
479338,EESL Charging Station,21.163620599999998,81.78835800000002,,Odisha,,,Operational,True,,1,False,2026-02-28T08:08:00Z,2026-03-01T09:24:00Z
479337,Tata Power Charging Station,21.161282099999998,81.796672,,Odisha,,,Operational,True,7.4,1,False,2026-02-28T08:08:00Z,2026-03-01T09:24:00Z
479336,EESL Charging Station,21.161336799999997,81.7964476,,Odisha,,,Operational,True,,1,False,2026-02-28T08:08:00Z,2026-03-01T09:24:00Z
479335,BPCL Charging Station,21.0784588,81.7518659,,Odisha,,,Operational,True,30.0,1,False,2026-02-28T08:08:00Z,2026-03-01T09:24:00Z
479334,Ather Grid Charging Station,21.134089499999998,81.7723539,,Odisha,,,Operational,True,1.100000023841858,1,False,2026-02-28T08:08:00Z,2026-03-01T09:24:00Z
479333,BPCL Charging Station,21.0435101,81.7320747,,Odisha,,,Operational,True,30.0,1,False,2026-02-28T08:08:00Z,2026-03-01T09:24:00Z
479332,Om sai corporation e rickshaw,21.047829399999998,81.53317779999999,,Odisha,,,Operational,True,,1,False,2026-02-28T08:08:00Z,2026-03-01T09:24:00Z
479331,Electric Vehicle Charging Station,21.035982,81.54613220000002,,Odisha,,,Not Operational,False,,1,False,2026-02-28T08:08:00Z,2026-03-01T09:24:00Z
479330,Electric Vehicle Charging Station,21.0161093,81.7029005,,Odisha,,,Operational,True,,600,False,2026-02-28T08:08:00Z,2026-03-01T09:24:00Z
479329,Hindustan Petroleum Corporation Limited,20.838154,86.30842299999999,,Odisha,,,Operational,True,,1,False,2026-02-28T08:08:00Z,2026-03-01T09:24:00Z
479328,Ather Grid Charging Station,20.703937099999997,86.1341964,,Odisha,,,Operational,True,1.100000023841858,1,False,2026-02-28T08:08:00Z,2026-03-01T09:24:00Z
479327,Jio-bp pulse Charging Station,20.752399,86.150857,,Odisha,,,Operational,True,7.4,1,False,2026-02-28T08:08:00Z,2026-03-01T09:24:00Z
479326,Electric Vehicle Charging Station,20.6581671,86.11731379999999,,Odisha,,,Operational,True,,1,False,2026-02-28T08:08:00Z,2026-03-01T09:24:00Z
479325,Ampere EV by Greaves - Green Wheels,20.694237899999997,86.1328793,,Odisha,,,Operational,True,,1,False,2026-02-28T08:08:00Z,2026-03-01T09:24:00Z
479324,BPCL Charging Station,20.656229,86.112809,,Odisha,,,Operational,True,30.0,1,False,2026-02-28T08:08:00Z,2026-03-01T09:24:00Z
479323,Ather Grid Charging Station,20.669519899999997,85.5922933,,Odisha,,,Operational,True,1.100000023841858,1,False,2026-02-28T08:07:00Z,2026-03-01T09:24:00Z
479322,Jio-bp,20.8014756,85.5434702,,Odisha,,,Operational,True,7.4,1,False,2026-02-28T08:07:00Z,2026-03-01T09:24:00Z
479321,Tata Power Charging Station,20.8317557,85.24166029999999,,Odisha,,,Operational,True,25.0,1,False,2026-02-28T08:07:00Z,2026-03-01T09:24:00Z
479320,Thunder Plus Charging Station,20.8317352,85.2416586,,Odisha,,,Operational,True,15.0,1,False,2026-02-28T08:07:00Z,2026-03-01T09:24:00Z
479319,Tata Power Ez Charging Station,20.832793199999998,85.23828859999999,,Odisha,,,Operational,True,30.0,1,False,2026-02-28T08:07:00Z,2026-03-01T09:24:00Z
479318,Ather Grid Charging Station,20.832794,85.085236,,Odisha,,,Operational,True,1.100000023841858,1,False,2026-02-28T08:07:00Z,2026-03-01T09:24:00Z
479317,Tata Power Charging Station,20.8450685,85.1162026,,Odisha,,,Operational,True,30.0,2,False,2026-02-28T08:07:00Z,2026-03-01T09:24:00Z
479316,Hindustan Petroleum Corporation Limited Charging Station,20.8235109,85.0620926,,Odisha,,,Operational,True,30.0,1,False,2026-02-28T08:07:00Z,2026-03-01T09:24:00Z
479315,Hindustan Petroleum Corporation Limited,20.8234079,85.06204989999999,,Odisha,,,Operational,True,,1,False,2026-02-28T08:07:00Z,2026-03-01T09:24:00Z
479314,Jio-bp,20.80489,84.03399,,Odisha,,,Operational,True,7.4,1,False,2026-02-28T08:07:00Z,2026-03-01T09:24:00Z
479313,Electric Vehicle Charging Station,20.857754099999998,83.94418209999999,,Odisha,,,Operational,True,,1,False,2026-02-28T08:07:00Z,2026-03-01T09:24:00Z
479312,Electric Vehicle Charging Station,20.8471861,83.89413499999999,,Odisha,,,Operational,True,,1,False,2026-02-28T08:07:00Z,2026-03-01T09:24:00Z
479311,Tata Power Charging Station,20.7425344,81.5791428,,Odisha,,,Operational,True,30.0,1,False,2026-02-28T08:07:00Z,2026-03-01T09:24:00Z
479310,BPCL Charging Station,20.817085,81.68281019999999,,Odisha,,,Operational,True,30.0,1,False,2026-02-28T08:07:00Z,2026-03-01T09:24:00Z
479309,Ather Grid Charging Station,20.5307153,86.3579333,,Odisha,,,Operational,True,1.100000023841858,1,False,2026-02-28T08:07:00Z,2026-03-01T09:24:00Z
479308,kesannager electric office,20.4209459,86.0903038,,Odisha,,,Operational,True,,1,False,2026-02-28T08:07:00Z,2026-03-01T09:24:00Z
479307,Adani Charging Station,20.482358899999998,86.0581588,,Odisha,,,Operational,True,7.4,1,False,2026-02-28T08:07:00Z,2026-03-01T09:24:00Z
479306,Tata Power Charging Station,20.3702497,85.8909745,,Odisha,,,Operational,True,25.0,1,False,2026-02-28T08:07:00Z,2026-03-01T09:24:00Z
479305,Ather Grid Charging Station,20.491885999999997,85.93527,,Odisha,,,Operational,True,1.1,1,False,2026-02-28T08:07:00Z,2026-03-01T09:24:00Z
479304,Ather Grid Charging Station,20.4791192,85.8398223,,Odisha,,,Not Operational,False,1.1,1,False,2026-02-28T08:07:00Z,2026-03-01T09:24:00Z
479303,Tata Power Charging Station,20.529315999999998,85.949237,,Odisha,,,Operational,True,25.0,1,False,2026-02-28T08:06:00Z,2026-03-01T09:24:00Z
479302,Ather Grid Charging Station,20.453737,85.88848999999999,,Odisha,,,Operational,True,1.100000023841858,1,False,2026-02-28T08:06:00Z,2026-03-01T09:24:00Z
479301,Electric Vehicle Charging Station,20.4116317,85.8794133,,Odisha,,,Operational,True,,1,False,2026-02-28T08:06:00Z,2026-03-01T09:24:00Z
479300,Tata Power Charging Station,20.481787,85.81721300000001,,Odisha,,,Operational,True,25.0,1,False,2026-02-28T08:06:00Z,2026-03-01T09:24:00Z
479299,Ather Grid Charging Station,20.4497938,85.8982001,,Odisha,,,Operational,True,1.1,1,False,2026-02-28T08:06:00Z,2026-03-01T09:24:00Z
479298,Ather Grid Charging Station,20.469631,85.85469,,Odisha,,,Operational,True,1.100000023841858,1,False,2026-02-28T08:06:00Z,2026-03-01T09:24:00Z
479297,Ather Grid Charging Station,20.460117,85.88938,,Odisha,,,Operational,True,1.100000023841858,1,False,2026-02-28T08:06:00Z,2026-03-01T09:24:00Z
479296,Ather Grid Charging Station,20.442349999999998,85.90481,,Odisha,,,Operational,True,1.1,1,False,2026-02-28T08:06:00Z,2026-03-01T09:24:00Z
479295,Bal Gopal Motors,20.4551603,85.88665549999999,,Odisha,,,Operational,True,,1,False,2026-02-28T08:06:00Z,2026-03-01T09:24:00Z
479294,Ather Charging Station,20.446043,85.9069427,,Odisha,,,Operational,True,1.1,1,False,2026-02-28T08:06:00Z,2026-03-01T09:24:00Z
479293,Ather Grid Charging Station,20.4660615,85.9053606,,Odisha,,,Operational,True,1.1,1,False,2026-02-28T08:06:00Z,2026-03-01T09:24:00Z
479292,Ather Grid Charging Station,20.474403,85.84479979999999,,Odisha,,,Operational,True,1.100000023841858,1,False,2026-02-28T08:06:00Z,2026-03-01T09:24:00Z
479291,Tata Power Charging Station,20.4051611,85.8798077,,Odisha,,,Operational,True,25.0,2,False,2026-02-28T08:06:00Z,2026-03-01T09:24:00Z
479290,Jio-bp pulse Charging Station,20.5506603,85.774418,,Odisha,,,Operational,True,7.4,1,False,2026-02-28T08:06:00Z,2026-03-01T09:24:00Z
479289,Ather Grid Charging Station,20.4621758,85.8837439,,Odisha,,,Operational,True,1.100000023841858,1,False,2026-02-28T08:06:00Z,2026-03-01T09:24:00Z
479288,Jio-bp pulse EV Charging Station,20.3770148,85.8893793,,Odisha,,,Operational,True,7.4,1,False,2026-02-28T08:06:00Z,2026-03-01T09:24:00Z
479287,Hindustan Petroleum Corporation Limited,20.5512697,85.98549589999999,,Odisha,,,Operational,True,,1,False,2026-02-28T08:06:00Z,2026-03-01T09:24:00Z
479286,Hindustan Petroleum Corporation Limited,20.289510099999998,86.6453834,,Odisha,,,Operational,True,,1,False,2026-02-28T08:06:00Z,2026-03-01T09:24:00Z
479285,Tata Power Charging Station,20.307243,86.320751,,Odisha,,,Operational,True,25.0,1,False,2026-02-28T08:06:00Z,2026-03-01T09:24:00Z
479284,Ather Grid Charging Station,20.260697399999998,86.20164369999999,,Odisha,,,Operational,True,1.100000023841858,2,False,2026-02-28T08:05:00Z,2026-03-01T09:24:00Z
479283,BPCL Charging Station,20.193901,85.85999199999999,,Odisha,,,Operational,True,30.0,1,False,2026-02-28T08:05:00Z,2026-03-01T09:24:00Z
479282,Electric Vehicle Charging Station,20.289134999999998,85.8152489,,Odisha,,,Operational,True,,1,False,2026-02-28T08:05:00Z,2026-03-01T09:24:00Z
479281,Ather Grid Charging Station,20.315431999999998,85.82054,,Odisha,,,Not Operational,False,1.100000023841858,1,False,2026-02-28T08:05:00Z,2026-03-01T09:24:00Z
479280,Adani Charging Station,20.3570179,85.88882029999999,,Odisha,,,Operational,True,60.0,5,False,2026-02-28T08:05:00Z,2026-03-01T09:24:00Z
479279,Ather Grid Charging Station,20.256187,85.78683749999999,,Odisha,,,Operational,True,1.100000023841858,2,False,2026-02-28T08:05:00Z,2026-03-01T09:24:00Z
479278,Ather Grid Charging Station,20.2614172,85.84389929999999,,Odisha,,,Operational,True,1.100000023841858,1,False,2026-02-28T08:05:00Z,2026-03-01T09:24:00Z
479277,Tata Power Charging Station,20.299550099999998,85.8309735,,Odisha,,,Operational,True,30.0,1,False,2026-02-28T08:05:00Z,2026-03-01T09:24:00Z
479276,Statiq Charging Station,20.2914763,85.8560122,,Odisha,,,Operational,True,60.0,2,False,2026-02-28T08:05:00Z,2026-03-01T09:24:00Z
479275,Ather Grid Charging Station,20.2669537,85.8694239,,Odisha,,,Operational,True,1.100000023841858,1,False,2026-02-28T08:05:00Z,2026-03-01T09:24:00Z
479274,Ather Charging Station,20.2640837,85.8457679,,Odisha,,,Operational,True,1.100000023841858,1,False,2026-02-28T08:05:00Z,2026-03-01T09:24:00Z
479273,Statiq Charging Station,20.245772,85.78304299999999,,Odisha,,,Operational,True,60.0,2,False,2026-02-28T08:05:00Z,2026-03-01T09:24:00Z
479272,Tata Power Charging Station,20.259014,85.8397059,,Odisha,,,Operational,True,30.0,2,False,2026-02-28T08:05:00Z,2026-03-01T09:24:00Z
479271,Ather Grid Charging Station,20.2710386,85.7838293,,Odisha,,,Operational,True,1.1,1,False,2026-02-28T08:05:00Z,2026-03-01T09:24:00Z
479270,Ather Grid Charging Station,20.2986351,85.8227086,,Odisha,,,Operational,True,1.100000023841858,1,False,2026-02-28T08:05:00Z,2026-03-01T09:24:00Z
479269,Adani Charging Station,20.2529878,85.81877899999999,,Odisha,,,Operational,True,60.0,2,False,2026-02-28T08:05:00Z,2026-03-01T09:24:00Z
479268,Ather Charging Station,20.2476107,85.8409846,,Odisha,,,Operational,True,1.1,1,False,2026-02-28T08:05:00Z,2026-03-01T09:24:00Z
479267,Ather Grid Charging Station,20.283109,85.80601109999999,,Odisha,,,Operational,True,1.100000023841858,1,False,2026-02-28T08:05:00Z,2026-03-01T09:24:00Z
479266,BPCL Charging Station,20.25473,85.787241,,Odisha,,,Operational,True,30.0,2,False,2026-02-28T08:05:00Z,2026-03-01T09:24:00Z
479265,Tata Power Charging Station,20.2269974,85.841081,,Odisha,,,Operational,True,30.0,3,False,2026-02-28T08:05:00Z,2026-03-01T09:24:00Z
479264,Ola Electric Mobility Charging Station,20.2573761,85.84097299999999,,Odisha,,,Operational,True,1.5,1,False,2026-02-28T08:05:00Z,2026-03-01T09:24:00Z
479263,DiodeEV Charging Station,20.227714799999998,85.73563039999999,,Odisha,,,Operational,True,,1,False,2026-02-28T08:04:00Z,2026-03-01T09:24:00Z
479262,Statiq Charging Station,20.205643,85.644066,,Odisha,,,Operational,True,60.0,2,False,2026-02-28T08:04:00Z,2026-03-01T09:24:00Z
479261,Tata Power Charging Station,20.241180099999998,85.75915549999999,,Odisha,,,Operational,True,25.0,3,False,2026-02-28T08:04:00Z,2026-03-01T09:24:00Z
479260,Tata Power Charging Station,20.238165,85.75664300000001,,Odisha,,,Operational,True,25.0,2,False,2026-02-28T08:04:00Z,2026-03-01T09:24:00Z
479259,Kazam Charging Station,20.2555141,85.6866637,,Odisha,,,Operational,True,7.4,1,False,2026-02-28T08:04:00Z,2026-03-01T09:24:00Z
479258,Thunder Plus Charging Station,20.242777999999998,85.75611699999999,,Odisha,,,Operational,True,15.0,1,False,2026-02-28T08:04:00Z,2026-03-01T09:24:00Z
479257,Kazam Charging Station,20.253022299999998,85.6869698,,Odisha,,,Operational,True,3.299999952316284,7,False,2026-02-28T08:04:00Z,2026-03-01T09:24:00Z
479256,Kazam Charging Station,20.254699199999997,85.6867814,,Odisha,,,Operational,True,3.299999952316284,1,False,2026-02-28T08:04:00Z,2026-03-01T09:24:00Z
479255,Tata Power Charging Station,20.230607799999998,85.7376707,,Odisha,,,Operational,True,60.0,2,False,2026-02-28T08:04:00Z,2026-03-01T09:24:00Z
479254,Tata Power Charging Station,20.2407436,85.7590281,,Odisha,,,Operational,True,7.4,1,False,2026-02-28T08:04:00Z,2026-03-01T09:24:00Z
479253,Electric Vehicle Charging Station,20.223618,85.726762,,Odisha,,,Operational,True,30.0,1,False,2026-02-28T08:04:00Z,2026-03-01T09:24:00Z
479252,Electric Vehicle Charging Station,20.1939131,85.65214879999999,,Odisha,,,Operational,True,,1,False,2026-02-28T08:04:00Z,2026-03-01T09:24:00Z
479251,Ather Grid Charging Station,20.178873,85.61153,,Odisha,,,Operational,True,1.100000023841858,1,False,2026-02-28T08:04:00Z,2026-03-01T09:24:00Z
479250,Hindustan Petroleum Corporation Limited,20.154535799999998,85.0637881,,Odisha,,,Operational,True,,1,False,2026-02-28T08:04:00Z,2026-03-01T09:24:00Z
479249,Jio-bp,20.141301,83.968362,,Odisha,,,Operational,True,7.4,1,False,2026-02-28T08:04:00Z,2026-03-01T09:24:00Z
479248,Electric Vehicle Charging Station,20.2027864,82.936256,,Odisha,,,Operational,True,,1,False,2026-02-28T08:04:00Z,2026-03-01T09:24:00Z
479247,BPCL Charging Station,20.3013862,82.7516433,,Odisha,,,Operational,True,30.0,2,False,2026-02-28T08:04:00Z,2026-03-01T09:24:00Z
479246,"MIRZA RIYAZ HOUSE , CONNON XEROX SERVICE CENTRE,",20.0299963,86.13191499999999,,Odisha,,,Operational,True,,1,False,2026-02-28T08:04:00Z,2026-03-01T09:24:00Z
479245,Jio-bp pulse Charging Station,20.036226000000003,85.825447,,Odisha,,,Operational,True,7.4,1,False,2026-02-28T08:04:00Z,2026-03-01T09:24:00Z
479244,Jio-bp pulse Charging Station,19.981225700000003,85.8251193,,Odisha,,,Operational,True,7.4,1,False,2026-02-28T08:04:00Z,2026-03-01T09:26:00Z
479243,Ather Charging Station,20.001994,85.8205414,,Odisha,,,Operational,True,1.100000023841858,1,False,2026-02-28T08:03:00Z,2026-03-01T09:26:00Z
479242,Ather Grid Charging Station,19.913864,85.98975,,Odisha,,,Not Operational,False,1.100000023841858,1,False,2026-02-28T08:03:00Z,2026-03-01T09:26:00Z
479241,Electric Vehicle Charging Station,20.0089777,85.8138496,,Odisha,,,Operational,True,,1,False,2026-02-28T08:03:00Z,2026-03-01T09:26:00Z
479240,BPCL Charging Station,20.0090935,85.81383199999999,,Odisha,,,Operational,True,30.0,1,False,2026-02-28T08:03:00Z,2026-03-01T09:26:00Z
479239,Tata Power Charging Station,19.8373153,85.8366266,,Odisha,,,Operational,True,25.0,2,False,2026-02-28T08:03:00Z,2026-03-01T09:26:00Z
479238,Hindustan Petroleum Corporation Limited,19.887408999999998,85.803106,,Odisha,,,Operational,True,,1,False,2026-02-28T08:03:00Z,2026-03-01T09:26:00Z
479237,Ather Grid Charging Station,19.864923,85.66566999999999,,Odisha,,,Operational,True,1.100000023841858,1,False,2026-02-28T08:03:00Z,2026-03-01T09:26:00Z
479236,Tata Power Charging Station,19.9604389,85.4336031,,Odisha,,,Operational,True,25.0,1,False,2026-02-28T08:03:00Z,2026-03-01T09:26:00Z
479235,BPCL Charging Station,19.995597,85.479968,,Odisha,,,Operational,True,30.0,1,False,2026-02-28T08:03:00Z,2026-03-01T09:26:00Z
479234,Hindustan Petroleum Corporation Limited,19.9901672,85.4736527,,Odisha,,,Operational,True,,1,False,2026-02-28T08:03:00Z,2026-03-01T09:26:00Z
479233,Ather Grid Charging Station,19.924364,84.57135,,Odisha,,,Operational,True,1.100000023841858,1,False,2026-02-28T08:03:00Z,2026-03-01T09:26:00Z
479232,Jio-bp,20.038907,84.63856899999999,,Odisha,,,Operational,True,7.4,1,False,2026-02-28T08:03:00Z,2026-03-01T09:26:00Z
479231,Tata Power Charging Station,19.924915,83.174075,,Odisha,,,Operational,True,25.0,1,False,2026-02-28T08:03:00Z,2026-03-01T09:26:00Z
479230,Electric Vehicle Charging Station,20.0887924,82.36210489999999,,Odisha,,,Operational,True,100.0,11,False,2026-02-28T08:03:00Z,2026-03-01T09:26:00Z
479229,G.K Rickshaw,19.8134808,85.8362997,,Odisha,,,Operational,True,,1,False,2026-02-28T08:03:00Z,2026-03-01T09:26:00Z
479228,Ather Grid Charging Station,19.7952607,85.8132809,,Odisha,,,Operational,True,1.100000023841858,1,False,2026-02-28T08:03:00Z,2026-03-01T09:26:00Z
479227,KACHERI SECTION TPCODL,19.802419699999998,85.8239399,,Odisha,,,Operational,True,,1,False,2026-02-28T08:03:00Z,2026-03-01T09:26:00Z
479226,Relux Charging Station,19.790746199999997,85.8030868,,Odisha,,,Operational,True,30.0,1,False,2026-02-28T08:03:00Z,2026-03-01T09:26:00Z
479225,Electric Vehicle Charging Station,19.718937999999998,85.5235713,,Odisha,,,Operational,True,,1,False,2026-02-28T08:03:00Z,2026-03-01T09:26:00Z
479224,Ather Grid Charging Station,19.799158,85.664566,,Odisha,,,Operational,True,1.100000023841858,1,False,2026-02-28T08:03:00Z,2026-03-01T09:26:00Z
479223,Ather Grid Charging Station,19.71935,85.52448679999999,,Odisha,,,Operational,True,1.100000023841858,1,False,2026-02-28T08:02:00Z,2026-03-01T09:26:00Z
479222,Jio-bp pulse Charging Station,19.678549999999998,85.171409,,Odisha,,,Operational,True,7.4,1,False,2026-02-28T08:02:00Z,2026-03-01T09:26:00Z
479221,Tata Power Charging Station,19.6782474,85.1714786,,Odisha,,,Operational,True,30.0,1,False,2026-02-28T08:02:00Z,2026-03-01T09:26:00Z
479220,Adani Charging Station,19.6331555,85.1353263,,Odisha,,,Operational,True,7.4,1,False,2026-02-28T08:02:00Z,2026-03-01T09:26:00Z
479219,BPCL Charging Station,19.749316,85.20759799999999,,Odisha,,,Operational,True,60.0,2,False,2026-02-28T08:02:00Z,2026-03-01T09:26:00Z
479218,Jio-bp,19.731375,83.479141,,Odisha,,,Operational,True,7.4,1,False,2026-02-28T08:02:00Z,2026-03-01T09:26:00Z
479217,Tata Power Charging Station,19.652452999999998,82.225619,,Odisha,,,Operational,True,30.0,1,False,2026-02-28T08:02:00Z,2026-03-01T09:26:00Z
479216,Ather Grid Charging Station,19.31151,84.83354,,Odisha,,,Operational,True,1.100000023841858,1,False,2026-02-28T08:02:00Z,2026-03-01T09:26:00Z
479215,Ather Grid Charging Station,19.34123,84.76845,,Odisha,,,Operational,True,1.100000023841858,1,False,2026-02-28T08:02:00Z,2026-03-01T09:26:00Z
479214,Ather Grid Charging Station,19.324255,84.87503,,Odisha,,,Operational,True,1.100000023841858,1,False,2026-02-28T08:02:00Z,2026-03-01T09:26:00Z
479213,Electric Vehicle Charging Station,19.3171717,84.7772474,,Odisha,,,Operational,True,,1,False,2026-02-28T08:02:00Z,2026-03-01T09:26:00Z
479212,Electric Vehicle Charging Station,19.3071386,84.8292277,,Odisha,,,Operational,True,,1,False,2026-02-28T08:02:00Z,2026-03-01T09:26:00Z
479211,Electric Vehicle Charging Station,19.3194175,84.7844863,,Odisha,,,Operational,True,,1,False,2026-02-28T08:02:00Z,2026-03-01T09:26:00Z
479210,Ather Grid Charging Station,19.308462,84.77319,,Odisha,,,Operational,True,1.1,1,False,2026-02-28T08:02:00Z,2026-03-01T09:26:00Z
479209,Ather Grid Charging Station,19.301503999999998,84.83013,,Odisha,,,Operational,True,1.1,1,False,2026-02-28T08:02:00Z,2026-03-01T09:26:00Z
479208,Ather Grid Charging Station,19.306037999999997,84.78173,,Odisha,,,Not Operational,False,1.100000023841858,1,False,2026-02-28T08:02:00Z,2026-03-01T09:26:00Z
479207,Tata Power Charging Station,19.315210999999998,84.85814400000001,,Odisha,,,Operational,True,25.0,2,False,2026-02-28T08:02:00Z,2026-03-01T09:26:00Z
479206,Ather Grid Charging Station,19.31608,84.85278,,Odisha,,,Operational,True,1.100000023841858,1,False,2026-02-28T08:02:00Z,2026-03-01T09:26:00Z
479205,Ather Grid Charging Station,19.30744,84.81665,,Odisha,,,Operational,True,1.1,1,False,2026-02-28T08:02:00Z,2026-03-01T09:26:00Z
479204,Electric Vehicle Charging Station,19.3176997,84.79058359999999,,Odisha,,,Operational,True,,1,False,2026-02-28T08:02:00Z,2026-03-01T09:26:00Z
479203,Ather Grid Charging Station,19.32163,84.86715,,Odisha,,,Operational,True,1.100000023841858,1,False,2026-02-28T08:01:00Z,2026-03-01T09:26:00Z
479202,Ather Grid Charging Station,19.319885,84.78112999999999,,Odisha,,,Operational,True,1.100000023841858,1,False,2026-02-28T08:01:00Z,2026-03-01T09:26:00Z
479201,Ather Grid Charging Station,19.2956471,84.81956579999999,,Odisha,,,Operational,True,1.1,1,False,2026-02-28T08:01:00Z,2026-03-01T09:26:00Z
479200,BPCL Charging Station,19.334626999999998,84.768619,,Odisha,,,Operational,True,30.0,1,False,2026-02-28T08:01:00Z,2026-03-01T09:26:00Z
479199,Ather Charging Station,19.3057277,84.7817268,,Odisha,,,Not Operational,False,1.100000023841858,1,False,2026-02-28T08:01:00Z,2026-03-01T09:26:00Z
479198,Ather Grid Charging Station,19.303380999999998,84.79504399999999,,Odisha,,,Operational,True,1.1,1,False,2026-02-28T08:01:00Z,2026-03-01T09:26:00Z
479197,Tata Power Charging Station,19.2991714,84.83176309999999,,Odisha,,,Operational,True,7.4,1,False,2026-02-28T08:01:00Z,2026-03-01T09:26:00Z
479196,Maa Tara Tarini Tour And Travels,19.447535,84.591458,,Odisha,,,Operational,True,,1,False,2026-02-28T08:01:00Z,2026-03-01T09:26:00Z
479195,Electric Vehicle Charging Station,19.180775999999998,84.725327,,Odisha,,,Operational,True,30.0,1,False,2026-02-28T08:01:00Z,2026-03-01T09:26:00Z
479194,Ather Grid Charging Station,19.268919999999998,84.77745,,Odisha,,,Not Operational,False,1.100000023841858,1,False,2026-02-28T08:01:00Z,2026-03-01T09:26:00Z
479193,BPCL Charging Station,19.183324000000002,84.727616,,Odisha,,,Operational,True,30.0,1,False,2026-02-28T08:01:00Z,2026-03-01T09:26:00Z
479192,Ather Grid Charging Station,19.194212,84.61756,,Odisha,,,Operational,True,1.100000023841858,1,False,2026-02-28T08:01:00Z,2026-03-01T09:26:00Z
479191,Ather Grid Charging Station,18.845465,84.50309999999999,,Odisha,,,Operational,True,1.100000023841858,1,False,2026-02-28T08:01:00Z,2026-03-01T09:26:00Z
479190,DIMILI VILLAGE,18.802062499999998,83.9918125,,Odisha,,,Operational,True,,1,False,2026-02-28T08:01:00Z,2026-03-01T09:26:00Z
479189,Electric Vehicle Charging Station,18.7689167,83.4215387,,Odisha,,,Operational,True,,1,False,2026-02-28T08:01:00Z,2026-03-01T09:26:00Z
479188,Tata Power Charging Station,18.8582131,82.5899051,,Odisha,,,Operational,True,30.0,1,False,2026-02-28T08:01:00Z,2026-03-01T09:26:00Z
479187,BPCL Charging Station,18.84732,82.56517099999999,,Odisha,,,Operational,True,30.0,2,False,2026-02-28T08:01:00Z,2026-03-01T09:26:00Z
479186,Ather Grid Charging Station,18.606023999999998,84.22991499999999,,Odisha,,,Operational,True,1.100000023841858,1,False,2026-02-28T08:01:00Z,2026-03-01T09:26:00Z
479185,Tata Power Charging Station,18.534753,83.651339,,Odisha,,,Operational,True,30.0,1,False,2026-02-28T08:01:00Z,2026-03-01T09:26:00Z
479184,okinawa electric scooter,18.597046499999998,83.7640945,,Odisha,,,Operational,True,,1,False,2026-02-28T08:01:00Z,2026-03-01T09:26:00Z
479183,Electric Vehicle Charging Station,18.6104394,83.39922849999999,,Odisha,,,Operational,True,,1,False,2026-02-28T08:00:00Z,2026-03-01T09:26:00Z
479182,Tata Power Charging Station,18.503509299999997,83.2469705,,Odisha,,,Operational,True,30.0,1,False,2026-02-28T08:00:00Z,2026-03-01T09:26:00Z
479181,Jio-bp,18.7012078,82.879837,,Odisha,,,Operational,True,7.4,1,False,2026-02-28T08:00:00Z,2026-03-01T09:26:00Z
479180,Ather Grid Charging Station,18.295932999999998,83.893148,,Odisha,,,Operational,True,1.1,1,False,2026-02-28T08:00:00Z,2026-03-01T09:26:00Z
479179,Jio-bp pulse Charging Station,18.3262791,83.941268,,Odisha,,,Operational,True,7.4,1,False,2026-02-28T08:00:00Z,2026-03-01T09:26:00Z
479178,Tata Power Charging Station,18.3243588,83.9391102,,Odisha,,,Operational,True,25.0,1,False,2026-02-28T08:00:00Z,2026-03-01T09:26:00Z
479177,DK MOTORS,18.322673599999998,83.893722,,Odisha,,,Operational,True,,1,False,2026-02-28T08:00:00Z,2026-03-01T09:26:00Z
479176,Urzza Charging Station,18.424328499999998,84.04802459999999,,Odisha,,,Operational,True,,1,False,2026-02-28T08:00:00Z,2026-03-01T09:26:00Z
479175,Ather Energy Charging Station,18.309545999999997,83.91882,,Odisha,,,Operational,True,1.100000023841858,1,False,2026-02-28T08:00:00Z,2026-03-01T09:26:00Z
479174,Voltran Charging Station,18.3004408,83.8711628,,Odisha,,,Operational,True,,1,False,2026-02-28T08:00:00Z,2026-03-01T09:26:00Z
479173,Jio-bp,18.289378,83.914594,,Odisha,,,Operational,True,7.4,1,False,2026-02-28T08:00:00Z,2026-03-01T09:26:00Z
479172,Ather Grid Charging Station,18.2791756,83.5261386,,Odisha,,,Operational,True,1.1,1,False,2026-02-28T08:00:00Z,2026-03-01T09:26:00Z
479171,AtherGrid Charging Station,18.337203799999997,82.87792549999999,,Odisha,,,Operational,True,1.100000023841858,1,False,2026-02-28T08:00:00Z,2026-03-01T09:26:00Z
479170,Ather Grid Charging Station,18.3225938,82.8776518,,Odisha,,,Operational,True,1.100000023841858,1,False,2026-02-28T08:00:00Z,2026-03-01T09:26:00Z
479169,Charzer Charging Station,18.295865199999998,82.9144748,,Odisha,,,Operational,True,,1,False,2026-02-28T08:00:00Z,2026-03-01T09:26:00Z
479168,Electric Vehicle Charging Station,18.3137141,82.8937424,,Odisha,,,Operational,True,7.400000095367432,1,False,2026-02-28T08:00:00Z,2026-03-01T09:26:00Z
479167,Tata Power Charging Station,18.139519,83.617595,,Odisha,,,Operational,True,30.0,1,False,2026-02-28T08:00:00Z,2026-03-01T09:26:00Z
479166,Jio-bp pulse Charging Station,18.1499177,83.6353106,,Odisha,,,Operational,True,7.4,1,False,2026-02-28T08:00:00Z,2026-03-01T09:26:00Z
479165,Tata Power Charging Station,18.173032,83.676949,,Odisha,,,Operational,True,30.0,1,False,2026-02-28T08:00:00Z,2026-03-01T09:26:00Z
479164,JoulePoint Charging Station,18.0418515,83.50972209999999,,Odisha,,,Operational,True,,1,False,2026-02-28T08:00:00Z,2026-03-01T09:26:00Z
479163,Bolt.Earth Charging Station,18.0203857,83.4020948,,Odisha,,,Operational,True,7.4,1,False,2026-02-28T08:00:00Z,2026-03-01T09:26:00Z
479162,Ather Grid Charging Station,18.0565007,83.3971128,,Odisha,,,Operational,True,1.100000023841858,1,False,2026-02-28T08:00:00Z,2026-03-01T09:26:00Z
479161,Electric Vehicle Charging Station,18.057097199999998,83.39718810000001,,Odisha,,,Operational,True,,1,False,2026-02-28T07:59:00Z,2026-03-01T09:26:00Z
479160,ParkNConnect Charging Station,18.092801599999998,83.3884047,,Odisha,,,Operational,True,,1,False,2026-02-28T07:59:00Z,2026-03-01T09:26:00Z
479159,Ather Grid Charging Station,18.080786,83.38528,,Odisha,,,Operational,True,1.100000023841858,1,False,2026-02-28T07:59:00Z,2026-03-01T09:26:00Z
479158,Hindustan Petroleum Corporation Limited Charging Station,17.9524227,83.4163581,,Odisha,,,Operational,True,30.0,1,False,2026-02-28T07:59:00Z,2026-03-01T09:26:00Z
479157,Ather Grid Charging Station,18.0801438,83.38535089999999,,Odisha,,,Operational,True,1.100000023841858,1,False,2026-02-28T07:59:00Z,2026-03-01T09:26:00Z
479156,Hindustan Petroleum Corporation Limited,17.952420999999998,83.416311,,Odisha,,,Operational,True,,1,False,2026-02-28T07:59:00Z,2026-03-01T09:26:00Z
479155,Tata Power Charging Station,17.957767699999998,83.1773604,,Odisha,,,Operational,True,30.0,1,False,2026-02-28T07:59:00Z,2026-03-01T09:26:00Z
479154,Ather Grid Charging Station,18.116682,83.13772,,Odisha,,,Operational,True,1.100000023841858,1,False,2026-02-28T07:59:00Z,2026-03-01T09:26:00Z
479153,Tata Power Charging Station,17.957767699999998,83.1773604,,Odisha,,,Operational,True,30.0,1,False,2026-02-28T07:58:00Z,2026-03-01T09:26:00Z
479152,Ather Grid Charging Station,18.116682,83.13772,,Odisha,,,Operational,True,1.100000023841858,1,False,2026-02-28T07:58:00Z,2026-03-01T09:26:00Z
479145,BPCL Charging Station,19.995597,85.479968,,Odisha,,,Operational,True,30.0,1,False,2026-02-28T06:47:00Z,2026-03-01T09:26:00Z
479144,Hindustan Petroleum Corporation Limited,19.9901672,85.4736527,,Odisha,,,Operational,True,7.4,1,False,2026-02-28T06:47:00Z,2026-03-01T09:26:00Z
479143,Ather Grid Charging Station,19.924364,84.57135,,Odisha,,,Operational,True,1.100000023841858,1,False,2026-02-28T06:47:00Z,2026-03-01T09:26:00Z
479142,Jio-bp,20.038907,84.63856899999999,,Odisha,,,Operational,True,7.4,1,False,2026-02-28T06:47:00Z,2026-03-01T09:26:00Z
479141,Tata Power Charging Station,19.924915,83.174075,,Odisha,,,Operational,True,25.0,1,False,2026-02-28T06:47:00Z,2026-03-01T09:26:00Z
479140,Electric Vehicle Charging Station,20.0887924,82.36210489999999,,Odisha,,,Operational,True,100.0,11,False,2026-02-28T06:47:00Z,2026-03-01T09:26:00Z
479139,G.K Rickshaw,19.8134808,85.8362997,,Odisha,,,Operational,True,7.4,1,False,2026-02-28T06:47:00Z,2026-03-01T09:26:00Z
479138,Ather Grid Charging Station,19.7952607,85.8132809,,Odisha,,,Operational,True,1.100000023841858,1,False,2026-02-28T06:47:00Z,2026-03-01T09:26:00Z
479137,KACHERI SECTION TPCODL,19.802419699999998,85.8239399,,Odisha,,,Operational,True,7.4,1,False,2026-02-28T06:47:00Z,2026-03-01T09:26:00Z
479136,Relux Charging Station,19.790746199999997,85.8030868,,Odisha,,,Operational,True,30.0,1,False,2026-02-28T06:47:00Z,2026-03-01T09:26:00Z
479135,Electric Vehicle Charging Station,19.718937999999998,85.5235713,,Odisha,,,Operational,True,7.4,1,False,2026-02-28T06:47:00Z,2026-03-01T09:26:00Z
479134,Ather Grid Charging Station,19.799158,85.664566,,Odisha,,,Operational,True,1.100000023841858,1,False,2026-02-28T06:47:00Z,2026-03-01T09:26:00Z
479133,Ather Grid Charging Station,19.71935,85.52448679999999,,Odisha,,,Operational,True,1.100000023841858,1,False,2026-02-28T06:47:00Z,2026-03-01T09:26:00Z
479132,Jio-bp pulse Charging Station,19.678549999999998,85.171409,,Odisha,,,Operational,True,7.4,1,False,2026-02-28T06:47:00Z,2026-03-01T09:26:00Z
479131,Tata Power Charging Station,19.6782474,85.1714786,,Odisha,,,Operational,True,30.0,1,False,2026-02-28T06:47:00Z,2026-03-01T09:26:00Z
479130,Adani Charging Station,19.6331555,85.1353263,,Odisha,,,Operational,True,7.4,1,False,2026-02-28T06:47:00Z,2026-03-01T09:26:00Z
479129,BPCL Charging Station,19.749316,85.20759799999999,,Odisha,,,Operational,True,60.0,2,False,2026-02-28T06:47:00Z,2026-03-01T09:26:00Z
479128,Jio-bp,19.731375,83.479141,,Odisha,,,Operational,True,7.4,1,False,2026-02-28T06:47:00Z,2026-03-01T09:26:00Z
479127,Tata Power Charging Station,19.652452999999998,82.225619,,Odisha,,,Operational,True,30.0,1,False,2026-02-28T06:47:00Z,2026-03-01T09:26:00Z
479126,Ather Grid Charging Station,19.31151,84.83354,,Odisha,,,Operational,True,1.100000023841858,1,False,2026-02-28T06:46:00Z,2026-03-01T09:26:00Z
479125,Ather Grid Charging Station,19.34123,84.76845,,Odisha,,,Operational,True,1.100000023841858,1,False,2026-02-28T06:46:00Z,2026-03-01T09:26:00Z
479124,Ather Grid Charging Station,19.324255,84.87503,,Odisha,,,Operational,True,1.100000023841858,1,False,2026-02-28T06:46:00Z,2026-03-01T09:26:00Z
479123,Electric Vehicle Charging Station,19.3171717,84.7772474,,Odisha,,,Operational,True,7.4,1,False,2026-02-28T06:46:00Z,2026-03-01T09:26:00Z
479122,Electric Vehicle Charging Station,19.3071386,84.8292277,,Odisha,,,Operational,True,7.4,1,False,2026-02-28T06:46:00Z,2026-03-01T09:26:00Z
479121,Electric Vehicle Charging Station,19.3194175,84.7844863,,Odisha,,,Operational,True,7.4,1,False,2026-02-28T06:46:00Z,2026-03-01T09:26:00Z
479120,Ather Grid Charging Station,19.308462,84.77319,,Odisha,,,Operational,True,7.4,1,False,2026-02-28T06:46:00Z,2026-03-01T09:26:00Z
479119,Ather Grid Charging Station,19.301503999999998,84.83013,,Odisha,,,Operational,True,7.4,1,False,2026-02-28T06:46:00Z,2026-03-01T09:26:00Z
479118,Ather Grid Charging Station,19.306037999999997,84.78173,,Odisha,,,Not Operational,False,1.100000023841858,1,False,2026-02-28T06:46:00Z,2026-03-01T09:26:00Z
479117,Tata Power Charging Station,19.315210999999998,84.85814400000001,,Odisha,,,Operational,True,25.0,2,False,2026-02-28T06:46:00Z,2026-03-01T09:26:00Z
479116,Ather Grid Charging Station,19.31608,84.85278,,Odisha,,,Operational,True,1.100000023841858,1,False,2026-02-28T06:46:00Z,2026-03-01T09:26:00Z
479115,Ather Grid Charging Station,19.30744,84.81665,,Odisha,,,Operational,True,7.4,1,False,2026-02-28T06:46:00Z,2026-03-01T09:26:00Z
479114,Electric Vehicle Charging Station,19.3176997,84.79058359999999,,Odisha,,,Operational,True,7.4,1,False,2026-02-28T06:46:00Z,2026-03-01T09:26:00Z
479113,Ather Grid Charging Station,19.32163,84.86715,,Odisha,,,Operational,True,1.100000023841858,1,False,2026-02-28T06:46:00Z,2026-03-01T09:26:00Z
479112,Ather Grid Charging Station,19.319885,84.78112999999999,,Odisha,,,Operational,True,1.100000023841858,1,False,2026-02-28T06:46:00Z,2026-03-01T09:26:00Z
479111,Ather Grid Charging Station,19.2956471,84.81956579999999,,Odisha,,,Operational,True,7.4,1,False,2026-02-28T06:46:00Z,2026-03-01T09:26:00Z
479110,BPCL Charging Station,19.334626999999998,84.768619,,Odisha,,,Operational,True,7.4,1,False,2026-02-28T06:46:00Z,2026-03-01T09:26:00Z
479109,Ather Charging Station,19.3057277,84.7817268,,Odisha,,,Not Operational,False,1.100000023841858,1,False,2026-02-28T06:46:00Z,2026-03-01T09:26:00Z
479108,Ather Grid Charging Station,19.303380999999998,84.79504399999999,,Odisha,,,Operational,True,7.4,1,False,2026-02-28T06:46:00Z,2026-03-01T09:26:00Z
479107,Tata Power Charging Station,19.2991714,84.83176309999999,,Odisha,,,Operational,True,7.4,1,False,2026-02-28T06:46:00Z,2026-03-01T09:26:00Z
479106,Maa Tara Tarini Tour And Travels,19.447535,84.591458,,Odisha,,,Operational,True,7.4,1,False,2026-02-28T06:46:00Z,2026-03-01T09:26:00Z
479105,Electric Vehicle Charging Station,19.180775999999998,84.725327,,Odisha,,,Operational,True,30.0,1,False,2026-02-28T06:45:00Z,2026-03-01T09:26:00Z
479104,Ather Grid Charging Station,19.268919999999998,84.77745,,Odisha,,,Not Operational,False,1.100000023841858,1,False,2026-02-28T06:45:00Z,2026-03-01T09:26:00Z
479103,BPCL Charging Station,19.183324000000002,84.727616,,Odisha,,,Operational,True,30.0,1,False,2026-02-28T06:45:00Z,2026-03-01T09:26:00Z
479102,Ather Grid Charging Station,19.194212,84.61756,,Odisha,,,Operational,True,1.100000023841858,1,False,2026-02-28T06:45:00Z,2026-03-01T09:26:00Z
479101,Ather Grid Charging Station,18.845465,84.50309999999999,,Odisha,,,Operational,True,1.100000023841858,1,False,2026-02-28T06:45:00Z,2026-03-01T09:26:00Z
479100,DIMILI VILLAGE,18.802062499999998,83.9918125,,Odisha,,,Operational,True,7.4,1,False,2026-02-28T06:45:00Z,2026-03-01T09:26:00Z
479099,Electric Vehicle Charging Station,18.7689167,83.4215387,,Odisha,,,Operational,True,7.4,1,False,2026-02-28T06:45:00Z,2026-03-01T09:26:00Z
479098,Tata Power Charging Station,18.8582131,82.5899051,,Odisha,,,Operational,True,30.0,1,False,2026-02-28T06:45:00Z,2026-03-01T09:26:00Z
479097,BPCL Charging Station,18.84732,82.56517099999999,,Odisha,,,Operational,True,30.0,2,False,2026-02-28T06:45:00Z,2026-03-01T09:26:00Z
479096,Ather Grid Charging Station,18.606023999999998,84.22991499999999,,Odisha,,,Operational,True,1.100000023841858,1,False,2026-02-28T06:45:00Z,2026-03-01T09:26:00Z
479095,Tata Power Charging Station,18.534753,83.651339,,Odisha,,,Operational,True,30.0,1,False,2026-02-28T06:45:00Z,2026-03-01T09:26:00Z
479094,okinawa electric scooter,18.597046499999998,83.7640945,,Odisha,,,Operational,True,7.4,1,False,2026-02-28T06:45:00Z,2026-03-01T09:26:00Z
479093,Electric Vehicle Charging Station,18.6104394,83.39922849999999,,Odisha,,,Operational,True,7.4,1,False,2026-02-28T06:45:00Z,2026-03-01T09:26:00Z
479092,Tata Power Charging Station,18.503509299999997,83.2469705,,Odisha,,,Operational,True,30.0,1,False,2026-02-28T06:45:00Z,2026-03-01T09:26:00Z
479091,Jio-bp,18.7012078,82.879837,,Odisha,,,Operational,True,7.4,1,False,2026-02-28T06:45:00Z,2026-03-01T09:26:00Z
479090,Ather Grid Charging Station,18.295932999999998,83.893148,,Odisha,,,Operational,True,7.4,1,False,2026-02-28T06:45:00Z,2026-03-01T09:26:00Z
479089,Jio-bp pulse Charging Station,18.3262791,83.941268,,Odisha,,,Operational,True,7.4,1,False,2026-02-28T06:45:00Z,2026-03-01T09:26:00Z
479088,Tata Power Charging Station,18.3243588,83.9391102,,Odisha,,,Operational,True,25.0,1,False,2026-02-28T06:45:00Z,2026-03-01T09:26:00Z
479086,DK MOTORS,18.322673599999998,83.893722,,Odisha,,,Operational,True,7.4,1,False,2026-02-28T06:45:00Z,2026-03-01T09:26:00Z
479085,Urzza Charging Station,18.424328499999998,84.04802459999999,,Odisha,,,Operational,True,7.4,1,False,2026-02-28T06:44:00Z,2026-03-01T09:25:00Z
479084,Ather Energy Charging Station,18.309545999999997,83.91882,,Odisha,,,Operational,True,1.100000023841858,1,False,2026-02-28T06:44:00Z,2026-03-01T09:25:00Z
479083,Voltran Charging Station,18.3004408,83.8711628,,Odisha,,,Operational,True,7.4,1,False,2026-02-28T06:44:00Z,2026-03-01T09:25:00Z
479082,Jio-bp,18.289378,83.914594,,Odisha,,,Operational,True,7.4,1,False,2026-02-28T06:44:00Z,2026-03-01T09:25:00Z
479081,Ather Grid Charging Station,18.2791756,83.5261386,,Odisha,,,Operational,True,7.4,1,False,2026-02-28T06:44:00Z,2026-03-01T09:25:00Z
479080,AtherGrid Charging Station,18.337203799999997,82.87792549999999,,Odisha,,,Operational,True,1.100000023841858,1,False,2026-02-28T06:44:00Z,2026-03-01T09:26:00Z
479079,Ather Grid Charging Station,18.3225938,82.8776518,,Odisha,,,Operational,True,1.100000023841858,1,False,2026-02-28T06:44:00Z,2026-03-01T09:26:00Z
479078,Charzer Charging Station,18.295865199999998,82.9144748,,Odisha,,,Operational,True,7.4,1,False,2026-02-28T06:44:00Z,2026-03-01T09:26:00Z
479077,Electric Vehicle Charging Station,18.3137141,82.8937424,,Odisha,,,Operational,True,7.400000095367432,1,False,2026-02-28T06:44:00Z,2026-03-01T09:26:00Z
479076,Tata Power Charging Station,18.139519,83.617595,,Odisha,,,Operational,True,30.0,1,False,2026-02-28T06:44:00Z,2026-03-01T09:26:00Z
479075,Jio-bp pulse Charging Station,18.1499177,83.6353106,,Odisha,,,Operational,True,7.4,1,False,2026-02-28T06:44:00Z,2026-03-01T09:26:00Z
479074,Tata Power Charging Station,18.173032,83.676949,,Odisha,,,Operational,True,30.0,1,False,2026-02-28T06:44:00Z,2026-03-01T09:26:00Z
479073,JoulePoint Charging Station,18.0418515,83.50972209999999,,Odisha,,,Operational,True,7.4,1,False,2026-02-28T06:44:00Z,2026-03-01T09:26:00Z
479072,Bolt.Earth Charging Station,18.0203857,83.4020948,,Odisha,,,Operational,True,7.4,1,False,2026-02-28T06:44:00Z,2026-03-01T09:26:00Z
479071,Ather Grid Charging Station,18.0565007,83.3971128,,Odisha,,,Operational,True,1.100000023841858,1,False,2026-02-28T06:44:00Z,2026-03-01T09:26:00Z
479070,Electric Vehicle Charging Station,18.057097199999998,83.39718810000001,,Odisha,,,Operational,True,7.4,1,False,2026-02-28T06:44:00Z,2026-03-01T09:26:00Z
479069,ParkNConnect Charging Station,18.092801599999998,83.3884047,,Odisha,,,Operational,True,7.4,1,False,2026-02-28T06:44:00Z,2026-03-01T09:26:00Z
479068,Ather Grid Charging Station,18.080786,83.38528,,Odisha,,,Operational,True,1.100000023841858,1,False,2026-02-28T06:43:00Z,2026-03-01T09:25:00Z
479067,Hindustan Petroleum Corporation Limited Charging Station,17.9524227,83.4163581,,Odisha,,,Operational,True,30.0,1,False,2026-02-28T06:43:00Z,2026-03-01T09:25:00Z
479066,Ather Grid Charging Station,18.0801438,83.38535089999999,,Odisha,,,Operational,True,1.100000023841858,1,False,2026-02-28T06:43:00Z,2026-03-01T09:25:00Z
479065,Hindustan Petroleum Corporation Limited,17.952420999999998,83.416311,,Odisha,,,Operational,True,7.4,1,False,2026-02-28T06:43:00Z,2026-03-01T09:25:00Z
479064,Tata Power Charging Station,17.957767699999998,83.1773604,,Odisha,,,Operational,True,30.0,1,False,2026-02-28T06:43:00Z,2026-03-01T09:25:00Z
479063,Ather Grid Charging Station,18.116682,83.13772,,Odisha,,,Operational,True,1.100000023841858,1,False,2026-02-28T06:43:00Z,2026-03-01T09:25:00Z
479062,Jio-bp,18.289378,83.914594,,Odisha,,,Operational,True,7.4,1,False,2026-02-28T06:35:00Z,2026-03-01T09:25:00Z
478918,Royal Drive EVCS,8.503495480028349,76.91166164075435,Venpalavattom,Kerala,695001,GO EC (IN),Operational,True,80.0,2,True,2026-02-25T18:12:00Z,2026-02-25T18:12:00Z
478917,Poovar PNT EVCS,8.315968832633814,77.09035464903081,Kulathoor,Kerala,695506,GO EC (IN),Operational,True,80.0,3,True,2026-02-25T18:09:00Z,2026-02-25T18:09:00Z
478916,Ayyappa EVCS,9.478662771564018,76.84487199188538,Erumely,Kerala,686509,GO EC (IN),Operational,True,30.0,3,True,2026-02-25T18:06:00Z,2026-02-25T18:06:00Z
478915,Adimali Rangers,10.014144203609249,76.94382996626405,Adimali,Kerala,685561,GO EC (IN),Operational,True,80.0,2,True,2026-02-25T18:03:00Z,2026-02-25T18:03:00Z
478914,Hill View EVCS,10.069936650612604,77.0609419438648,Munnar,Kerala,685612,GO EC (IN),Operational,True,90.0,2,True,2026-02-25T18:01:00Z,2026-02-25T18:01:00Z
478913,Cargo Auto Hub EVCS,9.702761974968482,76.72119375310945,Bharananganam,Kerala,686578,GO EC (IN),Operational,True,90.0,2,True,2026-02-25T17:59:00Z,2026-02-25T17:59:00Z
478912,Minerva EVCS,9.69257642934194,76.5596900481155,Ettumanoor,Kerala,686631,GO EC (IN),Operational,True,60.0,2,True,2026-02-25T17:56:00Z,2026-02-25T17:56:00Z
478911,Savoi Complex EVCS,9.86134074552723,76.59599011191699,Koothattukulam,Kerala,686662,GO EC (IN),Operational,True,80.0,2,True,2026-02-25T17:53:00Z,2026-02-25T17:53:00Z
478910,Haridwar EVCS,9.872065277160488,76.5961145873373,Koothattukulam,Kerala,686662,GO EC (IN),Operational,True,60.0,4,True,2026-02-25T17:51:00Z,2026-02-25T17:51:00Z
478909,Pattakulam EV Super Charging Station,10.058637624098736,76.65237791798609,Kothamangalam,Kerala,686666,GO EC (IN),Operational,True,90.0,2,True,2026-02-25T17:49:00Z,2026-02-25T17:49:00Z
478908,Eco Park EVCS,10.068236156628487,76.38681352633876,Pukkattupady,Kerala,683561,GO EC (IN),Operational,True,80.0,2,True,2026-02-25T17:44:00Z,2026-02-25T17:44:00Z
478907,Yash Square EVCS,10.110574970248052,76.3728727396483,Aluva,Kerala,983105,GO EC (IN),Operational,True,60.0,2,True,2026-02-25T17:42:00Z,2026-02-25T17:42:00Z
478906,Ie.On EVCS,10.088670267690219,76.42441988441647,Vazhakkulam,Kerala,683112,GO EC (IN),Operational,True,90.0,2,True,2026-02-25T17:40:00Z,2026-02-25T17:40:00Z
478905,JP Complex EVCS,10.111540536058044,76.47892756655858,Perumbavoor,Kerala,683500,GO EC (IN),Operational,True,80.0,2,True,2026-02-25T17:37:00Z,2026-02-25T17:37:00Z
478904,Electro Spark EVCS,10.163080637651007,76.48721724799293,Perumbavoor,Kerala,683543,GO EC (IN),Operational,True,90.0,2,True,2026-02-25T17:35:00Z,2026-02-25T17:35:00Z
478903,Smartvolt EVCS,10.168792563403002,76.4347441321296,Kalady,Kerala,683550,GO EC (IN),Operational,True,60.0,2,True,2026-02-25T17:32:00Z,2026-02-25T17:32:00Z
478902,Chendamangalam Combined Energy,10.164520762160521,76.23328993057385,Chendamangalam,Kerala,683512,GO EC (IN),Operational,True,30.0,2,True,2026-02-25T17:29:00Z,2026-02-25T17:30:00Z
478901,Ideal EV Super Charging Station,10.149223784894389,76.22650589996533,North Paravur,Kerala,683513,GO EC (IN),Operational,True,80.0,2,True,2026-02-25T17:24:00Z,2026-02-25T17:24:00Z
478900,rajeEVam EVCS,10.203141262774878,76.20040094604155,Kodungallur,Kerala,680669,GO EC (IN),Operational,True,60.0,4,True,2026-02-25T17:21:00Z,2026-02-25T17:21:00Z
478898,Chavakkad Golden Tower EVCS,10.64297240272117,75.98558047526978,Punnayur,Kerala,680516,GO EC (IN),Operational,True,80.0,2,True,2026-02-25T17:15:00Z,2026-02-25T17:15:00Z
478897,Guruvayoor Sreeja EVCS,10.593309833570416,76.03739687984421,Guruvayur,Kerala,680101,GO EC (IN),Operational,True,90.0,2,True,2026-02-25T17:10:00Z,2026-02-25T17:10:00Z
478896,Swathi EVCS,10.611860183538624,76.68416479299663,Kollengode,Kerala,678506,GO EC (IN),Operational,True,30.0,1,True,2026-02-25T17:07:00Z,2026-02-25T17:07:00Z
478895,Hi - Span EVCS,10.819635717471755,76.8101969101815,Pampampallam,Kerala,678624,GO EC (IN),Operational,True,80.0,3,True,2026-02-25T17:04:00Z,2026-02-25T17:04:00Z
478894,Page EVCS,10.901221324645903,75.92541639232945,Tirur,Kerala,676101,GO EC (IN),Operational,True,80.0,3,True,2026-02-25T16:48:00Z,2026-02-25T16:48:00Z
478893,Dilkush EVCS,11.179791935422458,75.87213471284201,Ramanattukara,Kerala,673633,GO EC (IN),Operational,True,60.0,2,True,2026-02-25T16:44:00Z,2026-02-25T16:44:00Z
478892,Calicut Malabar Gold HQ EVCS,11.280481991240876,75.87910483208498,Peruvayal,Kerala,673008,GO EC (IN),Operational,True,30.0,2,True,2026-02-25T16:38:00Z,2026-02-25T16:38:00Z
478891,Kunnamangalam Little Flower EVCS,11.29802224355133,75.85300038713615,Chelavoor,Kerala,673005,GO EC (IN),Operational,True,90.0,2,True,2026-02-25T16:35:00Z,2026-02-25T16:35:00Z
478890,Lulu Mall EVCS,11.240854622601077,75.80269852324648,Govindapuram,Kerala,673007,GO EC (IN),Operational,True,60.0,5,True,2026-02-25T16:32:00Z,2026-02-25T17:26:00Z
478888,Iris Mall EVCS,11.446248437657204,75.83307969273824,Balusseri,Kerala,673612,GO EC (IN),Operational,True,80.0,4,True,2026-02-25T16:23:00Z,2026-02-25T16:23:00Z
478887,Elektron EVCS,11.5512536877674,75.74625710699922,Perambra,Kerala,673524,GO EC (IN),Operational,True,60.0,3,True,2026-02-25T16:19:00Z,2026-02-25T16:19:00Z
478886,Power Drive EV Supercharging Station,11.88139916175274,75.50131377392029,Anjarakandy,Kerala,670613,GO EC (IN),Operational,True,60.0,3,True,2026-02-25T16:11:00Z,2026-02-25T16:11:00Z
478885,Sreekandapuram Samudra EVCS,12.042528332541053,75.50983363960029,Sreekandapuram,Kerala,670631,GO EC (IN),Operational,True,60.0,2,True,2026-02-25T16:04:00Z,2026-02-25T16:04:00Z
478884,Tamar Cafe,12.606281841440776,74.93843823993836,Kumbla,Kerala,621321,GO EC (IN),Operational,True,30.0,1,True,2026-02-25T14:29:00Z,2026-02-25T14:29:00Z
478883,Sheraton Grand Chennai Resort,12.744285810719333,80.23928129928231,Chennai,Tamil Nadu,,Chargezone (India),Operational,True,60.0,2,True,2026-02-25T14:02:00Z,2026-02-25T14:02:00Z
478882,Four Points By Sheraton,12.613079212258143,80.16879623508567,Mahabalipuram,Tamil Nadu,603104,Chargezone (India),Operational,True,60.0,2,True,2026-02-25T13:59:00Z,2026-02-25T13:59:00Z
478881,Pondur - Oragadam,12.9274339889228,79.93416222500605,Sriperumbudur,Tamil Nadu,602105,Chargezone (India),Operational,True,240.0,4,True,2026-02-25T13:55:00Z,2026-02-25T13:55:00Z
478880,Fairfield By Marriott,12.932607263975811,79.90581636365982,Sriperumbudur,Tamil Nadu,602106,Chargezone (India),Operational,True,60.0,2,True,2026-02-25T13:53:00Z,2026-02-25T13:53:00Z
478879,Hotel Seasons,12.258660691700726,79.06838859499601,Tiruvannamalai,Tamil Nadu,606604,Chargezone (India),Operational,True,30.0,2,True,2026-02-25T13:49:00Z,2026-02-25T13:49:00Z
478878,Sugam Hospitality,11.812845967903257,79.41801965083755,Arasur,Tamil Nadu,,Chargezone (India),Operational,True,240.0,4,True,2026-02-25T13:47:00Z,2026-02-25T13:47:00Z
478877,Ashva Hyundai,11.26305138193004,78.89741317551022,Elambalur,Tamil Nadu,621220,Chargezone (India),Operational,True,60.0,2,True,2026-02-25T13:45:00Z,2026-02-25T13:45:00Z
478876,Kovai Hyundai,11.648355238581189,78.12020883197545,Salem,Tamil Nadu,636002,Chargezone (India),Operational,True,60.0,2,True,2026-02-25T13:42:00Z,2026-02-25T13:42:00Z
478875,Lotus Hyundai,11.045483552313343,76.98578975061423,Coimbatore,Tamil Nadu,641001,Chargezone (India),Operational,True,60.0,2,True,2026-02-25T13:39:00Z,2026-02-25T13:39:00Z
478874,Vetri Hyundai,10.74085676932485,79.10755813243168,Thanjavur,Tamil Nadu,208263,Chargezone (India),Operational,True,60.0,2,True,2026-02-25T13:33:00Z,2026-02-25T13:33:00Z
478873,Courtyard By Marriott,10.804353216764468,78.67725322133538,Tiruchirappalli,Tamil Nadu,620003,Chargezone (India),Operational,True,60.0,2,True,2026-02-25T13:31:00Z,2026-02-25T13:31:00Z
478872,Oxina Hyundai,10.79120739742136,78.65778447767138,Tiruchirappalli,Tamil Nadu,620012,Chargezone (India),Operational,True,60.0,2,True,2026-02-25T13:28:00Z,2026-02-25T13:28:00Z
478871,Surya's Veggie Restaurant,10.560668956103342,78.32180842129367,Vaiyampatti,Tamil Nadu,,Chargezone (India),Operational,True,30.0,2,True,2026-02-25T13:25:00Z,2026-02-25T13:25:00Z
478870,Sree Karpagamoorthy Automobiles,10.070078412437482,78.72750457905886,Karaikudi,Tamil Nadu,623001,Chargezone (India),Operational,True,120.0,2,True,2026-02-25T13:21:00Z,2026-02-25T13:21:00Z
478869,Veepees Bistro And Cafè,9.817119728793585,77.97834106844039,Tirumangalam,Tamil Nadu,626706,Chargezone (India),Operational,True,60.0,2,True,2026-02-25T13:16:00Z,2026-02-25T13:16:00Z
478868,M. S. Shanmuganadar Mattai Kadai,9.300003538238656,77.91565810874727,Mettupatti,Tamil Nadu,,Chargezone (India),Operational,True,30.0,2,True,2026-02-25T13:12:00Z,2026-02-25T13:12:00Z
478867,Popular Hyundai,10.502420240994908,76.2579822603825,Thrissur,Kerala,680751,Chargezone (India),Operational,True,60.0,2,True,2026-02-25T12:59:00Z,2026-02-25T12:59:00Z
478866,Indus EV Charging,12.259156611678947,75.1505298833124,Nileshwaram,Kerala,670314,Chargezone (India),Operational,True,60.0,5,True,2026-02-25T12:55:00Z,2026-02-25T12:55:00Z
478865,JBS Bistro Cafe,8.540251135444834,77.6695171019943,Tirunelveli,Tamil Nadu,,ChargeMod (IN),Operational,True,30.0,2,False,2026-02-25T12:50:00Z,2026-02-25T12:50:00Z
478864,Hydra Charging Station,10.71722242604902,77.55621379831837,Dharapuram,Tamil Nadu,,ChargeMod (IN),Operational,True,60.0,2,True,2026-02-25T12:45:00Z,2026-02-25T12:45:00Z
478863,Hydra Charging Station,10.996757801064945,77.00865211137602,Singallur,Tamil Nadu,661005,ChargeMod (IN),Operational,True,60.0,2,True,2026-02-25T12:42:00Z,2026-02-25T12:42:00Z
478862,Hydra Charging,11.052857748144802,76.94583684438237,Coimbatore,Tamil Nadu,641001,ChargeMod (IN),Operational,True,60.0,1,True,2026-02-25T12:39:00Z,2026-02-25T12:39:00Z
478861,Hydra Charging Station,11.318649525285707,76.92080873008081,Mettupalayam,Tamil Nadu,641305,ChargeMod (IN),Operational,True,30.0,1,True,2026-02-25T12:37:00Z,2026-02-25T12:37:00Z
478860,Cherumattathil Agencies,9.910471285998,76.36446384088367,Udayamperoor,Kerala,682305,ChargeMod (IN),Operational,True,30.0,1,True,2026-02-25T12:32:00Z,2026-02-25T12:32:00Z
478859,Keys Select Kochi,9.933191620753021,76.30004944680684,Kochi,Kerala,682013,ChargeMod (IN),Operational,True,60.0,1,True,2026-02-25T12:26:00Z,2026-02-25T12:26:00Z
478858,Lemon Tree Vembanad Lake Resort,9.619244355956297,76.37218582016601,Muhamma,Kerala,688525,ChargeMod (IN),Not Operational,False,60.0,2,True,2026-02-25T12:24:00Z,2026-02-25T12:24:00Z
478857,Key Select Thiruvananthapuram,8.494716714177173,76.95231017696483,Thiruvananthapuram,Kerala,695001,ChargeMod (IN),Operational,True,30.0,1,True,2026-02-25T12:21:00Z,2026-03-16T12:57:00Z
478856,Lemon Tree Hotel,8.493284029472079,76.95731609551763,,Kerala,695001,ChargeMod (IN),Operational,True,30.0,1,True,2026-02-25T12:19:00Z,2026-03-16T12:56:00Z
478855,KKOH,8.194502907329976,77.39441636405729,Nagercoil,Tamil Nadu,629003,ChargeMod (IN),Operational,True,60.0,2,False,2026-02-25T12:10:00Z,2026-02-25T12:14:00Z
478854,Regen Energy,10.666222948787706,76.11344399451855,Kechery,Kerala,680604,ChargeMod (IN),Operational,True,80.0,2,True,2026-02-25T11:56:00Z,2026-02-25T11:56:00Z
478520,Driftnatuon Food Court NH44,16.814493844888574,78.14832853615515,,Telangana,509242,Chargezone (India),Operational,True,60.0,2,True,2026-02-21T07:37:00Z,2026-02-21T07:38:00Z
478519,Driftnation Food Court NH44,16.81475506843826,78.14840023044755,,Telangana,509242,JIO BP Pulse (India),Operational,True,60.0,2,True,2026-02-21T07:35:00Z,2026-02-21T07:39:00Z
478491,SK Volt Hub Kovoor,11.268432385552984,75.83115597227672,Kozhikode,Kerala,673014,Zeon Charging,Operational,True,60.0,2,True,2026-02-20T11:55:00Z,2026-02-20T12:00:00Z
477284,NE-4 KFC Parking,27.73556257243409,76.98387710828884,,Haryana,,Statiq (IN),Operational,True,120.0,2,True,2026-02-12T14:16:00Z,2026-02-13T14:35:00Z
475941,Hotel Highway King,26.83003059112643,75.57120343985028,,Rajasthan,303007,Statiq (IN),Operational,True,60.0,4,True,2026-02-11T07:40:00Z,2026-02-13T14:35:00Z
475886,Old Rao Hotel,26.63638296566327,75.10221733386027,Dudu,rajasthan,,Adani Gas-EV (TR),Operational,True,30.0,2,True,2026-02-10T07:58:00Z,2026-02-13T08:02:00Z
475875,Earthtron EV,27.56255202357048,76.07508906161235,Paota,Rajasthan,303106,EarthtronEV (IN),Operational,True,30.0,2,True,2026-02-10T04:38:00Z,2026-02-13T14:35:00Z
475874,Earthtron EV,27.56255202357048,76.07508906161235,Paota,Rajasthan,303106,CHARGE+,Operational,True,30.0,2,True,2026-02-10T04:38:00Z,2026-02-13T04:41:00Z
475873,Mannat,27.56240731948739,76.07497800868437,Paota,Rajasthan,303106,Charge_iN by Mahindra,Operational,True,180.0,4,True,2026-02-10T04:36:00Z,2026-02-13T14:35:00Z
475680,Amrai Resort,17.63735818944548,74.01217807085504,Satara,MH,,Chargezone (India),Operational,True,60.0,3,True,2026-02-08T09:58:00Z,2026-04-09T13:03:00Z
475673,Tata.Ev Vapi,20.38011025856339,72.9144548806346,Vapi,Gujarat ,,Chargezone (India),Operational,True,120.0,2,True,2026-02-08T09:24:00Z,2026-02-08T09:24:00Z
475671,BPCL EV Dharamshala Road,32.21450538531376,76.31693962970235,Dharamshala ,Himachal Pradesh,176200,eDrive BPCL (IN),Operational,True,60.0,2,True,2026-02-08T09:16:00Z,2026-02-08T09:16:00Z
475660,Bundelkhand Expressway 188 Km Rest Area,26.33694245728,79.37007254737911,,Uttar Pradesh,,Adani Gas-EV (TR),Operational,True,240.0,7,True,2026-02-08T06:47:00Z,2026-02-11T06:52:00Z
475659,Bundelkhand Expressway Chitrakoot Toll,25.252444564396335,80.74364419320561,,Uttar Pradesh,210202,Adani Gas-EV (TR),Operational,True,240.0,6,True,2026-02-08T04:06:00Z,2026-02-11T04:06:00Z
475550,JIO-BP Pulse,18.82290770769148,78.32172267909633,Armoor,Telangana,503200,JIO BP Pulse (India),Operational,True,60.0,1,True,2026-02-07T05:08:00Z,2026-02-10T05:11:00Z
475512,NH44,15.886334147441593,78.01636638843978,,Telangana,509128,Chargezone (India),Operational,True,240.0,6,True,2026-02-06T07:46:00Z,2026-02-09T07:47:00Z
475401,Sai Restaurant & Cafe,17.22435243142344,74.18016473328942,Narayanwadi,Maharashtra ,,Zeon Charging,Operational,True,60.0,2,True,2026-02-02T00:50:00Z,2026-02-02T00:50:00Z
475337,Ishyu Restaurant Jetcharge,24.89141834594497,75.96482113417042,,Rajasthan,,eDrive BPCL (IN),Operational,True,120.0,2,True,2026-02-01T14:21:00Z,2026-02-01T14:21:00Z
474598,Al Ameemi Fast Charging Station,12.105660473422844,75.21173432031628,Payyanur,Kerala,671350,ChargeMod (IN),Operational,True,40.0,2,True,2026-01-23T12:49:00Z,2026-01-23T12:49:00Z
474596,EQ TP Power | Vellur,12.149897992825927,75.2126366440724,Vellur,Kerala,670307,ChargeMod (IN),Operational,True,30.0,1,True,2026-01-23T12:46:00Z,2026-01-23T12:46:00Z
474595,EQ Sprinkle EVCS | Thaliparamba,12.048654635370426,75.34628006166724,Thaliparamba,Kerala,670143,ChargeMod (IN),Operational,True,40.0,2,True,2026-01-23T12:44:00Z,2026-01-23T12:44:00Z
474594,Chirakkal Bank EVCS,11.91670441912386,75.35830443320492,Chirakkal,Kerala,670022,ChargeMod (IN),Operational,True,30.0,1,True,2026-01-23T12:42:00Z,2026-01-23T12:42:00Z
474593,VAN-V | EVOK | Panamaram,11.72574709855104,76.07767336604513,Panamaram,Kerala,673124,ChargeMod (IN),Operational,True,60.0,2,True,2026-01-23T12:38:00Z,2026-01-23T12:38:00Z
474592,JetEV Nest Developers | Kambalakkad,11.6678126676712,76.07946996948226,Kamabalakkad,Kerala,673122,ChargeMod (IN),Operational,True,30.0,1,True,2026-01-23T12:36:00Z,2026-01-23T12:36:00Z
474589,Ecozone EVCS | Ulliyeri,11.446514859247145,75.77262022445586,Ulliyeri,Kerala,673315,ChargeMod (IN),Operational,True,30.0,1,True,2026-01-23T12:29:00Z,2026-01-23T12:29:00Z
474587,Flash Charge EVCS | Thirivangoor,11.38212989549119,75.73661185868718,Thirivangoor,,673304,ChargeMod (IN),Operational,True,25.0,1,True,2026-01-23T12:19:00Z,2026-01-23T12:19:00Z
474585,Kairali EVCS | Vengalam,11.364746011174972,75.73944992877182,Vengalam,Kerala,673318,ChargeMod (IN),Operational,True,60.0,2,True,2026-01-23T12:13:00Z,2026-01-23T12:13:00Z
474584,EVM Citroen Calicut,11.30428542732038,75.75957892280337,Kozhikode,Kerala,673005,ChargeMod (IN),Operational,True,30.0,1,True,2026-01-23T12:06:00Z,2026-01-23T12:06:00Z
474582,Shakti | EVOK Charging Hub,11.257841246701844,75.81018791903341,Kozhikode,Kerala,673016,ChargeMod (IN),Operational,True,90.0,2,True,2026-01-23T12:03:00Z,2026-01-23T12:03:00Z
474580,EcoVolt EVCS | EVOK | Pantheerankavu,11.235354677733028,75.84566829942764,Pantheerankavu,Kerala,673027,ChargeMod (IN),Operational,True,60.0,2,True,2026-01-23T12:01:00Z,2026-01-23T12:01:00Z
474578,Bisluck Energy EVCS | Vattaparamba,11.16434134008496,75.96400736946612,Edavannappara,Kerala,673648,ChargeMod (IN),Operational,True,60.0,2,True,2026-01-23T11:57:00Z,2026-01-23T11:57:00Z
474576,Elite EVOK Charging Hub | Perinthalmanna,10.977749605167759,76.242862885499,Perinthalmanna,Kerala,679322,ChargeMod (IN),Operational,True,60.0,2,True,2026-01-23T11:52:00Z,2026-01-23T11:52:00Z
474575,Sam EVCV | Perinthalmanna,10.950358143496459,76.16323671441523,Parinthalmanna,Kerala,679338,ChargeMod (IN),Operational,True,20.0,1,True,2026-01-23T11:49:00Z,2026-01-23T11:49:00Z
474574,BP Angadi | EVOK | Tirur,10.886313623740861,75.93057433099898,Tirur,Kerala,676101,ChargeMod (IN),Operational,True,30.0,1,True,2026-01-23T11:46:00Z,2026-01-23T11:48:00Z
474573,EVee Buddy | Town Plug EVCS | Palakkad,10.76489386251312,76.65199428138283,Palakkad,Kerala,678001,ChargeMod (IN),Operational,True,30.0,1,True,2026-01-23T11:32:00Z,2026-01-23T11:32:00Z
474571,EVMOD EVCS | Pudussery,10.796990864937015,76.76440925644602,Kanjikode,Kerala,678621,ChargeMod (IN),Operational,True,60.0,2,True,2026-01-23T11:30:00Z,2026-01-23T11:30:00Z
474570,EVDay EVCS | Ottappalam | Manissery,10.777715299374591,76.34122770419708,Ottappalam,Kerala,679522,ChargeMod (IN),Operational,True,45.0,2,True,2026-01-23T11:27:00Z,2026-01-23T11:27:00Z
474568,K4 EV Fast Charging Station,10.705220458256875,76.0892676022388,Kunnamkulam,Kerala,680519,ChargeMod (IN),Operational,True,60.0,2,True,2026-01-23T11:24:00Z,2026-02-20T15:45:00Z
474567,VKJ | Flash Charge EVCS | Chettuva,10.521423220390915,76.05127900964453,Chettuva,Kerala,680569,ChargeMod (IN),Operational,True,60.0,2,True,2026-01-23T11:21:00Z,2026-01-23T11:21:00Z
474565,Duke Communications | Pazhuvil,10.416437872608014,76.1536747860506,Pazhuvil,Kerala,680565,ChargeMod (IN),Operational,True,30.0,1,True,2026-01-23T11:19:00Z,2026-01-23T11:19:00Z
474564,Amigo EV Charge Hub | Marygiri | Vadakkenchery,10.584055517894868,76.4358174230016,Vadakkenchery,Kerala,678683,ChargeMod (IN),Operational,True,30.0,1,True,2026-01-23T11:16:00Z,2026-01-23T11:16:00Z
474563,Turbo EV Charge Hub | Mannuthi Bypass,10.528605753564008,76.25562112844545,Mannuthi,Kerala,680655,ChargeMod (IN),Operational,True,40.0,2,True,2026-01-23T11:11:00Z,2026-01-23T11:11:00Z
474562,EVOK Charging Hub | Mannuthy,10.539559645990693,76.253916842178,Mannuthi,Kerala,680657,ChargeMod (IN),Operational,True,30.0,1,True,2026-01-23T11:09:00Z,2026-01-23T11:09:00Z
474561,M Star EVCS | Koorkenchery,10.511219802362845,76.21322686637518,Thrissur,Kerala,680021,ChargeMod (IN),Operational,True,50.0,2,True,2026-01-23T11:07:00Z,2026-01-23T11:07:00Z
474560,Irrai EVCS | Chalakka,10.155044701593752,76.28093391543848,Chalakka,Kerala,683524,ChargeMod (IN),Operational,True,30.0,1,True,2026-01-23T10:35:00Z,2026-01-23T10:35:00Z
474559,SK EVCS | Kizhakkambalam,10.036476395229997,76.41865034222911,Kizhakkambalam,Kerala,683562,ChargeMod (IN),Operational,True,60.0,3,True,2026-01-23T10:32:00Z,2026-02-13T02:56:00Z
474558,Jayalakshmi Silks EVCS | CAPGO | Vennala,10.003945576726636,76.3133535047184,Vennala,Kerala,682025,ChargeMod (IN),Operational,True,60.0,4,True,2026-01-23T10:22:00Z,2026-01-23T10:22:00Z
474557,Sunvolt DLF Riverside | Vyttila,9.959224022448979,76.31419020501517,Vyttila,Kerala,682019,ChargeMod (IN),Operational,True,30.0,1,True,2026-01-23T10:17:00Z,2026-01-23T10:17:00Z
474556,Flash EVCS | Kundannoor,9.938719980937563,76.31830915617024,Kundannoor,Kerala,682304,ChargeMod (IN),Operational,True,30.0,1,True,2026-01-23T10:15:00Z,2026-01-23T10:15:00Z
474555,Adithya Shree EVCS | Ponnamveli,9.74323198081818,76.31942862417168,Cherthala,Kerala,688532,ChargeMod (IN),Operational,True,30.0,2,True,2026-01-23T10:12:00Z,2026-01-23T10:12:00Z
474554,EVee Buddy | Mangalath EVCS | Mangalathunada,10.016772858051837,76.50315706545018,Kolenchery,Kerala,686689,ChargeMod (IN),Operational,True,30.0,1,True,2026-01-23T10:10:00Z,2026-01-23T10:10:00Z
474553,Kavalangad Service Bank EVCS | EVOK,10.059068578217918,76.68397959284152,Nellimattom,Kerala,686693,ChargeMod (IN),Operational,True,60.0,2,True,2026-01-23T10:07:00Z,2026-01-23T10:07:00Z
474552,EVOK Charging Station | Meenkunnam,9.935613467019522,76.57550196671468,Meenkunnam,Kerala,686672,ChargeMod (IN),Operational,True,30.0,1,True,2026-01-23T10:05:00Z,2026-01-23T10:05:00Z
474550,EVee Buddy | Vedas Energy EVCS | Ramapuram,9.796182731293456,76.66330810978661,Ramapuram,Kerala,686576,ChargeMod (IN),Operational,True,80.0,2,True,2026-01-23T09:55:00Z,2026-01-23T09:55:00Z
474549,Qwik Volt EVCS | Kothanalloor,9.718846765722049,76.52517369004113,Ettumanoor,Kerala,686632,ChargeMod (IN),Operational,True,90.0,2,True,2026-01-23T09:52:00Z,2026-01-23T09:52:00Z
474548,Nest Homestay EVOK | Adimali,10.017257943716487,77.00066031382221,Adimali,Kerala,685565,ChargeMod (IN),Operational,True,30.0,1,True,2026-01-23T09:49:00Z,2026-01-23T09:49:00Z
474547,EVee Buddy | Everest Hotel | Idukki,9.847466205348368,76.9809564366526,Idukki,Kerala,685602,ChargeMod (IN),Operational,True,30.0,1,True,2026-01-23T09:46:00Z,2026-01-23T09:46:00Z
474546,Flash Charge EVCS | Kattappana,9.750837650469535,77.10918575774053,Kattappana,Kerala,685508,ChargeMod (IN),Operational,True,30.0,1,True,2026-01-23T09:40:00Z,2026-01-23T09:40:00Z
474545,Flash Charge EVCS | Vagamon,9.688898073953794,76.90444842810166,Vagamon,Kerala,685503,ChargeMod (IN),Operational,True,20.0,1,True,2026-01-23T09:38:00Z,2026-01-23T09:38:00Z
474544,EV Point EVCS | Pala,9.71975234535428,76.69166294010688,Pala,Kerala,686575,ChargeMod (IN),Operational,True,60.0,2,True,2026-01-23T09:35:00Z,2026-01-23T09:35:00Z
474543,EQ ChargeMate | Naalumanikkattu,9.606083638734518,76.57615046762476,Manarcadu,Kerala,686019,ChargeMod (IN),Operational,True,40.0,2,True,2026-01-23T09:33:00Z,2026-01-23T09:33:00Z
474542,Sihla Energy EVCS | Pathanadu,9.50967457321012,76.69336074121975,Pathanadu,Kerala,686542,ChargeMod (IN),Operational,True,60.0,2,True,2026-01-23T09:29:00Z,2026-01-23T09:29:00Z
474541,EQ Charis EVCS | Cheeranchira,9.478424884249108,76.56147986042515,Changanassery,Kerala,686106,ChargeMod (IN),Operational,True,30.0,1,True,2026-01-23T09:26:00Z,2026-01-23T09:26:00Z
474540,Iongrid | Thuruthy,9.473794270373645,76.52851437737809,Changanasseri,Kerala,686535,ChargeMod (IN),Operational,True,90.0,2,True,2026-01-23T09:22:00Z,2026-01-23T09:22:00Z
474539,Zap N Go,9.4177052402365,76.48812051007178,Kuttanadu,Kerala,689595,ChargeMod (IN),Operational,True,60.0,2,True,2026-01-23T09:19:00Z,2026-02-28T18:57:00Z
474538,EVOK Charging Station | Thiruvalla,9.357343562392998,76.59062444761048,Thiruvalla,Kerala,689106,ChargeMod (IN),Operational,True,80.0,2,True,2026-01-23T09:13:00Z,2026-01-23T09:13:00Z
474478,Anupama EVCS | Pathiyoor,9.211019140228416,76.50314274183074,Pathiyoor,Kerala,690508,ChargeMod (IN),Operational,True,30.0,1,True,2026-01-22T14:24:00Z,2026-01-22T14:24:00Z
474477,EQ Kalayil EVCS | Adoor,9.147193176115792,76.73240138590631,Adoor,Kerala,691523,ChargeMod (IN),Operational,True,30.0,1,True,2026-01-22T14:21:00Z,2026-01-22T14:21:00Z
474476,Throw In Foodcourt | Karunagappalli,9.067236462385125,76.53588535115716,Karunagappalli,Kerala,690518,ChargeMod (IN),Operational,True,30.0,1,True,2026-01-22T14:16:00Z,2026-01-22T14:16:00Z
474475,Best EVCS | Karunagappalli,9.046108945574417,76.5366839442604,Karunagapally,Kerala,690518,ChargeMod (IN),Operational,True,30.0,1,True,2026-01-22T14:11:00Z,2026-01-22T14:11:00Z
474474,Panamthodil Bakers | Chavara,8.983229974793687,76.53477039800418,Chavara,Kerala,698582,ChargeMod (IN),Operational,True,90.0,2,True,2026-01-22T14:09:00Z,2026-01-22T14:09:00Z
474473,Panamthodil Bakers | Chavara,8.983229974793687,76.53477039800418,Chavara,Kerala,698582,ChargeMod (IN),Operational,True,90.0,2,True,2026-01-22T14:09:00Z,2026-01-22T14:09:00Z
474472,Pontoor EVCS | Fill Nxt | Kunnicode,9.026472181320997,76.851901085588,Kunnicode,Kerala,691322,ChargeMod (IN),Operational,True,30.0,1,True,2026-01-22T14:06:00Z,2026-01-22T14:06:00Z
474471,Gilgal EVCS | Fill Nxt | Valakom,8.962957682899102,76.83555763990444,Valakom,Kerala,691532,ChargeMod (IN),Operational,True,30.0,2,True,2026-01-22T14:03:00Z,2026-01-22T14:03:00Z
474470,M Square EVOK | Kureepuzha,8.921314624972311,76.57636971126544,Kollam,Kerala,691319,ChargeMod (IN),Operational,True,50.0,2,True,2026-01-22T13:59:00Z,2026-01-22T13:59:00Z
474468,AR Square EVCS | Kavalayoor,8.713974178521198,76.77971906925859,Kavalayur,,695144,ChargeMod (IN),Operational,True,90.0,3,True,2026-01-22T13:55:00Z,2026-01-22T13:55:00Z
474467,JKV Powern Hub EVCS | Palayam,8.500476045362007,76.95228964181433,Thiruvananthapuram,Kerala,695001,ChargeMod (IN),Operational,True,90.0,2,True,2026-01-22T13:44:00Z,2026-01-22T13:44:00Z
474466,JKV Powern Hub EVCS | Palayam,8.500476045362007,76.95228964181433,Thiruvananthapuram,Kerala,695001,ChargeMod (IN),Operational,True,90.0,2,True,2026-01-22T13:43:00Z,2026-01-22T13:43:00Z
474465,Chandra EVCS | Pettah,8.494429796646727,76.93007271012243,Thiruvananthapuram,Kerala,695001,ChargeMod (IN),Operational,True,45.0,1,True,2026-01-22T13:40:00Z,2026-01-22T13:40:00Z
474464,Illam Chacka,8.491842863574092,76.9201682008487,Thriuvananthapuram,Kerala,695024,ChargeMod (IN),Operational,True,80.0,2,True,2026-01-22T13:38:00Z,2026-01-22T13:38:00Z
474463,EV Park ECVS Kazhakkoottam | Karthika Park Hotel,8.572651965073888,76.87040125713293,Thiruvananthapuram,Kerala,695001,ChargeMod (IN),Operational,True,90.0,2,True,2026-01-22T13:25:00Z,2026-01-22T13:25:00Z
474462,EQ Future Mobility Thakkaram,8.578585530292187,76.86647624850741,Thiruvananthapuram,Kerala,695001,ChargeMod (IN),Operational,True,20.0,1,True,2026-01-22T13:22:00Z,2026-01-22T15:00:00Z
474366,Rest Area Mumbai - Vadodara Expressway,22.170156061343988,73.08761282093997,Saraswani,Gujarat,,eDrive BPCL (IN),Operational,True,30.0,2,True,2026-01-19T15:25:00Z,2026-01-20T02:41:00Z
474365,NE4 Eest Area Saraswani,22.180225932979837,73.08990857907611,Saraswani,Gujarat,,eDrive BPCL (IN),Operational,True,30.0,2,True,2026-01-19T15:24:00Z,2026-01-20T02:41:00Z
474364,Hotel Empire ChargeZone,20.740672958672647,73.0356012014945,Chikhli,Gujarat,396521,Chargezone (India),Operational,True,60.0,2,True,2026-01-19T14:30:00Z,2026-01-20T02:41:00Z
474363,Home,26.6975,91.8512,Hailakandi,Assam,788151,(Unknown Operator),Operational,True,24.0,1,False,2026-01-19T14:28:00Z,2026-01-22T14:29:00Z
474191,Viraj Junction EFill EVCS,16.536666790073667,74.31995764262308,NH48,Karnataka,591229,Tata Power,Operational,True,60.0,2,True,2026-01-15T06:32:00Z,2026-01-18T06:37:00Z
473117,Tata Power Hotel Elite,26.838270570472844,80.85377711286401,Lucknow,Uttar Pradesh,226017,Tata Power,Operational,True,30.0,1,True,2026-01-13T13:15:00Z,2026-01-16T13:19:00Z
473032,Hotel Annapura,22.794234488352203,73.85882625545071,Piplod,Gujarat,,Chargezone (India),Operational,True,60.0,2,True,2026-01-12T15:22:00Z,2026-01-15T15:24:00Z
473031,Shree Kanha International Chargezone,23.386513324612196,75.05985128378688,Ratlam,Madhya Pradesh,,Chargezone (India),Operational,True,60.0,3,True,2026-01-12T15:18:00Z,2026-01-15T15:19:00Z
472820,KR RESORT,29.88678759214764,73.92823039326373,Ganganagar,Rajasthan,335001,(Unknown Operator),Operational,True,30.0,1,True,2026-01-09T18:33:00Z,2026-01-12T18:35:00Z
472811,Tata PowerYamuna Expressway Mathura RHS,27.61204701128193,77.74185073192439,Yamuna Expressway ,Uttar Pradesh,281202,Tata Power,Operational,True,120.0,4,True,2026-01-09T16:52:00Z,2026-01-12T16:55:00Z
472810,Tata Power Yamuna Expressway Mathura Exit LHS,27.55039596637711,77.75506264207092,Yamuna Expressway,Uttar Pradesh,281204,Tata Power,Operational,True,120.0,4,True,2026-01-09T16:49:00Z,2026-01-12T16:49:00Z
472808,Statiq Jaypee Agra,27.153405340639026,78.07073593311952,Agra,Uttar Pradesh ,,Statiq (IN),Operational,True,120.0,2,True,2026-01-09T16:43:00Z,2026-01-12T16:44:00Z
472798,KR RESORT,29.88699156029739,73.92473793102454,Ganganagar,Rajasthan,335001,(Unknown Operator),Operational,True,30.0,1,True,2026-01-09T01:27:00Z,2026-01-12T01:32:00Z
472532,ev,11.046407561050373,77.07956128281876,COIMBATORE,TAMILNADU,641062,(Unknown Operator),Operational,True,30.0,1,False,2026-01-04T14:53:00Z,2026-01-07T14:54:00Z
472508,Charging station,12.960850473046193,77.58182473802742,,Karnataka,560002,(Unknown Operator),Operational,True,,1,False,2026-01-04T09:52:00Z,2026-01-07T09:53:00Z
472439,Midway Treat Khushi Inn Sakadehi Betul Hotel,21.997785954355106,77.86538182767944,,Madhya Pradesh,460005,Tryk (IN),Operational,True,120.0,2,True,2026-01-02T03:47:00Z,2026-02-15T02:21:00Z
472327,Rest Area Jio BP  RHS,26.378544178688983,76.25327630896135,Bonli,Rajasthan,,JIO BP Pulse (India),Operational,True,60.0,4,True,2025-12-31T11:34:00Z,2026-01-03T11:38:00Z
472326,Lakshya Water Park,25.162225667133868,76.1663600759789,Kota District,Rajasthan,325208,Xobolt (IN),Operational,True,30.0,1,True,2025-12-31T11:32:00Z,2026-01-03T11:33:00Z
471993, Chargezone Hotel Rangoli,21.038975778372475,72.9752654100723,Navsari,GJ,,Chargezone (India),Operational,True,60.0,3,True,2025-12-26T15:44:00Z,2026-01-20T02:41:00Z
471992,DME Bonli Jio BP LHS,26.377358016679594,76.25375666945047,Bonli,RJ,,JIO BP Pulse (India),Operational,True,60.0,2,True,2025-12-26T15:34:00Z,2025-12-29T15:49:00Z
471991,DME Garoth Rest Area RHS,24.345261626028034,75.67832329584303,Garoth,MP,,Volttic (IN),Operational,True,60.0,2,True,2025-12-26T15:26:00Z,2025-12-29T15:54:00Z
471989,Volttic Delhi Mumbai Expressway LHS Garoth,24.346875612361345,75.68155965704818,Garoth,MP,,Volttic (IN),Operational,True,60.0,2,True,2025-12-26T14:58:00Z,2025-12-29T15:59:00Z
471855,K2 Highway Treat & Resort,24.684684684684683,77.3373714921519,Guna,,,Chargezone (India),Operational,True,60.0,2,True,2025-12-25T04:03:00Z,2025-12-28T04:06:00Z
471854,Green Mountain Resort,24.54054054054054,77.20867783566665,Guna,Madhya Pradesh,473110,Chargezone (India),Operational,True,60.0,2,True,2025-12-25T03:42:00Z,2025-12-28T03:46:00Z
471853,Hotel Shivani,23.96396396396412,76.93830402560593,Biora,Madhya Pradesh,,Chargezone (India),Operational,True,60.0,2,True,2025-12-25T02:27:00Z,2025-12-28T02:30:00Z
471003,160kW GREEN ENERGY EV CHARGING STATION,9.437442172035318,76.54200920369158,Changanassery,Kerala,686102,(Unknown Operator),Operational,True,160.0,6,True,2025-12-15T05:56:00Z,2026-02-10T19:56:00Z
470897,RK Mess & Restaurant,11.044939,78.055861,Manmangalam,Tamil Nadu,639006,Statiq (IN),Operational,True,60.0,2,True,2025-12-12T12:59:00Z,2025-12-15T13:02:00Z
470760,Aravai Aanandas,10.777439,77.920825,Karur,Tamil Nadu,639201,Hydra Charging (IN),Operational,True,60.0,2,True,2025-12-09T17:37:00Z,2026-02-25T12:46:00Z
470710,VSB Auto Care,10.964214297245903,78.04655560696892,Karur,Tamil Nadu,639008,Relux Electric (India),Operational,True,60.0,2,True,2025-12-08T05:44:00Z,2025-12-11T05:47:00Z
470709,AKR Textiles,10.963961710013322,78.0480420514914,Karur,Tamil Nadu,639008,Zeon Charging,Operational,True,60.0,2,True,2025-12-08T05:38:00Z,2025-12-11T05:42:00Z
469744,Volttic LHS DME,27.287131064283074,76.77469481284459,Rajpura,Rajasthan,,Volttic (IN),Operational,True,60.0,2,True,2025-11-21T16:04:00Z,2025-11-24T16:09:00Z
469742,Avantika Resort EV Cosmos,22.810459615604046,74.30068522366184,Dahod,Gujarat,,JIO BP Pulse (India),Operational,True,60.0,1,True,2025-11-21T15:59:00Z,2025-11-24T16:04:00Z
469522,Regenta Fairlark,22.287645146764476,73.13222578916577,Vadodara,Gujarat,,JIO BP Pulse (India),Operational,True,60.0,2,True,2025-11-18T12:36:00Z,2025-11-21T12:39:00Z
469517,EESL - Devinder Collections,28.633242086746723,77.22494621242714,New Delhi``,New Dehi,110001,EESL (IN),Operational,True,15.0,1,False,2025-11-18T09:42:00Z,2025-11-21T09:44:00Z
469488,Regenta Fairlark Jio,22.288523232161836,73.13209856350943,Vadodara ,GJ,,JIO BP Pulse (India),Operational,True,60.0,2,True,2025-11-17T18:00:00Z,2025-11-21T09:04:00Z
469487,Hyundai EV Chg Stn Manor,19.67794066125505,72.90804616555647,Manor,MH,,Chargezone (India),Operational,True,60.0,2,True,2025-11-17T17:55:00Z,2025-11-24T16:19:00Z
469384,Shree Bihariji Filling Station,29.176436522821103,79.49640945838406,Haldwani,Uttarakhand,263139,(Unknown Operator),Operational,True,30.0,1,True,2025-11-14T09:08:00Z,2025-11-17T09:09:00Z
469383,BPCL Royal Fuel Station,29.22417745217187,79.50104336869471,Haldwani,Uttarakhand,263139,(Unknown Operator),Temporarily Unavailable,True,30.0,1,True,2025-11-14T09:00:00Z,2025-11-17T09:04:00Z
469382,Fortune Walkway Mall,29.245389718988378,79.53597170568463,Haldwani,Uttarakhand,263139,Chargezone (India),Operational,True,60.0,2,True,2025-11-14T08:50:00Z,2025-11-17T08:54:00Z
469381,Bikanerwala Sweets Haldwani (Aargo),29.214919408875087,79.52798465647824,Haldwani,Uttarakhand,263139,(Unknown Operator),Operational,True,24.0,1,False,2025-11-14T08:42:00Z,2025-11-17T08:44:00Z
469380,Bharat Petroleum - Janta Petrol Pump,29.18654205912064,79.52084262648205,Haldwani,Uttarakhand,263139,(Unknown Operator),Temporarily Unavailable,True,,1,False,2025-11-14T08:28:00Z,2025-11-21T09:04:00Z
469357,Tata Power- Ginger Hotel Pantnagar,28.998167113138976,79.41578575985898,Rudrapur,Uttarakhnad,263153,Tata Power,Operational,True,30.0,2,True,2025-11-13T09:11:00Z,2025-11-16T09:14:00Z
469356,Ecoplug Radisson Blu Hotel,29.000382131496686,79.3998773770921,Rudrapur,Uttarakhand,263153,Ecoplug,Operational,True,118.0,2,True,2025-11-13T08:57:00Z,2025-11-16T08:59:00Z
469355,BP-RUDRAPUR,28.994841574837153,79.40068624557932,Rudrapur,Uttarakhand,263153,Statiq (IN),Operational,True,60.0,2,True,2025-11-13T08:53:00Z,2025-11-16T08:54:00Z
469354,PREM SINGH & SONS (BPCL Charging Station),28.978596821134563,79.40045316567043,Rudrapur,Uttarakhnad,263153,Statiq (IN),Operational,True,30.0,1,True,2025-11-13T08:47:00Z,2025-11-16T08:49:00Z
469353, Rudra Continental,28.9758485356967,79.38954231232401,Rudrapur,Uttarakhand,263153,Chargezone (India),Operational,True,60.0,2,True,2025-11-13T08:37:00Z,2025-11-16T08:39:00Z
464561,Sagar Tranport Company,28.931216494533412,79.51703689220533,Kichha,Uttarakhand,263148,(Unknown Operator),Temporarily Unavailable,True,60.0,2,True,2025-11-11T07:13:00Z,2025-11-17T09:04:00Z
464560,Yash Filling Station,28.870833636540105,79.51648005148428,Kichha,Uttarakhand,263148,(Unknown Operator),Temporarily Unavailable,True,60.0,2,True,2025-11-11T07:09:00Z,2025-11-17T09:04:00Z
464559,2012531-PRAKASH PETROLEUM,28.89269395171297,79.50956370102392,Kichha,Uttarakhand,263148,(Unknown Operator),Temporarily Unavailable,True,30.0,1,True,2025-11-11T07:05:00Z,2025-11-17T09:04:00Z
464531,GLIDA JANESHWAR MISHRA PARK ,26.837999215582457,80.98672704173009,LUCKNOW,UTTAR PRADESH ,226010,GE WattStation (No longer active),Operational,True,1200.0,9,True,2025-11-10T11:49:00Z,2025-11-14T06:24:00Z
464530,GLIDA LOHIA PARK,26.85721068820618,80.98223515437166,LUCKNOW,UTTAR PRADESH,226012,GE WattStation (No longer active),Operational,True,120.0,8,True,2025-11-10T11:45:00Z,2025-11-14T06:24:00Z
464405,Khajuraho Airport,24.810179062230326,79.91151232004376,Khajuraho,MP,,Adani Gas-EV (TR),Operational,True,60.0,1,True,2025-11-09T08:56:00Z,2025-11-14T06:24:00Z
462394,Hotel Bundela,24.841217998336436,79.92095530109164,Khajuraho,MP,,Adani Gas-EV (TR),Operational,True,30.0,2,True,2025-10-24T03:13:00Z,2025-10-27T03:14:00Z
462380,Cube Stop NH-44,21.91423639914423,79.52636658703716,Mohgaon,MP,,Statiq (IN),Operational,True,120.0,2,True,2025-10-22T12:35:00Z,2025-10-25T12:39:00Z
461277,Shashtri Nagar ,18.503925778446245,73.80373433483828,Pune,Maharashtra,411038,(Unknown Operator),Partly Operational (Mixed),True,1.0,1,False,2025-09-19T18:39:00Z,2025-09-22T18:40:00Z
461160,Tata Power - Electric Vehicle Charging Station,29.163755,79.522706,Haldwani,Uttarakhand,263139,Tata Power,Operational,True,25.0,2,True,2025-09-15T09:14:00Z,2025-09-18T09:19:00Z
461021,FC - TataPower - TMSC Chandrani Enterprises,23.66383145481386,87.0578281055806,Asansol,West Bengal,713332,Tata Power,Operational,True,25.0,2,True,2025-09-07T03:18:00Z,2025-09-11T10:34:00Z
461004,FC - TataPower - Hotel Sumandeep,23.765173283966945,86.80574019219654,Dhanbad,Jharkhand,828203,Tata Power,Operational,True,30.0,1,True,2025-09-06T18:33:00Z,2025-09-09T18:38:00Z
460962,D N R Fuel Point,20.634269503751185,78.92731552499234,,Maharashtra,,eDrive BPCL (IN),Operational,True,120.0,2,True,2025-09-06T11:24:00Z,2026-01-14T06:27:00Z
460960,Green Garden Family Restaurant,24.012189825746717,86.03378565807299,Dumri,Jharkhand,825167,Tata Power,Operational,True,25.0,1,True,2025-09-06T06:25:00Z,2025-09-09T06:27:00Z
460636,Hotel Kantara Dine,13.06457377178711,77.25712516384169,Solur,Karnataka,562127,Tata Power,Operational,True,30.0,2,True,2025-08-30T14:05:00Z,2025-08-30T14:05:00Z
460478,Burger King,12.960134461557354,76.33023905539169,Udayapura,Karnataka ,573225,Zeon Charging,Operational,True,120.0,4,True,2025-08-20T15:14:00Z,2025-08-30T13:57:00Z
460205,Konnagar,21.65144351225736,87.65139955261463,Kolkata,west bengal,712235,(Unknown Operator),Operational,True,,1,False,2025-08-02T06:49:00Z,2025-08-05T06:54:00Z
459990,Jio-BP Pulse,13.6062729,77.7872747,Yellagallahalli,,562104,JIO BP Pulse (India),Operational,True,60.0,2,True,2025-07-22T12:05:00Z,2025-07-25T12:09:00Z
458918,Tata.ev Luxon Motors - Tata Power,10.011484735873452,76.31138749922593,Edappally ,Kerala,682024,Tata Power,Operational,True,60.0,2,True,2025-06-24T18:12:00Z,2025-06-24T18:12:00Z
458917,TML Sree Gokulam Motors - Tata Power,10.03915496555662,76.31555880759106,Edappally,Kerala,682033,Tata Power,Operational,True,30.0,1,True,2025-06-24T18:09:00Z,2025-06-24T18:09:00Z
458916,Tata.ev Gokulam Motors - Tata Power,10.081302790405843,76.33946199404113,Choornikkara,Kerala,683106,Tata Power,Operational,True,60.0,2,True,2025-06-24T18:06:00Z,2025-06-24T18:06:00Z
458915,Taj Cochin Internation Airport Hotel - Tata Power,10.159995038034907,76.39015421888632,Nedumbassery ,Kerala,683572,Tata Power,Operational,True,30.0,1,True,2025-06-24T18:02:00Z,2025-06-24T18:02:00Z
458914,SAJ Earth Resort - Tata Power,10.162224246244605,76.3846534973361,Nedumbassery,Kerala,683572,Tata Power,Operational,True,30.0,1,True,2025-06-24T18:00:00Z,2025-06-24T18:00:00Z
458913,Luxon Motors - Tata Power,10.162042049613518,76.36735603462671,Kariyad,Kerala,683589,Tata Power,Operational,True,30.0,1,True,2025-06-24T17:56:00Z,2025-06-24T17:56:00Z
458912,Sree Gokulam Motors - Tata Power,10.221060359476041,76.3767521330019,Angamaly,Kerala,683572,Tata Power,Operational,True,30.0,1,True,2025-06-24T17:53:00Z,2025-06-24T17:53:00Z
458911,Centro Mall Charging Station - Tata Power,10.232489483292568,76.19594022414185,Kodungallur,Kerala,680664,Tata Power,Operational,True,30.0,1,True,2025-06-24T17:50:00Z,2025-06-24T17:50:00Z
458910,IOCL Thiruvonam Fuels - Tata Power,10.769830981411019,76.6680965040648,Palakkad,Kerala,678013,Tata Power,Operational,True,30.0,2,True,2025-06-24T17:46:00Z,2025-06-24T17:46:00Z
458909,KVR Automotive - Tata Power,10.782258203557745,76.65824510709217,Koppam,Kerala,678001,Tata Power,Operational,True,30.0,1,True,2025-06-24T17:43:00Z,2025-06-24T17:43:00Z
458908,Gokulam Residency - Tata Power,10.436187097899406,76.2652058281742,Amballur,Kerala,680301,Tata Power,Operational,True,25.0,1,True,2025-06-24T17:38:00Z,2025-06-24T17:38:00Z
458907,Tata.ev Hyson Motors - Tata Power,10.496728474625243,76.25836131243113,Thrissur,Kerala,680014,Tata Power,Operational,True,60.0,2,True,2025-06-24T17:35:00Z,2025-06-24T17:35:00Z
458906,PCK Centenary,10.522940422798897,76.20624766653009,Thrissur,Kerala,680004,Tata Power,Operational,True,30.0,1,True,2025-06-24T17:33:00Z,2025-06-24T17:33:00Z
458905,TML Hyson Motors - Tata Power,10.540422993964356,76.18967782467394,Thrissur,Kerala,680002,Tata Power,Operational,True,25.0,2,True,2025-06-24T17:30:00Z,2025-06-24T17:30:00Z
458904,Hotel Gokulam Sabari - Tata Power,10.596356977075132,76.0429344292022,Guruvayur,Kerala,680101,Tata Power,Operational,True,25.0,2,True,2025-06-24T17:26:00Z,2025-06-24T17:26:00Z
314018,Shirdi,19.75759398843948,74.47634733215602,Shirdi ,Maharashtra,423107,(Unknown Operator),Operational,True,30.0,1,True,2025-06-20T04:24:00Z,2025-06-23T04:29:00Z
313995,InFour Wheel Care And Tyres - Tata Power,10.960237966009913,76.23467881441366,Perinthalmanna,Kerala,679322,Tata Power,Operational,True,25.0,1,True,2025-06-18T12:22:00Z,2025-06-18T12:22:00Z
313994,TML KVR Automotive - Tata Power,10.984502724399704,76.18784701110644,Perinthalmanna,Kerala,679322,Tata Power,Operational,True,30.0,1,True,2025-06-18T12:18:00Z,2025-06-18T12:18:00Z
313993,IOCL Sigma Enterprises Charging Station - Tata Power,10.897914194795774,76.06100966592317,Valanchery,Kerala,676552,Tata Power,Operational,True,30.0,1,True,2025-06-18T12:13:00Z,2025-06-18T12:13:00Z
313992,AAK Mall,10.918580614575077,75.91779832596808,Tirur,Kerala,676101,Tata Power,Operational,True,30.0,1,True,2025-06-18T12:08:00Z,2025-06-18T12:08:00Z
313991,Tata.ev Store Malappuram,11.052515251663408,76.07764045262866,Malappuram,Kerala,676505,Tata Power,Operational,True,60.0,2,True,2025-06-18T12:00:00Z,2025-06-18T12:00:00Z
313990,A M Tyres Malappuram - Tata Power,11.060402531981708,76.08084415906978,Malappuram,Kerala,676517,Tata Power,Operational,True,30.0,1,True,2025-06-18T11:56:00Z,2025-06-18T11:56:00Z
313989,Hotel Gokulam Relax Park,11.118906106281457,76.11847374415197,Manjeri,Kerala,676121,Tata Power,Operational,True,25.0,2,True,2025-06-18T11:50:00Z,2025-06-18T11:50:00Z
313988,One Stop Automotive Cahrging Station - Tata Power,11.204146203983242,76.13673353482534,Edavanna,Kerala,676123,Tata Power,Operational,True,60.0,2,True,2025-06-18T11:45:00Z,2025-06-18T11:45:00Z
313980,Moto Town Auto Hub - Tata Power,11.223249596398574,76.216915246844,Wandoor,Kerala,679328,Tata Power,Operational,True,30.0,1,True,2025-06-17T12:04:00Z,2025-06-17T12:04:00Z
313979,IOCL Aaditya Petroleum Naduvath Charging Station - Tata Power,11.211054369500445,76.22468507295008,Wandoor,Kerala,679328,Tata Power,Temporarily Unavailable,True,30.0,1,True,2025-06-17T12:00:00Z,2025-06-17T12:00:00Z
313978,Calicut Airport Charging Station - Tata Power,11.140292270314333,75.94831371133864,Kondotty,Kerala,673647,Tata Power,Operational,True,60.0,2,True,2025-06-17T11:56:00Z,2025-06-17T11:56:00Z
313955,TML Marina Motors - Tata Power,11.216965265185237,75.85795106094037,Kozhikode,Kerala,673019,Tata Power,Operational,True,25.0,2,True,2025-06-16T12:50:00Z,2025-06-16T12:50:00Z
313954,Rotana Motors Meenchanda - Tata Power,11.213908526645213,75.80263211133581,Meenchanda,Kerala,673027,Tata Power,Operational,True,30.0,1,True,2025-06-16T12:47:00Z,2025-06-16T12:47:00Z
313953,IOCL Lakshmi Sales & Service - Tata Power,11.233626863224842,75.80323852757283,Kozhikode,Kerala,673029,Tata Power,Operational,True,30.0,1,True,2025-06-16T12:45:00Z,2025-06-16T12:45:00Z
313952,Gokulam Galleria Mall - Tata Power,11.258465133509901,75.79290611849729,Kozhikode,Kerala,673004,Tata Power,Operational,True,25.0,5,True,2025-06-16T12:41:00Z,2025-06-16T12:41:00Z
313951,Hotel Hyson Heritage - Tata Power,11.259214498820043,75.77933452309298,Kozhikode,Kerala,673004,Tata Power,Operational,True,25.0,2,True,2025-06-16T12:36:00Z,2025-06-16T12:36:00Z
313950,Taj The Gateway Hotel - Tata Power,11.25868982319139,75.77397870788238,Kozhikode,Kerala,673032,Tata Power,Operational,True,30.0,2,True,2025-06-16T12:30:00Z,2025-06-16T12:30:00Z
313949,Taj The Gateway Hotel - Tata Power,11.259029053106843,75.77370839324391,Kozhikode,Kerala,673032,Tata Power,Operational,True,7.4,2,False,2025-06-16T12:28:00Z,2025-06-16T12:28:00Z
313947,IOCL Engapuzha Fuel - Tata Power,11.465050129739268,75.97017469880149,Engapuzha,Kerala,673586,Tata Power,Operational,True,25.0,1,True,2025-06-16T12:23:00Z,2025-06-16T12:23:00Z
313946,IOCl Balaji Petroleum - Tata Power,11.660943020691448,76.24002282400443,Sulthan Bathery,Kerala,673592,Tata Power,Operational,True,30.0,1,True,2025-06-16T12:19:00Z,2025-06-16T12:19:00Z
313945,Hotel Saugandhika Charging Station - Tata Power,11.6593282557467,76.20718522782687,Meenangadi,Kerala,673591,Tata Power,Operational,True,60.0,2,True,2025-06-16T12:16:00Z,2025-06-16T12:16:00Z
313944,TML Marina Motors Pvt. Ltd. Kalpetta - Tata Power,11.637352766290704,76.09468538005217,Kalpetta,Kerala,673122,Tata Power,Operational,True,30.0,1,True,2025-06-16T12:10:00Z,2025-06-16T12:10:00Z
313943,Taj Wayanad Resort and Spa- Tata Power,11.6576333638655,75.96043177655011,Padinjarathara,Kerala,673575,Tata Power,Operational,True,30.0,2,True,2025-06-16T12:07:00Z,2025-07-27T06:16:00Z
313942,KVR Dream Vehicles Thalassery - Tata Power,11.761734248724949,75.50906837861191,Thalassery,Kerala,670107,Tata Power,Operational,True,30.0,1,True,2025-06-16T12:03:00Z,2025-06-16T12:03:00Z
313941,IOCL - MK Petroleum - Tata Power,11.860150179085252,75.41434121644008,Thazhe Chovva,Kerala,670018,Tata Power,Operational,True,30.0,1,True,2025-06-16T11:58:00Z,2025-06-16T11:58:00Z
313940,KVR Dream Vehicles Service Centre - Tata Power,11.990685920762218,75.65802183107732,Iritty,Kerala,670703,Tata Power,Operational,True,30.0,1,True,2025-06-16T11:52:00Z,2025-06-16T11:52:00Z
313925,KVR Dream Vehicle - Tata Power,11.83285672150295,75.42644169657501,Nadal,Kerala,670007,Tata Power,Operational,True,25.0,2,True,2025-06-15T16:37:00Z,2025-06-15T16:37:00Z
313924,Tata.ev KVR Dreams Kannur - Tata Power,11.860830340847158,75.41186777793837,Kannur ,Kerala,670018,Tata Power,Operational,True,30.0,2,True,2025-06-15T16:29:00Z,2025-06-16T11:54:00Z
313923,KVR Dream Vehicles Service Center - Tata Power,12.120003262388039,75.21755451244977,Payyanur,Kerala,670307,Tata Power,Operational,True,30.0,1,True,2025-06-15T16:24:00Z,2025-06-15T16:24:00Z
313922,V-Net Shopping Complex - Tata Power,12.175048478868092,75.1934333250936,Payyannur,Kerala,670521,Tata Power,Operational,True,30.0,1,True,2025-06-15T16:19:00Z,2025-06-15T16:19:00Z
313921,Taj Bekkal - Tata Power,12.42338327765249,75.01475480358593,Bekkal,Kerala,671319,Tata Power,Operational,True,7.4,2,False,2025-06-15T16:13:00Z,2025-06-15T16:13:00Z
313920,TML KVR Dream Vehicles EVCS - Tata Power,12.513454412772603,75.02712293765927,Kasaragod,Kerala,671123,Tata Power,Temporarily Unavailable,True,30.0,1,True,2025-06-15T16:08:00Z,2025-06-15T16:08:00Z
313919,IOCL Top Fuels Karanthakkad Charging Station - Tata Power,12.509407895012473,74.98611113925955,Kasaragod,Kerala,671123,Tata Power,Operational,True,30.0,1,True,2025-06-15T16:04:00Z,2025-06-15T16:04:00Z
313918,Eco Charge Hub - GO EC,8.353208648493009,77.05379011708595,Thiruvananthapuram ,Kerala,695524,GO EC (IN),Operational,True,60.0,3,True,2025-06-15T15:46:00Z,2025-06-15T15:46:00Z
313917,Rajco EVCS - GO EC,8.394252774929768,77.08872897393405,Neyyattinkara,Kerala,695121,GO EC (IN),Operational,True,30.0,4,True,2025-06-15T15:43:00Z,2025-06-15T15:43:00Z
313916,Appolo Dimora Hotel EVCS - GO EC,8.48866100741148,76.95075167233603,Thiruvananthapuram ,Kerala,695014,GO EC (IN),Operational,True,30.0,1,True,2025-06-15T15:39:00Z,2025-06-15T15:39:00Z
313915,Lulu International Mall EVCS - GO EC,8.515262881600336,76.89815843780872,Thiruvananthapuram ,Kerala,695021,GO EC (IN),Operational,True,60.0,11,True,2025-06-15T15:35:00Z,2025-06-15T15:35:00Z
313914,Trivandrum UST Campus EVCS - GO EC,8.539993047929073,76.88442500297742,Thiruvananthapuram ,Kerala,695583,GO EC (IN),Operational,True,7.4,6,False,2025-06-15T15:32:00Z,2025-06-15T15:32:00Z
313913,Karthika Residency Hotel EVCS - GO EC,8.728845866034803,76.89844751364274,Karette,Kerala,695608,GO EC (IN),Operational,True,80.0,2,True,2025-06-15T15:26:00Z,2025-06-15T15:26:00Z
313912,KKP Renewables EVCS - GO EC,8.734523377793522,76.89801647227131,Karette,Kerala,695612,GO EC (IN),Operational,True,30.0,1,True,2025-06-15T15:23:00Z,2025-06-15T15:23:00Z
313911,Aeron EVCS - GO EC,8.686808046081069,76.82402232674082,Attingal,Kerala,695101,GO EC (IN),Operational,True,30.0,2,True,2025-06-15T15:18:00Z,2025-06-15T15:18:00Z
313910,Zenith EVCS - GO EC,8.733067658594678,76.81064655334814,Attingal,Kerala,695605,GO EC (IN),Operational,True,30.0,1,True,2025-06-15T15:16:00Z,2025-06-15T15:16:00Z
313909,Orion Plaza EVCS - GO EC,8.863426989733298,76.8712078360212,Chadayamangalam,Kerala,691534,GO EC (IN),Operational,True,60.0,3,True,2025-06-15T15:12:00Z,2025-06-15T15:12:00Z
313908,Power Up EVCS - GO EC,8.74908605012898,76.70581858621796,Varkala,Kerala,695311,GO EC (IN),Operational,True,25.0,2,True,2025-06-15T15:07:00Z,2025-06-15T15:07:00Z
313907,Green Planet EVCS - GO EC,8.982143340998263,76.80932966421278,Kottarakkara,Kerala,691531,GO EC (IN),Operational,True,30.0,2,True,2025-06-15T15:02:00Z,2025-06-15T15:02:00Z
313906,RK EVCS - GO EC,8.948246626469512,76.64624714068498,Kundara,Kerala,691511,GO EC (IN),Operational,True,30.0,2,True,2025-06-15T14:59:00Z,2025-06-15T14:59:00Z
313905,SK EVCS - GO EC,9.070991645604138,76.8563112284703,Pathanapuram,Kerala,689695,GO EC (IN),Operational,True,25.0,2,True,2025-06-15T14:55:00Z,2025-06-15T14:55:00Z
313904,Erathu Motors EVCS - GO EC,9.051367403391126,76.70324696297251,Puthoor,Kerala,691507,GO EC (IN),Operational,True,30.0,2,True,2025-06-15T14:51:00Z,2025-06-15T14:51:00Z
313903,Vrindavan EVCS - GO EC,9.045128433314076,76.77360003943176,Inchakkad,Kerala,691560,GO EC (IN),Operational,True,60.0,4,True,2025-06-15T14:44:00Z,2025-06-15T14:44:00Z
313902,JB Power EVCS - GO EC,9.116847049005273,76.74511188165377,Adoor,Kerala,691554,GO EC (IN),Operational,True,60.0,3,True,2025-06-15T14:39:00Z,2025-06-15T14:39:00Z
313901,Peninsula Park Residency EVCS - GO EC,9.145305964259492,76.76585838641842,Adoor,Kerala,691554,GO EC (IN),Operational,True,30.0,1,True,2025-06-15T14:35:00Z,2025-06-15T14:35:00Z
313900,Green Earth - GO EC,9.153564153649185,76.73554436189625,Adoor,Kerala,691523,GO EC (IN),Operational,True,60.0,3,True,2025-06-15T14:32:00Z,2025-06-15T14:32:00Z
313899,Sparkzone EVCS - GO EC,9.14579459592612,76.45936322492247,Kayamkulam,Kerala,690535,GO EC (IN),Operational,True,25.0,2,True,2025-06-15T14:29:00Z,2025-06-15T14:29:00Z
313898,Zufo EVCS,9.132307411349302,76.51385828713245,Karunagappalli,Kerala,690526,GO EC (IN),Operational,True,25.0,1,True,2025-06-15T14:18:00Z,2025-06-15T14:18:00Z
313897,Cartist - GO EC,9.184739728702354,76.49029683829167,Kayamkulam,Kerala,690502,GO EC (IN),Operational,True,60.0,4,True,2025-06-15T14:15:00Z,2025-06-15T14:15:00Z
313896,V Volte EVCS - GO EC,9.289000834095233,76.45653569251749,Haripad,Kerala,690514,GO EC (IN),Operational,True,25.0,2,True,2025-06-15T14:11:00Z,2025-06-15T14:11:00Z
313895,Anjaly EVCS - GO EC,9.246935401622352,76.75730779092834,Omallor,Kerala,689647,GO EC (IN),Operational,True,30.0,2,True,2025-06-15T14:08:00Z,2025-06-15T14:08:00Z
313894,Evergreen Continental EVCS - GO EC,9.26377680925411,76.7854352998848,Pathanamthitta,Kerala,689645,GO EC (IN),Operational,True,30.0,1,True,2025-06-15T14:04:00Z,2025-06-15T14:04:00Z
313893,Quik Energy EVCS - GO EC,9.311533026822985,76.62272052601361,Chengannur,Kerala,689122,GO EC (IN),Operational,True,60.0,4,True,2025-06-15T14:00:00Z,2025-06-15T14:00:00Z
313892,Amrutham Auto Care EVCS - GO EC,9.342144722861462,76.59848783947041,Chengannur,Kerala,689124,GO EC (IN),Operational,True,30.0,2,True,2025-06-15T13:57:00Z,2025-06-15T13:57:00Z
313891,Changanassery Immaculate Mary EVCS,9.459860217939863,76.55518358905402,Changanassery,Kerala,686104,GO EC (IN),Operational,True,25.0,2,True,2025-06-15T13:52:00Z,2025-06-15T13:52:00Z
313890,Calvarymount Jerry Plaza,9.80694248889715,77.04794025522557,Alliyar,Kerala,685515,GO EC (IN),Operational,True,30.0,1,True,2025-06-15T13:47:00Z,2025-06-15T13:47:00Z
313889,Westgate Inn EVCS - GO EC,9.747617293321468,77.10541770305377,Kattappana,Kerala,685508,GO EC (IN),Operational,True,25.0,1,True,2025-06-15T13:44:00Z,2025-06-15T13:44:00Z
313888,GO EC Charging Station,9.665398819574932,77.16084695044691,Idukki,Kerala,685512,GO EC (IN),Operational,True,30.0,2,True,2025-06-15T13:40:00Z,2025-06-15T13:40:00Z
313887,Sora EVCS - GO EC,9.614445835422885,77.15390991011253,Kumali,Kerala,685509,GO EC (IN),Operational,True,30.0,2,True,2025-06-15T13:37:00Z,2025-06-15T13:37:00Z
313886,Open Kitchen EVCS - GO EC,9.580204298452543,76.97061172783384,Kuttikkanam,Kerala,685531,GO EC (IN),Operational,True,60.0,3,True,2025-06-15T13:35:00Z,2025-06-15T13:35:00Z
313885,Nandanam EVCS - GO EC,9.56707472944133,76.70609404363415,Kodungoor,Kerala,686504,GO EC (IN),Operational,True,30.0,1,True,2025-06-15T13:30:00Z,2025-06-15T13:30:00Z
313884,Clay Art Cafe - GO EC,9.566378511526395,76.74160751395914,Ponkunnam,Kerala,686506,GO EC (IN),Operational,True,25.0,2,True,2025-06-15T13:23:00Z,2025-06-15T13:23:00Z
313883,GO Green EVCS,9.753999722373322,76.70127896431035,Anthikkad,Kerala,686651,GO EC (IN),Operational,True,80.0,2,True,2025-06-15T13:18:00Z,2026-02-25T17:57:00Z
313882,Nila's Magestic Arcade,9.683248151452077,76.60975356992105,Kidangoor,Kerala,686572,GO EC (IN),Operational,True,30.0,1,True,2025-06-15T13:15:00Z,2025-06-15T13:15:00Z
313881,Ettumanur Skylight EVCS - GO EC,9.668171829463475,76.57537881809179,Ettumanoor,Kerala,686631,GO EC (IN),Operational,True,60.0,3,True,2025-06-15T13:10:00Z,2025-06-15T13:11:00Z
313880,Chaithanya Hospital EVCS - GO EC,9.761923840599692,76.56472253025936,Kuravilangad,Kerala,686633,GO EC (IN),Operational,True,25.0,2,True,2025-06-15T13:05:00Z,2025-06-15T13:05:00Z
313879,Manjoor Beeza Clubhouse EVCS - GO EC,9.727579425560023,76.52038777302698,Manjoor,Kerala,686603,GO EC (IN),Operational,True,30.0,1,True,2025-06-15T13:03:00Z,2025-06-15T13:03:00Z
313878,Kalladanthiyil EVCS - GO EC,9.68333687975506,76.50559380666749,Neendoor,Kerala,686601,GO EC (IN),Operational,True,30.0,2,True,2025-06-15T12:58:00Z,2025-06-15T12:58:00Z
313877,The Grand Ambassador EVCS,9.589399335956784,76.52633053455003,Kottayam ,Kerala,686001,GO EC (IN),Operational,True,30.0,1,True,2025-06-15T12:53:00Z,2025-06-15T12:53:00Z
313876,Hotel Athira Residency EVCS - GO EC,9.578258767585766,76.51947056358193,Kottayam,Kerala,686013,GO EC (IN),Operational,True,80.0,2,True,2025-06-15T12:48:00Z,2025-06-15T12:48:00Z
313875,Cassia Regency EVCS - GO EC,9.490169816576028,76.3207371647539,Alappuzha,Kerala,688012,GO EC (IN),Operational,True,30.0,2,True,2025-06-15T12:44:00Z,2025-06-15T12:44:00Z
313874,Neo Charge EVCS - GO EC,9.559497168686136,76.32821358891908,Alappuzha,Kerala,688522,GO EC (IN),Operational,True,30.0,1,True,2025-06-15T12:40:00Z,2025-06-15T12:40:00Z
313873,Jason Orchard Inn EVCS - GO EC,9.56257506243169,76.32758403292866,Alappuzha,Kerala,688522,GO EC (IN),Operational,True,30.0,1,True,2025-06-15T12:37:00Z,2025-06-15T12:37:00Z
313872,Huts Restaurant EVCS - GO EC,9.683890802446342,76.3335821907994,Cherthala,Kerala,688524,GO EC (IN),Operational,True,60.0,3,True,2025-06-15T12:31:00Z,2026-01-31T20:45:00Z
313871,Vijaya EVCS - GO EC,9.851840438387285,76.3893878706051,Kanjiramattom,Kerala,682315,GO EC (IN),Operational,True,30.0,1,True,2025-06-15T12:27:00Z,2025-06-15T12:27:00Z
313870,MPA Tyres EVCS - GO EC,9.962610267571378,76.35800116158748,Thrippunithura,Kerala,682309,GO EC (IN),Operational,True,30.0,1,True,2025-06-15T12:22:00Z,2025-06-15T12:22:00Z
313869,Central Talkies EVCS - GO EC,9.948953177742126,76.34771091840872,Thrippunithura,Kerala,682301,GO EC (IN),Operational,True,60.0,5,True,2025-06-15T12:18:00Z,2025-06-15T12:18:00Z
313868,Tribute Royale EVCS - GO EC,9.94775835957229,76.31854611156217,Maradu,Kerala,682304,GO EC (IN),Operational,True,60.0,2,True,2025-06-15T12:12:00Z,2025-06-15T12:12:00Z
313867,Prithvi EVCS - GO EC,9.94745163258068,76.3034155566645,Kadavanthra,Kerala,682020,GO EC (IN),Operational,True,60.0,3,True,2025-06-15T12:05:00Z,2025-06-15T12:49:00Z
313866,EC City Centre EVCS - GO EC,9.96519449241434,76.29662321090922,Ernakulam,Kerala,682036,GO EC (IN),Operational,True,25.0,2,True,2025-06-15T12:02:00Z,2025-06-15T12:02:00Z
313865,Monsoon Empress Hotel EVCS,9.995959579488527,76.31410217952185,Palarivattom,Kerala,682025,GO EC (IN),Operational,True,60.0,2,True,2025-06-15T11:57:00Z,2025-06-15T11:57:00Z
313864,Max EVCS - GO EC,9.998499333886073,76.31386095749048,Palarivattom,Kerala,682025,GO EC (IN),Operational,True,60.0,2,True,2025-06-15T11:54:00Z,2025-06-15T11:54:00Z
313863,Park Residency EVCS - GO EC,10.014658809069601,76.34240059520744,Kakkanad,Kerala,682030,GO EC (IN),Operational,True,25.0,2,True,2025-06-15T11:49:00Z,2025-06-15T11:49:00Z
313862,EVGO Hub - GO EC,10.035673992083431,76.33644845243788,Thrikkakkara,Kerala,682021,GO EC (IN),Operational,True,30.0,1,True,2025-06-15T11:45:00Z,2025-06-15T11:45:00Z
313861,Daffodils EVCS - GO EC,10.032114506603733,76.32296046331254,Edapally,Kerala,682021,GO EC (IN),Operational,True,30.0,7,True,2025-06-15T11:42:00Z,2025-06-15T11:42:00Z
313860,Oberon Mall EVCS - GO EC,10.014373315870898,76.31253274186469,Edapally,Kerala,682024,GO EC (IN),Operational,True,60.0,2,True,2025-06-15T11:37:00Z,2025-06-15T11:37:00Z
313859,Lulu International Shopping Mall EVCS - GO EC,10.025852998355106,76.30847987689594,Edapally,Kerala,682024,GO EC (IN),Operational,True,60.0,4,True,2025-06-15T11:34:00Z,2025-06-15T11:34:00Z
313858,EcoPlug EVCS - GO EC,10.05657909163412,76.77664747363906,Neriyamangalam,Kerala,686693,GO EC (IN),Operational,True,3.3,1,False,2025-06-15T11:29:00Z,2025-06-15T11:29:00Z
313857,Future Clock EVCS - GO EC,10.08987328201421,76.49767034410803,Perumbavoor ,Kerala,683541,GO EC (IN),Operational,True,80.0,5,True,2025-06-15T11:25:00Z,2025-06-15T11:25:00Z
313856,Prestige EV Super Charging Station - GO EC,10.116599665826755,76.44569940523843,Perumbavoor,Kerala,683547,GO EC (IN),Operational,True,60.0,3,True,2025-06-15T11:21:00Z,2025-06-15T11:21:00Z
313855,Innate Convention Centre ,10.134847382197862,76.35454903990177,Aluva,Kerala,683101,GO EC (IN),Operational,True,30.0,1,True,2025-06-15T11:16:00Z,2025-06-15T11:16:00Z
313854,Athani Energize EVCS,10.141443983212852,76.35293383093199,Athani,Kerala,683102,GO EC (IN),Operational,True,80.0,2,True,2025-06-15T11:14:00Z,2025-06-15T11:14:00Z
313853,Hotel Airlink Castle - GO EC,10.155053463306785,76.35471452974735,Athani,Kerala,683585,GO EC (IN),Operational,True,24.0,1,True,2025-06-15T11:05:00Z,2025-06-15T11:05:00Z
313852,V-Green EVCS - GO EC,10.20178008680135,76.40966162425627,Angamaly,Kerala,683572,GO EC (IN),Operational,True,80.0,2,True,2025-06-15T11:02:00Z,2025-06-15T11:02:00Z
313850,Power Zone EV Charging Station - GO EC,10.149673029849538,76.21756419275295,North Paravur,Kerala,683513,GO EC (IN),Operational,True,30.0,1,True,2025-06-15T10:50:00Z,2025-06-15T10:50:00Z
313849,Koratty Chennai Anandabhavan EVCS - GO EC,10.277244588754584,76.34452807905916,Koratty,Kerala,680309,GO EC (IN),Operational,True,60.0,2,True,2025-06-15T10:44:00Z,2025-06-15T10:44:00Z
313848,Parekkat's EVCS - GO EC,10.24066911823239,76.27252885130724,Mala,Kerala,680732,GO EC (IN),Operational,True,25.0,1,True,2025-06-15T10:40:00Z,2025-06-15T10:40:00Z
313847,Kodungallur SVS - GO EC,10.21129204884221,76.1989886692013,Kodungallur,Kerala,680669,GO EC (IN),Operational,True,25.0,2,True,2025-06-15T10:36:00Z,2025-06-15T10:36:00Z
313846,FUZO EV Super Charging Station,10.378135160727652,76.12254539101707,Kodungallur,Kerala,680703,GO EC (IN),Operational,True,60.0,3,True,2025-06-15T10:30:00Z,2025-06-15T10:30:00Z
313843,Sree Rama EVCS - GO EC,10.435594973940098,76.26587468424111,Thrissur,Kerala,680302,GO EC (IN),Operational,True,60.0,4,True,2025-06-15T10:23:00Z,2025-06-15T10:23:00Z
313841,Daiz and Co. EVCS - GO EC,10.526149574968883,76.18795462415846,Thrissur,Kerala,680001,GO EC (IN),Operational,True,30.0,1,True,2025-06-15T10:18:00Z,2025-06-15T10:19:00Z
313839,Shobha City Mall EVCS - GO EC,10.548946556742209,76.18304110696954,Thrissur,Kerala,680553,GO EC (IN),Operational,True,60.0,4,True,2025-06-15T10:12:00Z,2025-06-15T10:12:00Z
313838,Amala Smart EVCS - GO EC,10.564967494138358,76.16598425547983,Peramangalam,Kerala,680545,GO EC (IN),Operational,True,80.0,3,True,2025-06-15T10:07:00Z,2025-06-15T10:07:00Z
313836,Sree Sankara EVCS - GO EC,10.487291202025474,76.07083611597062,Vadanappalli,Kerala,680619,GO EC (IN),Operational,True,60.0,2,True,2025-06-15T10:01:00Z,2025-06-15T10:01:00Z
313835,Green Drive EV Super Charging Station,10.494542466430332,76.06584744162075,Vadanappilly,Kerala,680615,GO EC (IN),Operational,True,60.0,2,True,2025-06-15T09:57:00Z,2025-06-15T10:02:00Z
313819,Sree Krishna Hotel - GO EC,10.598447823364936,76.03636788702198,Guruvayoor,Kerala,680101,GO EC (IN),Operational,True,3.3,1,False,2025-06-14T17:24:00Z,2025-06-14T17:24:00Z
313818,Palakkad Ahalia Women and Childern Hospital EVCS - GO EC,10.797308592491405,76.82754081494369,Elappully,Kerala,678622,GO EC (IN),Operational,True,7.4,2,False,2025-06-14T17:17:00Z,2025-06-14T17:17:00Z
313817,Palakkad Ahalia Eye Hospital EVCS - GO EC,10.79348727039229,76.82652950538215,Elappully,Kerala,678622,GO EC (IN),Operational,True,7.4,2,False,2025-06-14T17:13:00Z,2025-06-14T17:13:00Z
313816,Palakkad Ahalia Food Point EVCS - GO EC,10.792032259171833,76.82834711933714,Elappully,Kerala,678622,GO EC (IN),Operational,True,7.4,2,False,2025-06-14T17:10:00Z,2025-06-14T17:10:00Z
313815,Ahalia Walayar - GO EC,10.826593048149789,76.82605307444436,Walayar,Kerala,678557,GO EC (IN),Operational,True,60.0,3,True,2025-06-14T17:05:00Z,2025-06-14T17:05:00Z
313814,Le Sky Dine EVCS - GO EC,10.773957251049566,76.69819741498287,Palakkad,Kerala,678007,GO EC (IN),Operational,True,60.0,3,True,2025-06-14T17:01:00Z,2025-06-14T17:01:00Z
313813,Doctor Green EVCS - GO EC,10.646166361085193,76.55140239344632,Alathur,Kerala,678541,GO EC (IN),Operational,True,60.0,3,True,2025-06-14T16:57:00Z,2025-06-14T16:57:00Z
313811,Jeevz - GO EC,10.593239028175063,76.48253527396616,Vadakkencherry,Kerala,678683,GO EC (IN),Operational,True,25.0,1,True,2025-06-14T16:50:00Z,2025-06-14T16:50:00Z
313810,Sanjeevani Green - GO EC,10.710021712685972,76.42879294152868,Thiruvilwamala,Kerala,680588,GO EC (IN),Operational,True,25.0,2,True,2025-06-14T16:46:00Z,2025-06-14T16:46:00Z
313809,Green Valley - GO EC,10.69271606194583,76.26858375420068,Thirissur,Kerala,680583,GO EC (IN),Operational,True,60.0,4,True,2025-06-14T16:40:00Z,2025-06-14T16:40:00Z
313808,AR Dine - GO EC,10.750381972119513,76.27475659553528,Cheruthuruthi,Kerala,679531,GO EC (IN),Operational,True,25.0,1,True,2025-06-14T16:35:00Z,2025-06-14T16:35:00Z
313807,EV Super Charging Station,10.80479517192704,76.20815708375358,Pattambi,Kerala,679303,GO EC (IN),Operational,True,30.0,1,True,2025-06-14T16:31:00Z,2025-06-14T16:31:00Z
313806,Pattambi Power Bank - GO EC,10.811068529416133,76.18644369742708,Pattambi,Kerala,679303,GO EC (IN),Operational,True,30.0,4,True,2025-06-14T16:27:00Z,2025-06-14T16:27:00Z
313805,New Kerala Hotel EVCS - GO EC,10.784880988938937,76.17067627366248,Nhangattiri,Kerala,679303,GO EC (IN),Operational,True,30.0,1,True,2025-06-14T16:22:00Z,2025-06-14T16:22:00Z
313804,Oasis EV Super Charging Station,10.933556620012695,76.52721710150968,Mannarkkad,Kerala,678597,GO EC (IN),Operational,True,60.0,3,True,2025-06-14T16:15:00Z,2025-06-14T16:15:00Z
313789,Shalimar EVCS - GO EC,10.96529678353042,76.2838983337245,Perinthalmanna,Kerala,679322,GO EC (IN),Operational,True,25.0,2,True,2025-06-14T08:11:00Z,2025-06-14T08:11:00Z
313788,Green Zone EVCS - GO EC,10.873413080879715,76.06245822988649,Valanchery,Kerala,679571,GO EC (IN),Operational,True,60.0,3,True,2025-06-14T07:59:00Z,2025-06-14T07:59:00Z
313787,Environ EVCS,10.739569428832311,76.02927251363656,Changaramkulam,Kerala,679591,GO EC (IN),Operational,True,80.0,2,True,2025-06-14T07:53:00Z,2026-02-25T16:53:00Z
313786,CG Cafe EVCS - GO EC,11.139596145163637,76.23611346181906,Pandikkad,Kerala,676521,GO EC (IN),Operational,True,60.0,2,True,2025-06-14T07:49:00Z,2025-06-14T07:49:00Z
313785,Karulai Malayora Express EVCS - GO EC,11.288049483016962,76.2979817145112,Karulai,Kerala,679331,GO EC (IN),Operational,True,30.0,1,True,2025-06-14T07:44:00Z,2025-06-14T07:44:00Z
313784,Jam Joom Super Market - GO EC,11.286680725471314,76.23926379142972,Nilambur,Kerala,679330,GO EC (IN),Operational,True,25.0,1,True,2025-06-14T07:40:00Z,2025-06-14T07:40:00Z
313783,ABS Motors - GO EC,11.253647260873336,76.20190120433364,Nilambur,Kerala,676542,GO EC (IN),Operational,True,30.0,1,True,2025-06-14T07:37:00Z,2025-06-14T07:37:00Z
313782,VP Mall EVCS - GO EC,11.128915821482948,76.11539460586829,Manjeri,Kerala,676123,GO EC (IN),Operational,True,60.0,3,True,2025-06-14T07:34:00Z,2025-06-14T07:34:00Z
313781,Jam Joom EV Charging Station - GO EC,11.043180592356805,76.08430155752035,Malappuram,Kerala,676505,GO EC (IN),Operational,True,25.0,1,True,2025-06-14T07:29:00Z,2025-06-14T07:29:00Z
313780,HIQ Highway Market - GO EC,11.021175494360463,75.94812608969005,Venniyour,Kerala,676508,GO EC (IN),Operational,True,30.0,1,True,2025-06-14T07:24:00Z,2025-06-14T07:24:00Z
313779,Chargify EV Super Charging Station ,11.07841705440245,75.90276391559283,Malappuram,Kerala,676317,GO EC (IN),Operational,True,30.0,1,True,2025-06-14T07:20:00Z,2025-06-14T07:20:00Z
313778,Reliance Fresh EVCS,11.23473742288897,75.84670658837746,Kozhikode,Keral,673019,GO EC (IN),Operational,True,30.0,1,True,2025-06-14T07:15:00Z,2026-02-25T16:25:00Z
313777,Top Dines Hotel - GO EC,11.67080198813612,76.36101965515473,Muthanga,Kerala,673602,GO EC (IN),Operational,True,30.0,1,True,2025-06-14T07:11:00Z,2025-06-14T07:11:00Z
313776,Cafe Manoila - GO EC,11.597776607258112,76.08013836547212,Kalpetta,Kerala,673122,GO EC (IN),Operational,True,25.0,1,True,2025-06-14T07:03:00Z,2025-06-14T07:03:00Z
313775,CGH Wayanad Wild EV Charging Station - GO EC,11.518344247894746,76.02125570474698,Lakkidi,Kerala,673576,GO EC (IN),Operational,True,30.0,1,True,2025-06-14T06:59:00Z,2025-06-14T06:59:00Z
313774,Mall of Mukkom EVCS - GO EC,11.319727225409608,75.99551711292489,Mukkom,Kerala,673602,GO EC (IN),Operational,True,60.0,2,True,2025-06-14T06:54:00Z,2025-06-14T06:54:00Z
313773,HOTAG EV Charging Station - GO EC,11.404693280918323,75.92956805877805,Thamarassery,Kerala,673574,GO EC (IN),Operational,True,25.0,1,True,2025-06-14T06:50:00Z,2025-06-14T06:50:00Z
313763,Green Amp EVCS - GO EC,11.258801023176659,75.80890434709403,Kozhikode,Kerala,673016,GO EC (IN),Operational,True,30.0,4,True,2025-06-13T16:28:00Z,2025-06-13T16:28:00Z
313762,Calicut Malabar Gold - GO EC,11.257861801274402,75.78023060486237,Kozhikode,Kerala,673004,GO EC (IN),Operational,True,30.0,2,True,2025-06-13T16:12:00Z,2026-02-25T16:27:00Z
313761,Mandrin Sky - GO EC,11.927559724028896,75.50047314663138,Kannur,Kerala,670595,GO EC (IN),Operational,True,7.0,1,False,2025-06-13T16:07:00Z,2025-06-13T16:07:00Z
313760,JSR EVCS - GO EC,11.825802052750774,75.50895671019163,Mambaram,Kerala,670622,GO EC (IN),Operational,True,30.0,2,True,2025-06-13T16:03:00Z,2025-06-13T16:03:00Z
313759,Kannur H&H,11.87166370155964,75.39598586155216,Melechowa,Kerala,670331,GO EC (IN),Operational,True,30.0,1,True,2025-06-13T16:00:00Z,2025-06-13T16:00:00Z
313758,G Mall - GO EC,11.88020074722374,75.3746647850135,Kannur,Kerala,670002,GO EC (IN),Operational,True,60.0,2,True,2025-06-13T15:58:00Z,2025-06-13T15:58:00Z
313757,Exit 17 - GO EC,12.088637731621432,75.25264584630855,Payyannur,Kerala,670309,GO EC (IN),Operational,True,30.0,2,True,2025-06-13T15:54:00Z,2025-06-13T15:54:00Z
313756,Periya A Star - GO EC,12.40580531032613,75.09629760947794,Hosdurg,Kerala,671316,GO EC (IN),Operational,True,30.0,1,True,2025-06-13T15:51:00Z,2025-06-13T15:55:00Z
313755,Roshi EVCS (EVOK) - ChargeMOD,12.505974173728816,74.98678088662848,Kasaragod,Kerala,671123,ChargeMod (IN),Operational,True,30.0,1,True,2025-06-13T15:46:00Z,2025-06-13T15:46:00Z
313754,Kanhangad KSEB EVCS - ChangeMOD,12.34250549258168,75.11266367140311,Kanhangad,Kerala,671531,ChargeMod (IN),Operational,True,30.0,7,True,2025-06-13T15:42:00Z,2025-06-13T15:42:00Z
313753,Ammas Fast - ChargeMOD,12.227200225146419,75.15911993928029,Cheruvathur,Kerala,671313,ChargeMod (IN),Operational,True,60.0,3,True,2025-06-13T15:37:00Z,2025-06-13T15:37:00Z
313752,Mathil Service Co-Operative Bank EVCS - ChargeMOD,12.176970146284106,75.24675579831333,Mathil,Kerala,670307,ChargeMod (IN),Operational,True,30.0,3,True,2025-06-13T15:32:00Z,2025-06-13T15:33:00Z
313751,EQ Point EVCS - ChargeMOD,12.207766235160378,75.27945212654578,Payyannur,Kerala,670306,ChargeMod (IN),Operational,True,25.0,2,True,2025-06-13T15:28:00Z,2025-06-13T15:28:00Z
313750,PCR Bank EVCS - ChargeMOD,11.997449451910612,75.37090752986185,Bakkalam,Kerala,670567,ChargeMod (IN),Operational,True,30.0,2,True,2025-06-13T15:22:00Z,2025-06-13T15:22:00Z
313749,Manjapalam KSEB EVCS - ChargeMOD,11.878368279471403,75.35952615318283,Kannur,Kerala,670014,ChargeMod (IN),Operational,True,30.0,6,True,2025-06-13T15:18:00Z,2025-06-13T15:18:00Z
313748,Eastend Hotel and Resorts - ChargeMOD,10.087379401509637,77.06169962565411,Munnar,Kerala,685612,ChargeMod (IN),Operational,True,30.0,3,True,2025-06-13T15:12:00Z,2025-06-13T15:12:00Z
313747,Sky Penta EVCS - ChargeMOD,11.98556152906157,75.67618166036556,Iritty,Kerala,670703,ChargeMod (IN),Operational,True,30.0,1,True,2025-06-13T15:03:00Z,2025-06-13T15:03:00Z
313746,Reboost EVCS - ChargeMOD,11.754866634887236,75.5780650614575,"Panoor, Kannur",Kerala,695582,ChargeMod (IN),Operational,True,30.0,1,True,2025-06-13T14:59:00Z,2025-06-13T14:59:00Z
313745,Mindful EVCS - ChargeMOD,11.520444916879683,75.61798774380324,Payyoli,Kerala,673522,ChargeMod (IN),Operational,True,60.0,6,True,2025-06-13T14:53:00Z,2025-06-13T14:53:00Z
313744,EVOK Charger - ChargeMOD,11.648901043860448,75.75593648237526,Kuttiyady,Kerala,673508,ChargeMod (IN),Operational,True,30.0,1,True,2025-06-13T14:49:00Z,2025-06-13T14:49:00Z
313743,Banasura Sagar KSEB EVCS - ChargeMOD,11.672923978163226,75.95730580932587,Padinjarathara,Kerala,673122,ChargeMod (IN),Operational,True,30.0,6,True,2025-06-13T14:22:00Z,2025-06-13T14:22:00Z
313742,Empire Restaurant - ChargeMOD,11.736405311635153,75.98674422775375,Tharuvana,Kerala,670645,ChargeMod (IN),Operational,True,60.0,2,True,2025-06-13T14:17:00Z,2025-06-13T14:17:00Z
313741,Hotel Wayanad Square - ChargeMOD,11.796977641816383,76.00660113182988,Mananthavady,Kerala,670645,ChargeMod (IN),Operational,True,60.0,2,True,2025-06-13T14:13:00Z,2025-06-13T14:13:00Z
313740,Adhithya (EVOK) - ChargeMOD,11.66208634339526,76.26492171189932,Sulthan Bathery,Kerala,673592,ChargeMod (IN),Operational,True,60.0,4,True,2025-06-13T14:09:00Z,2025-06-13T14:09:00Z
313739,Meenangadi EVCS - ChargeMOD,11.654045695974418,76.15358523502817,Meenangadi,Kerala,673122,ChargeMod (IN),Operational,True,60.0,2,True,2025-06-13T14:05:00Z,2025-06-13T14:05:00Z
313738,Konfudha Resort - ChargeMOD,11.591455451778742,76.0709097761802,Kalpetta,Kerala,673127,ChargeMod (IN),Operational,True,30.0,4,True,2025-06-13T14:02:00Z,2025-06-13T14:02:00Z
313737,Vythiri KSEB EVCS - ChargeMOD,11.545753724925504,76.03937192662642,Vythiri,Kerala,673576,ChargeMod (IN),Operational,True,30.0,6,True,2025-06-13T13:59:00Z,2025-06-13T13:59:00Z
313736,Thamarassery KESEB EVCS - ChargeMOD,11.444087429515278,75.95587690828086,Thamarassery,Kerala,673615,ChargeMod (IN),Operational,True,30.0,6,True,2025-06-13T13:54:00Z,2025-06-13T13:54:00Z
313735,Locus EVCS - ChargeMOD,11.339683842558287,75.89871568981823,Koduvally,Kerala,673572,ChargeMod (IN),Operational,True,120.0,6,True,2025-06-13T13:46:00Z,2025-06-13T13:46:00Z
313734,Yadav EV Charging Station - ChargeMOD,11.311692154536999,75.88259339920793,Kunnamangalam,Kerala,673571,ChargeMod (IN),Operational,True,60.0,2,True,2025-06-13T13:42:00Z,2025-06-13T13:42:00Z
313733,Kuttoth Enterprises EVCS - ChargeMOD,11.28067356202429,75.8246316733898,Kozhikode,Kerala,673017,ChargeMod (IN),Operational,True,30.0,1,True,2025-06-13T13:39:00Z,2025-06-13T13:39:00Z
313732,RG Nallanna EVCS (EVOK) - ChargeMOD,11.280814669423393,75.82434977256585,Kozhikode,Kerala,673017,ChargeMod (IN),Operational,True,30.0,1,True,2025-06-13T13:37:00Z,2025-06-13T13:37:00Z
313731,Solar Sparks EVCS - ChargeMOD,11.427675411349242,75.70299624247721,Koyilandi,Kerala,673306,ChargeMod (IN),Operational,True,30.0,6,True,2025-06-13T13:33:00Z,2025-06-13T13:33:00Z
313729,Hotel Arcore,12.352687402465657,76.62920329960255,Mysuru,Karnataka,570003,Zeon Charging,Operational,True,60.0,2,True,2025-06-13T13:27:00Z,2025-06-13T13:27:00Z
313728,Manipal Hospital Mysore,12.350145879658738,76.66019890702132,Mysuru,Karnataka ,570015,Zeon Charging,Operational,True,60.0,2,True,2025-06-13T13:24:00Z,2025-06-13T13:24:00Z
313727,Pavangad KSEB EVCS - ChargeMOD,11.312411619159988,75.75859062889714,Pavangad,Kerala,673021,ChargeMod (IN),Operational,True,30.0,6,True,2025-06-13T13:22:00Z,2025-06-13T13:22:00Z
313726,Gandhi Road KSEB EVCS - ChargeMOD,11.262784457971506,75.76824105215104,Kozhikode,Kerala,673032,ChargeMod (IN),Operational,True,30.0,6,True,2025-06-13T13:17:00Z,2025-06-13T13:17:00Z
313725,Mountainpass Residency - ChargeMOD,11.386628059572274,76.35472249074127,Vazhikadavu,Kerala,679333,ChargeMod (IN),Operational,True,30.0,1,True,2025-06-13T13:13:00Z,2025-06-13T13:13:00Z
313724,Trends Edavannappara EVCS - ChargeMOD,11.245323145434341,75.97749174887804,Edavannappara,Kerala,673640,ChargeMod (IN),Operational,True,30.0,1,True,2025-06-13T13:10:00Z,2025-06-13T13:10:00Z
313723,Indus Motors - ChargeMOD,11.180743762022217,75.85119863600679,Feroke,Kerala,673634,ChargeMod (IN),Operational,True,30.0,1,True,2025-06-13T13:05:00Z,2025-06-13T13:05:00Z
313722,Kay Pees Electricals (EVOK) - ChargeMOD,11.168867778013905,75.92676863268412,Pulikkal,Kerala,673638,ChargeMod (IN),Operational,True,30.0,1,True,2025-06-13T13:02:00Z,2025-06-13T13:02:00Z
313721,RG Nallanna EVCS (EVOK) - ChargeMOD,11.17327990543808,75.9021517982653,Aikkarapadi,Kerala,673638,ChargeMod (IN),Operational,True,30.0,1,True,2025-06-13T12:59:00Z,2025-06-13T12:59:00Z
313720,Barakah Tiles and Stones | EVOK | Thenhipalam,11.144918979517485,75.89616975961107,Pingottoormad,Kerala,673636,ChargeMod (IN),Operational,True,30.0,2,True,2025-06-13T12:55:00Z,2026-01-23T11:55:00Z
313719,Tirur KSEB EVCS - ChargeMOD,10.916247276818709,75.9182865420172,Tirur,Kerala,676101,ChargeMod (IN),Operational,True,30.0,5,True,2025-06-13T12:49:00Z,2025-06-13T12:49:00Z
313718,Relax Point Restaurant,10.922820413293309,76.03291841407719,Karippol,Kerala,676552,ChargeMod (IN),Operational,True,30.0,2,True,2025-06-13T12:44:00Z,2025-06-13T12:44:00Z
313717,Thirunilath ECVS Charging Station - ChargeMOD,11.001726591966232,75.98044942341241,Kottakkal,Kerala,676501,ChargeMod (IN),Operational,True,60.0,1,True,2025-06-13T12:40:00Z,2025-06-13T12:40:00Z
313716,Malappuram KSEB EVCS - ChargeMOD,11.054224531620463,76.09214302066454,Munduparamba,Kerala,676509,ChargeMod (IN),Operational,True,30.0,6,True,2025-06-13T12:36:00Z,2025-06-13T12:36:00Z
313715,Krishna Enterprises - ChargeMOD,11.123033354978745,76.11586842746766,Manjeri,Kerala,676121,ChargeMod (IN),Operational,True,30.0,1,True,2025-06-13T12:32:00Z,2025-06-13T12:32:00Z
313714,Golden Baked EVCS - ChargeMOD,11.123411072326249,76.1241851617412,Manjeri,Kerala,676121,ChargeMod (IN),Operational,True,30.0,1,True,2025-06-13T12:30:00Z,2025-06-13T12:30:00Z
313713,EcoCharge EVCS - ChargeMOD,11.096399860074243,76.21070705445254,Pandikkad,Kerala,676521,ChargeMod (IN),Operational,True,30.0,2,True,2025-06-13T12:27:00Z,2025-06-13T12:27:00Z
313712,MKM Melattur (EVOK) - ChargeMOD,11.056208090445125,76.2785120254236,Melattur,Kerala,679326,ChargeMod (IN),Operational,True,30.0,2,True,2025-06-13T12:23:00Z,2025-06-13T12:23:00Z
313711,Green Drive EVCS - ChargeMOD,11.034502393123475,76.261886610857,Vengoor,Kerala,679325,ChargeMod (IN),Operational,True,30.0,1,True,2025-06-13T12:20:00Z,2025-06-13T12:20:00Z
313710,Hotel Mughal Park - ChargeMOD,10.977193894783383,76.22165088752695,Perinthalmanna,Kerala,679322,ChargeMod (IN),Operational,True,60.0,2,True,2025-06-13T12:17:00Z,2025-06-13T12:17:00Z
313709,Avenue Plaza - ChargeMOD,10.98886452092161,76.43668850614375,Mannarkkad,Kerala,678583,ChargeMod (IN),Operational,True,60.0,2,True,2025-06-13T12:14:00Z,2025-06-13T12:14:00Z
313708,Velanthavalam,10.809362994233211,76.8463215936606,Vellamthavalam,Kerala,678557,ChargeMod (IN),Operational,True,30.0,9,True,2025-06-13T12:09:00Z,2025-06-13T12:09:00Z
313707,Flash Charge EVCS - ChargeMOD,10.802279980273397,76.78520298821064,Kanjikkode,Kerala,678621,ChargeMod (IN),Operational,True,30.0,2,True,2025-06-13T12:04:00Z,2025-06-13T12:04:00Z
313706,Electrica EVCS - ChargeMOD,10.785354858796723,76.60395568328437,Palakkad,Kerala,678006,ChargeMod (IN),Operational,True,30.0,2,True,2025-06-13T12:00:00Z,2025-06-13T12:00:00Z
313705,Sihla Energy - ChargeMOD,10.839491845338173,76.57999971285125,Mundur,Kerala,678592,ChargeMod (IN),Operational,True,30.0,1,True,2025-06-13T11:56:00Z,2025-06-13T11:56:00Z
313704,Lakshmi KRS EVCS - ChargeMOD,10.898080110436226,76.39529564847953,Sreekrishnapuram,Kerala,679514,ChargeMod (IN),Operational,True,30.0,1,True,2025-06-13T11:52:00Z,2025-06-13T11:52:00Z
313703,Evee Buddy - ChargeMOD,10.778142494678946,76.43743038448139,Lakkidi,Kerala,679301,ChargeMod (IN),Operational,True,60.0,1,True,2025-06-13T11:46:00Z,2025-06-13T11:46:00Z
313702,Kulappully KSEB EVCS - ChargeMOD,10.779746009556462,76.28528085807898,Kulappully,Kerala,679122,ChargeMod (IN),Operational,True,30.0,9,True,2025-06-13T11:41:00Z,2025-06-13T11:41:00Z
313701,Syndicate Mall and Cinemas,10.878265919428571,76.1876066172299,Koppam,Kerala,679309,ChargeMod (IN),Operational,True,30.0,1,True,2025-06-13T11:35:00Z,2025-06-13T11:35:00Z
313700,Medi Mall EVCS - ChargeMOD,10.801586108398226,76.17840842985345,Pattambi,Kerala,679303,ChargeMod (IN),Operational,True,60.0,1,True,2025-06-13T11:31:00Z,2025-06-13T11:31:00Z
313699,Koottanad KSEB EVCS - ChargeMOD,10.75829320199584,76.13036645434084,Kootanad,Kerala,679533,ChargeMod (IN),Operational,True,60.0,6,True,2025-06-13T11:27:00Z,2025-06-13T11:27:00Z
313698,Sihla Energy EVCS - ChargeMOD,10.734551963997376,76.0486466862173,Changaramkulam,Kerala,679571,ChargeMod (IN),Operational,True,60.0,1,True,2025-06-13T11:18:00Z,2025-06-13T11:18:00Z
313697,Kadharkkante Chayakkada - ChargeMOD,10.732605539222305,76.03743007303854,Changaramkulam,Kerala,679591,ChargeMod (IN),Operational,True,30.0,1,True,2025-06-13T11:14:00Z,2025-06-13T11:14:00Z
313696,Maranchery Bank EVCS - ChargeMOD,10.733824066652744,75.97481311884229,Maranchery,Kerala,679581,ChargeMod (IN),Operational,True,30.0,2,True,2025-06-13T11:10:00Z,2025-06-13T11:10:00Z
313695,Sihla Energy CV Junction,10.78474624498736,75.94715236357325,Ponnanu,Kerala,679586,ChargeMod (IN),Operational,True,30.0,1,True,2025-06-13T11:05:00Z,2025-06-13T11:05:00Z
313694,Ponnani KSEB EVCS - ChargeMOD,10.77270262589785,75.94715150475236,Ponnani,Kerala,679586,ChargeMod (IN),Operational,True,30.0,6,True,2025-06-13T11:01:00Z,2025-06-13T11:01:00Z
313693,Flash Charge EVCS - ChargeMOD,10.68134081925561,76.16966999398119,Erumappetti,Kerala,680584,ChargeMod (IN),Operational,True,30.0,2,True,2025-06-13T10:52:00Z,2025-06-13T10:52:00Z
313692,SR Power Hub - ChargeMOD,10.644411306533499,76.2366523754647,Wadakkanchery,Kerala,680623,ChargeMod (IN),Operational,True,60.0,4,True,2025-06-13T10:49:00Z,2025-06-13T10:49:00Z
313690,Executive EVCS - ChargeMOD,10.616626586395299,76.12578392344301,Kechery,Kerala,680501,ChargeMod (IN),Operational,True,60.0,3,True,2025-06-13T10:45:00Z,2025-06-13T10:45:00Z
313688,Core Multicusine Restaurant - ChargeMOD,10.605823669307213,76.21178763460574,Killannur,Kerala,680581,ChargeMod (IN),Operational,True,30.0,1,True,2025-06-13T10:41:00Z,2025-06-13T10:41:00Z
313683,Plug and Share Charge EVCS - ChargeMOD,10.540561786051626,76.21568678106814,Thrissur,Kerala,680002,ChargeMod (IN),Operational,True,30.0,2,True,2025-06-13T09:40:00Z,2025-06-13T09:40:00Z
313682,Vydyuthi Bhavan KSEB EVCS - ChargeMOD,10.527794705960048,76.20534384591946,Thrissur,Kerala,680004,ChargeMod (IN),Operational,True,30.0,6,True,2025-06-13T09:35:00Z,2025-06-13T09:35:00Z
313681,V8 Car Spa (EVOK) - ChargeMOD,10.521332304786895,76.23075684655782,Thrissur,Kerala,680005,ChargeMod (IN),Operational,True,30.0,2,True,2025-06-13T09:31:00Z,2025-06-13T09:31:00Z
313679,Guardian EV Charging Station by Imminent Future - ChargeMOD,10.522036160727893,76.22756889930918,Thrissur,Kerala,680005,ChargeMod (IN),Operational,True,30.0,1,True,2025-06-13T09:28:00Z,2025-06-13T09:28:00Z
313678,Anchorage AC - ChargeMOD,10.51150300660646,76.2211242647158,Mundupalam,Kerala,680006,ChargeMod (IN),Not Operational,False,30.0,1,True,2025-06-13T09:25:00Z,2026-01-23T11:03:00Z
313677,Flash Hub EVCS - ChargeMOD,10.504451667440918,76.2253414703747,Thrissur,Kerala,680006,ChargeMod (IN),Operational,True,30.0,4,True,2025-06-13T09:22:00Z,2025-06-13T09:22:00Z
313676,Hotel Bhavan EVCS (EVOK) - ChargeMOD,10.497688531804059,76.06464225925947,Engandiyoor,Kerala,680615,ChargeMod (IN),Operational,True,30.0,1,True,2025-06-13T09:17:00Z,2025-06-13T09:17:00Z
313675,Surya Hotel (EVOK) - ChargeMOD,10.431569255270972,76.14255951064098,Chazhoor,Kerala,680571,ChargeMod (IN),Operational,True,30.0,2,True,2025-06-13T09:14:00Z,2025-06-13T09:14:00Z
313673,Valappad KSEB EVCS - ChargeMOD,10.401732210974814,76.11933511778938,Valappad,Kerala,680567,ChargeMod (IN),Operational,True,30.0,6,True,2025-06-13T09:08:00Z,2025-06-13T09:08:00Z
313672,Nattika FIRKA Service Co-Operative Bank - ChargeMOD,10.402437782624176,76.11263307811237,Nattika,Kerala,680567,ChargeMod (IN),Operational,True,60.0,2,True,2025-06-13T09:05:00Z,2025-06-13T09:05:00Z
313671,Sihla Energy EVCS - ChargeMOD,10.408608998498252,76.21402559833018,Karuvannur,Kerala,680711,ChargeMod (IN),Operational,True,60.0,2,True,2025-06-13T09:01:00Z,2026-03-02T20:59:00Z
313670,Irinjalakkuda KSEB EVCS - ChargeMOD,10.331423098125157,76.21526077419406,Irinjalakkuda,Kerala,680661,ChargeMod (IN),Operational,True,30.0,6,True,2025-06-13T08:57:00Z,2025-06-13T08:57:00Z
313669,Changathikoottam EVCS - ChargeMOD,10.593403340483874,76.58352519849984,Nenmara,Kerala,678508,ChargeMod (IN),Operational,True,30.0,1,True,2025-06-13T08:52:00Z,2025-06-13T08:52:00Z
313667,Vadakkenchery KSEB EVCS - ChargeMOD,10.597238174568261,76.4798493658505,Vadakkenchery,Kerala,678686,ChargeMod (IN),Operational,True,30.0,6,True,2025-06-13T08:48:00Z,2025-06-13T08:48:00Z
313665,Evee Buddy - ChargeMOD,10.59195730674837,76.46571176693163,Vadakkencherry,Kerala,678683,ChargeMod (IN),Temporarily Unavailable,True,30.0,2,True,2025-06-13T08:42:00Z,2025-06-13T08:42:00Z
313662,Plugin EVCS - ChargeMOD,10.476826918091618,76.25758184965241,Marathakkara,Kerala,680306,ChargeMod (IN),Operational,True,60.0,3,True,2025-06-13T08:37:00Z,2025-07-20T12:15:00Z
313661,Topup Zone EVCS - ChargeMOD,10.433892384483272,76.26514871789954,Amballur,Kerala,680302,ChargeMod (IN),Operational,True,60.0,2,True,2025-06-13T08:33:00Z,2025-06-13T08:33:00Z
313659,EV Point EVCS - ChargeMOD,10.380660869345945,76.29768618030681,Kodakara,Kerala,680699,ChargeMod (IN),Operational,True,60.0,2,True,2025-06-13T08:28:00Z,2025-06-13T08:28:00Z
313658,Korner EVCS - ChargeMOD,10.367048481339793,76.31535658210885,Thrissur,Kerala,680684,ChargeMod (IN),Operational,True,30.0,1,True,2025-06-13T08:25:00Z,2025-06-13T08:25:00Z
313656,Flash Charge EVCS - ChargeMOD,10.339608926521834,76.32174630594778,Chalakudy,Kerala,680689,ChargeMod (IN),Operational,True,60.0,2,True,2025-06-13T08:21:00Z,2025-06-13T08:21:00Z
313655,Edassery Samrudhi Hypermarket (EVOK) - ChargeMOD,10.30310177272014,76.33704224327056,Chalakudy,Kerala,680307,ChargeMod (IN),Operational,True,30.0,1,True,2025-06-13T08:18:00Z,2025-06-13T08:18:00Z
313654,Indian Coffee House (EVOK) - ChargeMOD,10.28934329936537,76.33706820135649,Chalakkudy,Kerala,680309,ChargeMod (IN),Operational,True,30.0,1,True,2025-06-13T08:15:00Z,2025-06-13T08:15:00Z
313653,Clay House Hotel,10.285574229385333,76.34237765373388,Chalakkudy,Kerala,680309,ChargeMod (IN),Operational,True,30.0,1,True,2025-06-13T08:12:00Z,2025-06-13T08:12:00Z
313650,Hill View Resort (EVOK) - ChargeMOD,10.286039650950215,76.5585155754053,Athirappilly,Kerala,680721,ChargeMod (IN),Operational,True,30.0,2,True,2025-06-12T12:31:00Z,2025-06-12T12:31:00Z
313649,EVOK Charging Station - ChargeMOD,10.21406147599896,76.37936728862815,Angamaly,Kerala,683572,ChargeMod (IN),Operational,True,30.0,1,True,2025-06-12T12:28:00Z,2025-06-12T12:28:00Z
313648,Edassery Blue Bells EVCS - ChargeMOD,10.197144124540088,76.38410959459151,Angamaly,Kerala,683572,ChargeMod (IN),Operational,True,30.0,2,True,2025-06-12T12:25:00Z,2025-06-12T14:38:00Z
313647,Hotel Elite Palazzo,10.189753400173174,76.38664227055722,Angamaly,Kerala,683572,ChargeMod (IN),Operational,True,50.0,2,True,2025-06-12T12:22:00Z,2025-07-26T14:49:00Z
313646,ChargeMOD EVCS Hub,10.16955160052332,76.37225560702467,Nedumbassery ,Kerala,683589,ChargeMod (IN),Operational,True,60.0,6,True,2025-06-12T12:18:00Z,2025-06-12T12:18:00Z
313645,CIAL Terminal 3,10.156586379443638,76.39193156471646,Nedumbassery ,Kerala,683589,ChargeMod (IN),Operational,True,30.0,4,True,2025-06-12T12:15:00Z,2025-06-12T12:19:00Z
313644,CIAL Terminal 1,10.156867560906605,76.38897989990119,Nedumbassery ,Kerala,683589,ChargeMod (IN),Operational,True,30.0,4,True,2025-06-12T12:14:00Z,2025-06-12T12:14:00Z
313643,Capgo EVCS - ChargeMOD,10.1599144837582,76.38915826754294,Nedumbassery ,Kerala,683589,ChargeMod (IN),Operational,True,30.0,1,True,2025-06-12T12:11:00Z,2025-06-12T12:11:00Z
313642,Jippus Galaxy EVCS - ChargeMOD,10.161062057476386,76.38563077960612,Nedumbassery ,Kerala,683589,ChargeMod (IN),Operational,True,25.0,1,True,2025-06-12T12:09:00Z,2025-06-12T12:09:00Z
313641,Airsuite Airport Hotel,10.159295127176051,76.378522878571,Nedumbassery ,Kerala,683589,ChargeMod (IN),Not Operational,False,30.0,1,True,2025-06-12T12:07:00Z,2026-01-23T10:36:00Z
313640,North Paravoor KSEB EVCS - ChargeMOD,10.145632978293406,76.25690380565499,North Paravoor,Kerala,683520,ChargeMod (IN),Operational,True,30.0,5,True,2025-06-12T12:03:00Z,2025-06-12T12:03:00Z
313639,Dhruv EVCS - ChargeMOD,10.154913045890254,76.28601444774222,Kunnukara,Kerala,683578,ChargeMod (IN),Operational,True,30.0,2,True,2025-06-12T12:00:00Z,2025-06-12T12:00:00Z
313638,Sulfex Mattress (EVOK) - ChargeMOD,10.081559652703305,76.33986741548819,Choornikkara,Kerala,683501,ChargeMod (IN),Operational,True,30.0,1,True,2025-06-12T11:56:00Z,2025-06-12T11:56:00Z
313637,EVM MG Motors Coastline Garage - ChargeMOD,10.077284480624044,76.3376412345441,Kochi,Kerala,683106,ChargeMod (IN),Operational,True,60.0,2,True,2025-06-12T11:54:00Z,2025-06-12T11:54:00Z
313636,Steelane (EVOK) - ChargeMOD,10.040433868452538,76.33852407332273,Kalamassery,Kerala,682021,ChargeMod (IN),Operational,True,30.0,1,True,2025-06-12T11:49:00Z,2025-06-12T11:49:00Z
313635,Kalamassery KSEB EVCS - ChargeMOD,10.053770034128178,76.33086763254079,Kalamassery,Kerala,683104,ChargeMod (IN),Operational,True,30.0,6,True,2025-06-12T11:46:00Z,2025-06-12T11:46:00Z
313634,Rajagiri College EVCS - ChargeMOD,10.052459248046603,76.31465630080953,Kalamassery,Kerala,682039,ChargeMod (IN),Operational,True,30.0,3,True,2025-06-12T11:43:00Z,2025-06-12T11:43:00Z
313633,Flash Charge - ChargeMOD,10.027760860324861,76.31117443905742,Edappally,Keral,682024,ChargeMod (IN),Operational,True,30.0,2,True,2025-06-12T11:39:00Z,2025-06-12T11:39:00Z
313632,Kaloor KSEB EVCS - ChargeMOD,10.000241036861425,76.29842982467909,Kaloor,Kerala,682017,ChargeMod (IN),Operational,True,30.0,6,True,2025-06-12T11:32:00Z,2025-06-12T11:32:00Z
313631,Gandhinagar KSEB EVCS - ChargeMOD,9.974192529648036,76.29368170309505,Kochi,Kerala,682020,ChargeMod (IN),Operational,True,30.0,6,True,2025-06-12T11:29:00Z,2025-06-12T11:29:00Z
313630,Chillax EVCS (EVOK) - ChargeMOD,9.985005178404208,76.3160654318624,Thammanam,Kerala,682032,ChargeMod (IN),Operational,True,30.0,1,True,2025-06-12T11:23:00Z,2025-06-12T11:23:00Z
313629,Evee Buddy - Memaid EVCS - ChargeMOD,9.971684804361004,76.32415963358551,Vyttila,Kerala,682019,ChargeMod (IN),Operational,True,30.0,1,True,2025-06-12T11:18:00Z,2025-06-12T11:18:00Z
313628,Broad Bean Hotel (EVOK) - ChargeMOD,9.962667763402436,76.31821354245426,Vyttila,Kerala,682019,ChargeMod (IN),Operational,True,60.0,2,True,2025-06-12T11:15:00Z,2025-08-02T12:37:00Z
313627,Vyttila KSEB EVCS - ChargeMOD,9.962901962801453,76.31922070618452,Vyttila,Keral,682019,ChargeMod (IN),Operational,True,30.0,6,True,2025-06-12T11:13:00Z,2025-06-12T11:13:00Z
313626,BYD EVM Southcoast Service Centre - ChargeMOD,9.94813498576815,76.31850175922932,Maradu,Kerala,682304,ChargeMod (IN),Operational,True,60.0,2,True,2025-06-12T11:04:00Z,2025-06-15T12:12:00Z
313625,EVM La Maison Citroen Kochi - ChargeMOD,9.940155100929147,76.31841841422022,Maradu,Kerala,682304,ChargeMod (IN),Operational,True,30.0,2,True,2025-06-12T10:59:00Z,2025-06-12T10:59:00Z
313624,LiON EVCS - ChargeMOD,9.94222521279606,76.33388510471883,Maradu,Kerala,682038,ChargeMod (IN),Operational,True,30.0,2,True,2025-06-12T10:56:00Z,2025-06-12T10:56:00Z
313623,Rajagiri Hospital EVCS - ChargeMOD,10.088031831505504,76.3890422078266,Aluva,Kerala,683112,ChargeMod (IN),Operational,True,30.0,4,True,2025-06-12T10:35:00Z,2025-06-12T10:35:00Z
313622,Raos EVCS - ChargeMOD,9.93254634166027,76.3882939775574,Thrippunithara,Kerala,682312,ChargeMod (IN),Operational,True,30.0,1,True,2025-06-12T10:32:00Z,2025-06-12T10:32:00Z
313621,PPG Home EVCS - ChargeMOD,9.932987601606115,76.38873573076705,Thrippunithara,Kerala,682312,ChargeMod (IN),Operational,True,60.0,4,True,2025-06-12T10:30:00Z,2025-06-12T10:30:00Z
313620,Hound Mobility EVCS | Kakkanad,10.001801810427551,76.36151799279622,Kakkanad,Kerala,682030,ChargeMod (IN),Operational,True,60.0,4,True,2025-06-12T10:26:00Z,2026-01-23T10:24:00Z
313619,Wonderla - Statiq,10.02602207094047,76.3919959661103,Pallikkara,Kerala,683565,Statiq (IN),Operational,True,60.0,5,True,2025-06-12T10:17:00Z,2025-06-12T10:17:00Z
313618,Matha DC EVCS - ChargeMOD,10.031936931279205,76.40749252320211,Kizhakkambalam,Kerala,683562,ChargeMod (IN),Operational,True,30.0,2,True,2025-06-12T10:12:00Z,2025-06-12T10:12:00Z
313617,Hotel Oottupura (EVOK) - ChargeMOD,10.130170867903814,76.47072020964066,Perumbavoor ,Kerala,683543,ChargeMod (IN),Operational,True,30.0,1,True,2025-06-12T10:03:00Z,2025-06-19T16:40:00Z
313616,Renvolt (EVOK) - ChargeMOD,10.069470074742668,76.60263007017147,Kothamangalam,Kerala,686691,ChargeMod (IN),Operational,True,60.0,2,True,2025-06-12T10:00:00Z,2025-06-12T10:00:00Z
313615,Kothamangalam KSEB EVCS - ChargeMOD,10.053980539499676,76.61538420232228,Kothamangalam,Kerala,686691,ChargeMod (IN),Operational,True,30.0,6,True,2025-06-12T09:57:00Z,2025-06-12T09:57:00Z
313614,GATR PowerFin EVCS - ChargeMOD,9.979468552526953,76.55067812604801,Muvattupuzha,Kerala,682316,ChargeMod (IN),Operational,True,30.0,1,True,2025-06-12T09:53:00Z,2025-06-12T09:53:00Z
313613,PlugMap EVCS by Evan and Eyan,9.978862993946649,76.58443995153965,Moovattupuzha,Kerala,686661,ChargeMod (IN),Operational,True,60.0,4,True,2025-06-12T09:50:00Z,2026-03-02T19:24:00Z
313612,Kabani International (EVOK) - ChargeMOD,9.979118267964807,76.58664022612703,Moovattupuzha,Kerala,686661,ChargeMod (IN),Operational,True,30.0,2,True,2025-06-12T09:47:00Z,2025-06-12T09:47:00Z
313611,Pineapple City EVCS - ChargeMOD,9.946157359688044,76.6356309994008,Thodupuzha,Kerala,686670,ChargeMod (IN),Operational,True,60.0,2,True,2025-06-12T09:44:00Z,2025-06-12T09:44:00Z
313610,Hotel Woodlands - ChargeMOD,9.91734069694752,76.68758141119349,Thodupuzha,Kerala,686670,ChargeMod (IN),Operational,True,30.0,2,True,2025-06-12T09:40:00Z,2025-06-12T09:40:00Z
313609,Thodupuzha KSEB EVCS - ChargeMOD,9.892123471651985,76.7085305288831,Thodupuzha,Kerala,685608,ChargeMod (IN),Operational,True,30.0,6,True,2025-06-12T09:37:00Z,2025-06-12T09:37:00Z
313608,EQ EV Nest - ChargeMOD,9.863113531376897,76.6970905245609,Karimkunnam,Kerala,685586,ChargeMod (IN),Operational,True,30.0,2,True,2025-06-12T09:31:00Z,2025-06-12T09:31:00Z
313606,Royal EV Charging - ChargeMOD,9.856562504416218,76.59656979753362,Koothattukulam,Keraka,686662,ChargeMod (IN),Operational,True,30.0,3,True,2025-06-12T09:27:00Z,2025-06-12T09:27:00Z
313605,EQ ChargeMate - ChargeMOD,9.798850817452347,76.4598873830646,Thalayolaparambu,Kerala,686605,ChargeMod (IN),Operational,True,30.0,2,True,2025-06-12T09:24:00Z,2025-06-12T09:24:00Z
313603,Sihla Energy - ChargeMOD,9.594581375188383,76.42606941926459,Kumarakom,Kerala,686563,ChargeMod (IN),Operational,True,30.0,2,True,2025-06-12T09:20:00Z,2025-06-12T09:20:00Z
313602,BMW EVM Autokraft Service Center - ChargeMOD,8.502329327755106,76.89772557160751,Kochuveli,Kerala,695021,ChargeMod (IN),Operational,True,24.0,1,True,2025-06-12T09:12:00Z,2025-06-12T09:12:00Z
313601,ChargeMOD EVCS,8.357873853342397,77.07294497953484,Thiruvananthapuram ,Kerala,695133,ChargeMod (IN),Operational,True,40.0,2,True,2025-06-12T09:08:00Z,2025-06-19T16:37:00Z
313600,Emily By JDaniels,8.49497477821879,76.97756797546737,Poojappura,Kerala,695012,ChargeMod (IN),Operational,True,60.0,2,True,2025-06-12T09:04:00Z,2025-06-19T16:37:00Z
313599,Nuke EVCS - ChargeMOD,8.548542374667107,76.91829327971476,Sreekaryam,Kerala,695017,ChargeMod (IN),Not Operational,False,30.0,2,True,2025-06-12T08:59:00Z,2026-03-16T12:59:00Z
313598,Electro Zone EV Fast Charging Station - ChargeMOD,8.560820152303819,76.89816463865816,Karyavattom,Kerala,695581,ChargeMod (IN),Operational,True,30.0,1,True,2025-06-12T08:56:00Z,2025-06-12T08:56:00Z
313597,Akshaya EV Fast Charging Station - ChargeMOD,8.565300166377725,76.87444738407987,Kazhakuttom,Kerala,695582,ChargeMod (IN),Operational,True,30.0,2,True,2025-06-12T08:52:00Z,2025-06-12T08:52:00Z
313594,Moolamattom KSEB EVCS - ChargeMOD,9.789170222066858,76.85385688839403,Moolamattom,Kerala,685589,ChargeMod (IN),Operational,True,30.0,6,True,2025-06-11T19:04:00Z,2025-06-11T19:04:00Z
313593,EQ Vagamon EV Port - ChargeMOD,9.68430398680107,76.89548263873428,Vagamon,Kerala,686512,ChargeMod (IN),Operational,True,30.0,3,True,2025-06-11T18:59:00Z,2025-06-11T18:59:00Z
313592,Palm Peats (EVOK) - ChargeMOD,9.690678968394721,76.7745897285775,Erattupetta,Kerala,686121,ChargeMod (IN),Operational,True,30.0,1,True,2025-06-11T18:56:00Z,2025-06-11T18:56:00Z
313591,Flour Mill (EVOK) - ChargeMOD,9.711918348051455,76.6932444958519,Pala,Kerala,686575,ChargeMod (IN),Operational,True,30.0,1,True,2025-06-11T18:54:00Z,2025-06-11T18:54:00Z
313590,Jim and Jims EVCS - ChargeMOD,9.691623797834922,76.64031694680193,Pala,Kerala,686574,ChargeMod (IN),Operational,True,60.0,4,True,2025-06-11T18:49:00Z,2025-06-11T18:49:00Z
313589,Alpha Hangout Play World,9.661163852215779,76.55132832762774,Ettumanoor,Kerala,686631,ChargeMod (IN),Operational,True,60.0,2,True,2025-06-11T18:45:00Z,2025-06-11T18:45:00Z
313587,Gandhi Nagar KSEB EVCS - ChargeMOD,9.632684209424426,76.52440170126067,Arpookara,Kerala,686008,ChargeMod (IN),Operational,True,30.0,5,True,2025-06-11T18:40:00Z,2025-06-11T18:40:00Z
313586,Indraprastha Hotel (EVOK) - ChargeMOD,9.601836959255365,76.5321590128982,Kottayam,Kerala,686006,ChargeMod (IN),Operational,True,30.0,1,True,2025-06-11T18:35:00Z,2025-06-11T18:35:00Z
313585,Charge n Fresh EVCS - ChargeMOD,9.586257488209199,76.58841522125499,Kottayam,Kerala,686019,ChargeMod (IN),Operational,True,30.0,2,True,2025-06-11T18:31:00Z,2025-06-11T18:31:00Z
313584,Pallam KSEB EVCS - ChargeMOD,9.543064906573704,76.51423132822606,Pallom,Kerala,686007,ChargeMod (IN),Operational,True,30.0,6,True,2025-06-11T18:27:00Z,2025-06-11T18:27:00Z
313583,Amma Restaurant,9.519932044528943,76.32752164445753,Alappuzha,Kerala,688007,ChargeMod (IN),Operational,True,30.0,1,True,2025-06-11T18:20:00Z,2025-06-11T18:20:00Z
313582,Thankamanys EV Fast Charging Station - ChargeMOD,9.505147465480917,76.32832598188742,Alappuzha,Kerala,688007,ChargeMod (IN),Operational,True,30.0,1,True,2025-06-11T18:18:00Z,2025-06-11T18:18:00Z
313581,Punnapra KSEB EVCS - ChargeMOD,9.42561690304693,76.34677264043893,Punnapra,Kerala,688003,ChargeMod (IN),Operational,True,30.0,6,True,2025-06-11T18:12:00Z,2025-06-11T18:12:00Z
313580,Pathalil EVCS - Charge MOD,9.506164435852696,76.65233361498815,Nedumkunnam,Kerala,686542,ChargeMod (IN),Operational,True,30.0,2,True,2025-06-11T18:06:00Z,2026-01-23T09:27:00Z
313579,JJ E Fills - ChargeMOD,9.45225032580369,76.54723889833599,Changanassery,Kerala,686101,ChargeMod (IN),Operational,True,60.0,3,True,2025-06-11T18:01:00Z,2025-06-11T18:01:00Z
313578,Wealfro EV Hub,9.42107626726309,76.54613416788874,Thiruvalla,Kerala,689107,ChargeMod (IN),Operational,True,40.0,1,True,2025-06-11T17:57:00Z,2025-06-11T17:57:00Z
313577,Anand Hypermarket - ChargeMOD,9.373321982204288,76.56481064983558,Thiruvalla,Kerala,689101,ChargeMod (IN),Operational,True,25.0,1,True,2025-06-11T17:51:00Z,2026-01-23T09:11:00Z
313576,Iongrid EV Spark - ChargeMOD,9.367525880261468,76.49951805750726,Edathwa,Kerala,688011,ChargeMod (IN),Operational,True,30.0,3,True,2025-06-11T17:47:00Z,2025-06-11T17:47:00Z
313575,V Charge Hub - ChargeMOD,9.31425028332201,76.42910773148486,Karuvatta,Kerala,690517,ChargeMod (IN),Operational,True,60.0,4,True,2025-06-11T17:39:00Z,2026-01-31T00:09:00Z
313574,Quick Charge EVCS - ChargeMOD,9.315750048885036,76.40122120264317,Karuvatta,Kerala,690517,ChargeMod (IN),Operational,True,60.0,8,True,2025-06-11T17:33:00Z,2025-06-11T17:33:00Z
313569,Phills Hub EVCS - ChargeMOD,9.316652369390567,76.80090226904508,Pathanamthitta,Kerala,689672,ChargeMod (IN),Operational,True,60.0,2,True,2025-06-11T16:04:00Z,2025-06-11T16:06:00Z
313567,Pamba KSEB EVCS - ChargeMOD,9.412378118693468,77.069968563425,Pamba,Kerala,689713,ChargeMod (IN),Operational,True,30.0,6,True,2025-06-11T15:58:00Z,2025-06-11T15:58:00Z
313560,EVOK Pathanamthitta - ChargeMOD,9.306222052286827,76.80366578189017,Pathanamthitta,Kerala,689678,ChargeMod (IN),Operational,True,30.0,1,True,2025-06-11T15:49:00Z,2025-06-11T15:49:00Z
313559,Green Plug EVCS - ChargeMOD,9.271844657077722,76.65508788685014,Chengannur,Kerala,689504,ChargeMod (IN),Operational,True,30.0,1,True,2025-06-11T15:45:00Z,2025-06-11T15:45:00Z
313557,PTC Arcade - ChargeMOD,9.301293402436599,76.63077878361094,Chengannur,Kerala,689122,ChargeMod (IN),Operational,True,90.0,3,True,2025-06-11T15:42:00Z,2025-06-11T15:42:00Z
313555,Muzhangodayil EVCS - ChargeMOD,9.251673852976054,76.48723263635628,Harippad,,690511,ChargeMod (IN),Temporarily Unavailable,True,60.0,2,True,2025-06-11T15:35:00Z,2025-06-11T15:35:00Z
313554,Askar EV - ChargeMOD,9.23250558016045,76.53790278235039,Mavelikkara,Kerala,690101,ChargeMod (IN),Operational,True,25.0,1,True,2025-06-11T15:30:00Z,2025-06-11T15:30:00Z
313553,Anaswara Jewellers EVCS - ChargeMOD,9.229128424494249,76.84839128111668,Konni,Kerala,689961,ChargeMod (IN),Operational,True,30.0,1,True,2025-06-11T15:27:00Z,2025-06-11T15:27:00Z
313552,EQ Power Buzz EVCS - ChargeMOD,9.187183740570958,76.70929549578068,Paranthal,Kerala,689501,ChargeMod (IN),Operational,True,25.0,2,True,2025-06-11T15:23:00Z,2025-06-11T15:23:00Z
313550,Adhithya Green Power - ChargeMOD,9.180307946017876,76.70896676308257,Paranthal,Kerala,689501,ChargeMod (IN),Operational,True,30.0,1,True,2025-06-11T15:18:00Z,2025-06-11T15:18:00Z
313549,SR Auto Zone - ChargeMOD,9.162499405108221,76.71051677559518,Adoor,Kerala,691522,ChargeMod (IN),Operational,True,30.0,1,True,2025-06-11T15:14:00Z,2025-06-11T15:14:00Z
313548,Artemis EV Super Charger - ChargeMOD,9.198881109408163,76.60017650492466,Mavelikkara,Kerala,690534,ChargeMod (IN),Operational,True,30.0,2,True,2025-06-11T15:09:00Z,2025-06-11T15:09:00Z
313547,Royale Regency (EVOK) - ChargeMOD,9.130625595290141,76.51429714499989,Ochira,Kerala,690526,ChargeMod (IN),Operational,True,30.0,1,True,2025-06-11T15:02:00Z,2025-06-11T15:02:00Z
313546,Delight Launch Cafe - ChargeMOD,9.059350297189397,76.76600396907929,Kottarakkara,Kerala,691560,ChargeMod (IN),Operational,True,30.0,2,True,2025-06-11T14:58:00Z,2025-06-11T14:58:00Z
313545,Ente Veedu Interior (EVOK) - ChargeMOD,9.030351870410755,76.78219777246784,Kottarakkara,Kerala,691560,ChargeMod (IN),Operational,True,30.0,1,True,2025-06-11T14:43:00Z,2025-06-11T14:43:00Z
313541,Thenmala EVOK - ChargeMOD,8.966824195605966,77.05562962995492,Thenmala,Kerala,691308,ChargeMod (IN),Operational,True,30.0,1,True,2025-06-11T13:23:00Z,2025-06-11T14:01:00Z
313540,Plug N Pay EVCS - ChargeMOD,8.935045209787887,76.77241547653307,Odanavattom,Kerala,691512,ChargeMod (IN),Operational,True,30.0,1,True,2025-06-11T13:20:00Z,2025-06-11T14:01:00Z
313539,Kundara KSEB - ChargeMOD,8.95718585834993,76.67133653462605,Kundara,Kerala,691501,ChargeMod (IN),Operational,True,30.0,6,True,2025-06-11T13:15:00Z,2025-06-11T14:01:00Z
313538,Sree Suprabhatham - ChargeMOD,8.926969524448452,76.55280314933964,Kollam,Kerala,691581,ChargeMod (IN),Operational,True,60.0,2,True,2025-06-11T13:08:00Z,2025-06-11T14:01:00Z
313537,Bishop Jerome Nagar (EVOK) EVCS - ChargeMOD,8.887577413782594,76.58843660568147,Chinnakkada,Kerala,691001,ChargeMod (IN),Operational,True,60.0,2,True,2025-06-11T13:02:00Z,2025-06-11T14:01:00Z
313536,VOX Xpress Wash (EVOK) - ChargeMOD,8.87386801577226,76.64100893106445,Kollam,Kerala,691020,ChargeMod (IN),Operational,True,30.0,1,True,2025-06-11T12:57:00Z,2025-06-11T14:01:00Z
313535,EVOK Charging Stattion - ChargeMOD,8.819673867794634,76.75363730582768,Parippalli,Kerala,691574,ChargeMod (IN),Operational,True,30.0,1,True,2025-06-11T12:53:00Z,2025-06-11T14:01:00Z
313534,Plug N Pay EVCS,8.935694034983442,76.85104921051595,Kottarakkara,Kerala,691532,ChargeMod (IN),Operational,True,30.0,2,True,2025-06-11T12:49:00Z,2025-06-11T14:01:00Z
313533,Kottiyam KSEB EVCS - ChargeMOD,8.866370095144688,76.66887781466477,Kottiyam,Kerala,691571,ChargeMod (IN),Temporarily Unavailable,True,30.0,6,True,2025-06-11T12:22:00Z,2025-06-11T14:01:00Z
313532,Avananchery KSEB EVCS - ChargeMOD,8.690987763706332,76.8483977852415,Attingal,Kerala,695103,ChargeMod (IN),Operational,True,30.0,6,True,2025-06-11T12:14:00Z,2025-06-11T14:01:00Z
313531,Paruthippara KSEB EVCS - ChargeMOD,8.534933840840353,76.94198425748345,Paruthippara,Kerala,695015,ChargeMod (IN),Operational,True,60.0,6,True,2025-06-11T12:07:00Z,2025-06-11T14:01:00Z
313530,Pattom KSEB EVCS - ChargeMOD,8.516753527229795,76.93968817666752,Pattom,Kerala,695004,ChargeMod (IN),Operational,True,60.0,6,True,2025-06-11T12:00:00Z,2025-06-11T14:01:00Z
313529,ANERT EESL - Pinarayi Park,11.795232100785313,75.49021889997948,Kannur,Kerala,670741,EESL (IN),Operational,True,60.0,3,True,2025-06-11T11:43:00Z,2025-06-11T14:01:00Z
313528,ANERT EESL - Aahar Restaurant Vadakara,11.586364891391128,75.59322033744107,Vadakara,Kerala,673101,EESL (IN),Operational,True,60.0,3,True,2025-06-11T11:37:00Z,2025-06-11T14:01:00Z
313527,ANERT EESL - Moosakkutti Memorial Bus Stand,10.97506930502017,76.22228328115466,Perinthalmanna,Kerala,679322,EESL (IN),Operational,True,60.0,3,True,2025-06-11T11:32:00Z,2025-06-11T14:01:00Z
313526,ANERT EESL - Kanjirappuzha Garden,10.989259255628724,76.5370121393978,Mannarkkad,Keral,678591,EESL (IN),Operational,True,60.0,3,True,2025-06-11T11:28:00Z,2025-06-11T14:01:00Z
313525,ANERT EESL - KTDC Aahar Restaurant ,9.149021955063077,76.5129182302341,Kayamkulam,Lerala,690533,EESL (IN),Operational,True,60.0,3,True,2025-06-11T11:22:00Z,2025-06-11T14:01:00Z
313515,ANERT EESL - Kulappulli Bus Stand,10.781016444981958,76.27832766263367,Shornur,Kerala,679122,EESL (IN),Operational,True,60.0,3,True,2025-06-10T12:42:00Z,2025-06-11T14:01:00Z
313514,ANERT EESL - KILA Thrissur,10.601581892750232,76.21488230874667,Thrissur,Kerala,680581,EESL (IN),Operational,True,60.0,3,True,2025-06-10T12:38:00Z,2025-06-11T14:01:00Z
313513,ANERT EESL - Chittur Thathamangalam Minicipality,10.692951545459948,76.7262620829282,Palakkad,Kerala,678104,EESL (IN),Operational,True,60.0,3,True,2025-06-10T12:34:00Z,2025-06-11T14:01:00Z
313512,ANERT EESL - DTPC Idukki Park,9.849056508967635,76.97740370583625,Idukki,Kerala,685602,EESL (IN),Operational,True,60.0,3,True,2025-06-10T12:29:00Z,2025-06-11T14:01:00Z
313511,ANERT EESL - Ernakulam,9.97698850139885,76.2778105180987,Ernakulam,Kerala,682031,EESL (IN),Operational,True,60.0,4,True,2025-06-10T12:25:00Z,2025-06-11T14:01:00Z
313510,ANERT EESL - Autokast ,9.63370013043675,76.33372244690435,Cherthala,Kerala,688539,EESL (IN),Operational,True,60.0,3,True,2025-06-10T12:21:00Z,2025-07-10T11:04:00Z
313509,ANERT EESL Milma Diary Plant - EESL,9.218788691780205,76.74875398321973,Pathanamthitta ,Kerala,689648,EESL (IN),Operational,True,60.0,3,True,2025-06-10T12:16:00Z,2025-06-11T14:01:00Z
313508,ANERT - EESL Sangamukham - EESL,8.481014702107387,76.91264314471567,Thiruvananthapuram ,Kerala,695008,EESL (IN),Operational,True,60.0,4,True,2025-06-10T12:09:00Z,2025-06-11T14:01:00Z
313507,Apco Hyundai - ChargeZone,12.508914881020132,75.0447842630179,Chengala,Kerala,671541,Chargezone (India),Planned For Future Date,False,30.0,2,True,2025-06-10T12:04:00Z,2025-06-11T16:27:00Z
313506,Thiruvangoor EV Fast Charging Station - ChargeMOD,11.382827235535927,75.73593649657082,Kozhikode,Kerala,673304,ChargeMod (IN),Operational,True,60.0,2,True,2025-06-10T12:01:00Z,2025-06-13T13:28:00Z
313505,MB#Bridgeway Motors,11.282498947490097,75.76959949804987,Kozhikode,Kerala,673005,ChargeMod (IN),Operational,True,60.0,2,True,2025-06-10T11:58:00Z,2026-02-25T11:43:00Z
313504,KVR Hyundai - ChargeZone,11.27997830911059,75.77048059797019,Kozhikode,Kerala,673003,Chargezone (India),Planned For Future Date,False,30.0,2,True,2025-06-10T11:55:00Z,2025-06-11T14:01:00Z
313503,Grand Hyundai - ChargeZone,10.790476610940487,76.65111938555197,Palakkad,Kerala,678003,Chargezone (India),Operational,True,60.0,2,True,2025-06-10T11:52:00Z,2026-02-25T13:35:00Z
313502,MB#Bridgeway Motors,10.471047117861417,76.25745902731421,Thrissur,Kerala,680306,ChargeMod (IN),Operational,True,60.0,2,True,2025-06-10T11:49:00Z,2026-02-25T11:42:00Z
313501,Kochi Marriot Hotel,10.029828147933713,76.30813431285094,Kochi,Kerala,682024,Chargezone (India),Planned For Future Date,False,60.0,2,True,2025-06-10T11:40:00Z,2026-02-25T13:00:00Z
313500,Le Meridien - ChargeZone,9.933863177376935,76.3168740616045,Ernakulam,Kerala,682304,Chargezone (India),Planned For Future Date,False,60.0,2,True,2025-06-10T11:37:00Z,2026-02-25T13:01:00Z
313499,MB#Coastal Star,9.922990219918262,76.31768924611822,Ernakulam,Kerala,682304,ChargeMod (IN),Operational,True,180.0,2,True,2025-06-10T11:35:00Z,2026-02-25T11:45:00Z
313498,GreenVeel,9.973783778024469,76.6006940918598,Muvattupuzha,Kerala,686661,ChargeMod (IN),Operational,True,30.0,1,True,2025-06-10T11:32:00Z,2026-02-25T11:58:00Z
313497,GreenVeel - ChargeZone,9.892659539885386,76.71176413963099,Idukki,Kerala,685584,ChargeMod (IN),Operational,True,90.0,3,True,2025-06-10T11:28:00Z,2026-01-23T10:02:00Z
313496,Athirampuzha,9.661688305606717,76.55113745755165,Kottayam,Kerala,686631,ChargeMod (IN),Operational,True,60.0,2,True,2025-06-10T11:23:00Z,2026-02-25T11:48:00Z
313495,SS Hyundai,9.27774492539669,76.75468311365398,Pathanamthitta,Kerala,689643,Chargezone (India),Operational,True,60.0,2,True,2025-06-10T11:19:00Z,2026-02-25T13:07:00Z
313494,GDM Auditorium - ChargeZone,9.169962388825738,76.49808791886016,Kayamkulam,Kerala,690502,Chargezone (India),Operational,True,60.0,2,True,2025-06-10T11:15:00Z,2026-02-25T13:06:00Z
313493,Hotel Indraprastha,9.052355042165445,76.5354608083407,Karunagappalli,Kerala,690518,Chargezone (India),Operational,True,60.0,2,True,2025-06-10T11:12:00Z,2026-02-25T13:08:00Z
313492,Best EVCS - ChargeMOD,9.046053009129778,76.53663078070491,Karunagappalli,Kerala,690518,Chargezone (India),Operational,True,30.0,1,True,2025-06-10T11:08:00Z,2025-06-11T14:36:00Z
313491,Instacharge EV Fast Charging and Café,8.915427160815128,76.61486886765476,Kollam,Kerala,691015,ChargeMod (IN),Operational,True,60.0,4,True,2025-06-10T11:04:00Z,2026-02-25T12:00:00Z
313490,Chungath Sprise Hyundai - ChargeZone,8.911104862076982,76.62735315845515,Kollam,Kerala,691004,Chargezone (India),Planned For Future Date,False,30.0,2,True,2025-06-10T11:00:00Z,2025-06-11T14:01:00Z
313489,KVE Charge,8.737548356185883,76.70789801259406,Varkala,Kerala,695311,ChargeMod (IN),Operational,True,60.0,3,True,2025-06-10T10:55:00Z,2026-02-25T12:03:00Z
313488,Marvel Paints,8.535706208418148,76.96526204012383,Thiruvananthapuram ,Kerala,695005,ChargeMod (IN),Operational,True,60.0,2,True,2025-06-10T10:50:00Z,2026-02-25T12:07:00Z
313475,Raj Residency - Zeon,12.304241742478752,75.09704178085582,Kanhangad,Kerala,671315,Zeon Charging,Operational,True,50.0,1,True,2025-06-09T18:54:00Z,2025-06-11T14:01:00Z
313474,Koodali SCB,11.927016595657648,75.50042206155453,Kannur,Kerala,670595,Zeon Charging,Operational,True,30.0,1,True,2025-06-09T18:51:00Z,2025-06-11T14:01:00Z
313472,Co-Operqative Bank - Zeon,11.787885590422789,75.53302104514765,Kathirur,Kerala,670642,Zeon Charging,Operational,True,30.0,3,True,2025-06-09T18:46:00Z,2025-06-11T14:01:00Z
313471,Down Town Mall - Zeon,11.745123385253223,75.49541917459942,Thalasseri,Kerala,670104,Zeon Charging,Operational,True,60.0,2,True,2025-06-09T18:42:00Z,2025-06-19T09:07:00Z
313469,Issacs Centre Square - Zeon,11.661242260762606,76.25568142399845,Sulthan Batheri,Kerala,673592,(Unknown Operator),Operational,True,24.0,1,True,2025-06-09T18:38:00Z,2025-06-11T14:01:00Z
313468,Great Trails Wayanad by GRT Hotels,11.630455838998557,76.0181458403498,Kalpetta,Kerala,673122,Zeon Charging,Operational,True,22.0,1,False,2025-06-09T18:36:00Z,2025-06-11T19:21:00Z
313467,Nesto Hypermarket - Zeon,11.603113725229335,76.08314903993465,Kalpetta,Kerala,673121,Zeon Charging,Operational,True,24.0,1,True,2025-06-09T18:29:00Z,2025-06-11T14:01:00Z
313465,HiLite Mall - Zeon,11.248102467880244,75.83413591969762,Kozhikode,Kerala,673014,Zeon Charging,Operational,True,120.0,4,True,2025-06-09T18:25:00Z,2025-06-19T09:07:00Z
313464,HiLite Business Park - Zeon,11.24701615784167,75.83467863520764,Kozhikode,Kerala,673014,Zeon Charging,Operational,True,60.0,3,True,2025-06-09T18:23:00Z,2025-06-19T09:06:00Z
313461,Nesto Hypermarket - Zeon,10.99573941435061,75.99210993730881,Kottakkal,Kerala,676501,Zeon Charging,Operational,True,60.0,2,True,2025-06-09T18:11:00Z,2025-06-19T09:05:00Z
313460,Club Sulaimani - Zeon,10.983867426675815,75.99802950416446,Kottakkal,Kerala,676503,Zeon Charging,Operational,True,24.0,1,True,2025-06-09T18:04:00Z,2025-06-11T14:01:00Z
313459,Nesto Hypermarket Zeon,10.907726245273935,75.92032568189924,Thirur,Kerala,676101,Zeon Charging,Operational,True,60.0,2,True,2025-06-09T18:01:00Z,2025-06-19T09:05:00Z
313458,Emirates Mall - Zeon,10.786020507719897,76.00816181964399,Edappal,Kerala,679576,Zeon Charging,Operational,True,24.0,1,True,2025-06-09T17:56:00Z,2025-06-11T14:01:00Z
313456,Hotel Devaragam,10.595622580626454,76.04459842650351,Guruvayur,Kerala,680101,Zeon Charging,Operational,True,24.0,1,True,2025-06-09T17:49:00Z,2025-06-11T14:01:00Z
313455,Nesto Hypermarket,10.539926248084,76.19288757731226,Thrissur,Kerala,680002,Zeon Charging,Operational,True,60.0,2,True,2025-06-09T17:46:00Z,2025-06-19T09:04:00Z
313454,Dream City Convention Center,10.55587198783526,76.32282252128522,Pattikkad,Kerala,680652,Zeon Charging,Operational,True,24.0,1,True,2025-06-09T17:42:00Z,2025-06-11T14:01:00Z
313453,Chennai Ananda Bhavan,10.51275970432485,76.25891674593504,Thrissur,Kerala,680751,Zeon Charging,Operational,True,60.0,2,True,2025-06-09T17:38:00Z,2025-06-19T09:03:00Z
313452,Hilite Mall,10.49548871358526,76.25680252890044,Thrissur,Kerala,680014,Zeon Charging,Operational,True,120.0,5,True,2025-06-09T17:35:00Z,2025-06-19T09:03:00Z
313451,Mughal Mall,10.231319020041099,76.19724309794333,Kodungallur,Kerala,680664,Zeon Charging,Operational,True,60.0,2,True,2025-06-09T17:22:00Z,2025-06-19T09:02:00Z
313450,Maxx Inn M Star,10.222723756649074,76.37569774238432,Angamaly,Kerala,683576,Zeon Charging,Operational,True,24.0,1,True,2025-06-09T17:14:00Z,2025-06-11T14:01:00Z
313449,Club Mahindra Resort - Cherai Beach,10.137093999810617,76.18028952544324,Cherai,Kerala,683514,Zeon Charging,Operational,True,22.0,2,False,2025-06-09T17:09:00Z,2025-06-11T19:19:00Z
313447,Grand Mall,10.024160422636712,76.30871193061643,Edappalli,Kerala,682024,Zeon Charging,Operational,True,60.0,3,True,2025-06-09T17:06:00Z,2025-06-19T09:01:00Z
313446,Gokul Oottupura Restaurant,10.011144817352246,76.31249740510384,Edappalli,Kerala,682021,Zeon Charging,Operational,True,50.0,1,True,2025-06-09T17:01:00Z,2025-06-11T14:01:00Z
313445,Brunton Boatyard,9.968304525407731,76.24570948393551,Cochin,Kerala,682001,Zeon Charging,Operational,True,24.0,1,True,2025-06-09T16:58:00Z,2025-06-11T14:01:00Z
313444,Casino Hotel,9.96143124399039,76.26949095249614,Kochi,Kerala,682003,Zeon Charging,Operational,True,22.0,1,False,2025-06-09T16:55:00Z,2025-06-11T14:01:00Z
313443,Hotel Ganga Grand,9.981770565891793,76.57830422508846,Moovattupuzha,Kerala,686673,Zeon Charging,Operational,True,60.0,2,True,2025-06-09T16:52:00Z,2025-06-19T09:00:00Z
313442,Eden Wood Resorts,10.025676321659006,77.05377106161887,Munnar,Kerala,685565,Zeon Charging,Operational,True,22.0,1,False,2025-06-09T16:49:00Z,2025-06-11T19:18:00Z
313441,Club Mahindra Aleppey Resort,9.859751104489362,76.33582416512633,Arookutty,Kerala,688535,Zeon Charging,Operational,True,22.0,2,False,2025-06-09T16:42:00Z,2025-06-11T19:17:00Z
313440,CGH Marari Beach,9.596033618612921,76.30277023506221,Mararikulam,Kerala,688523,Zeon Charging,Operational,True,22.0,1,False,2025-06-09T16:39:00Z,2025-06-11T14:01:00Z
313439,Cassia Restaurant,9.518713883149715,76.32748515490442,Alappuzha,Kerala,688008,Zeon Charging,Operational,True,60.0,2,True,2025-06-09T16:35:00Z,2025-06-19T08:58:00Z
313438,Hotel Aida,9.582880475673022,76.52168622035634,Kottayam,Kerala,686001,Zeon Charging,Operational,True,50.0,1,True,2025-06-09T16:32:00Z,2025-06-11T14:01:00Z
313437,The Windsor Castle Hotel,9.571548200477338,76.51936940989242,Kottayam,Kerala,686013,Zeon Charging,Operational,True,24.0,1,True,2025-06-09T16:30:00Z,2025-06-11T14:01:00Z
313436,Club Mahindra Resort - Thekkadi,9.603436669871357,77.17154785062633,Kumali,Kerala,685509,Zeon Charging,Operational,True,22.0,2,False,2025-06-09T16:26:00Z,2025-06-11T19:18:00Z
313435,RD Cinemas,9.544093022031731,76.87733542382585,Mundakkayam,Kerala,686513,Zeon Charging,Operational,True,24.0,1,True,2025-06-09T16:23:00Z,2025-06-11T14:01:00Z
313434,Kanthari Restaurants,9.455165469662148,76.54242382238897,Changanassery,Kerala,686101,Zeon Charging,Operational,True,24.0,1,True,2025-06-09T16:20:00Z,2025-06-11T14:01:00Z
313433,Mannil Green Solutions,9.283238233518844,76.53084010596456,Mavelikkara,Kerala,690105,Zeon Charging,Operational,True,60.0,2,True,2025-06-09T16:17:00Z,2025-06-19T08:59:00Z
313432,Phills Hub - Zeon,9.316719270744642,76.80097101612563,Pathanamthitta,Kerala,689672,Zeon Charging,Operational,True,24.0,1,True,2025-06-09T16:12:00Z,2025-06-11T16:05:00Z
313431,Wyte Portico Hotel,9.161947571551806,76.72149631338965,Adoor,Kerala,691523,Zeon Charging,Operational,True,24.0,1,True,2025-06-09T16:09:00Z,2025-06-11T14:01:00Z
313430,Pooyappalli Service Co-Operative Bank Ltd,8.89868209628473,76.74213825011032,Kollam,Kerala,691537,Zeon Charging,Operational,True,30.0,4,True,2025-06-09T16:07:00Z,2025-06-11T14:01:00Z
313420,N and N Station,8.864731077119629,76.66048322159958,Kottiyam,Kerala,691 571,ChargeMod (IN),Operational,True,30.0,2,True,2025-06-09T15:03:00Z,2025-06-11T14:01:00Z
313419,Amma Veedu Restaurent,8.930368464794824,76.85381998387061,Ayoor,Kerala,691533,ChargeMod (IN),Operational,True,30.0,1,True,2025-06-09T14:55:00Z,2025-06-11T14:01:00Z
313418,DM Charging,8.812579175105057,76.75675170508435,Parippilli,Kerala,691574,Zeon Charging,Operational,True,60.0,2,True,2025-06-09T14:48:00Z,2025-06-19T08:59:00Z
313417,New Indraprastha (EVOK) EVCS,8.792020363373027,76.77063200499896,Kallambalam,Kerala,695603,ChargeMod (IN),Operational,True,30.0,1,True,2025-06-09T14:44:00Z,2025-06-11T14:01:00Z
313416,Vazhiyorakkada Hotel,8.785763001571354,76.8837004391724,KIlimamoor,Kerala,695614,ChargeMod (IN),Operational,True,30.0,1,True,2025-06-09T14:39:00Z,2025-06-11T14:01:00Z
313406,Astro Burgers,8.687607887565733,76.82992395389022,Attingal,Kerala,695101,Zeon Charging,Operational,True,24.0,1,True,2025-06-09T09:12:00Z,2025-06-11T14:01:00Z
313405,Edackodu Bank EVCS,8.671500192022364,76.83499833192644,Thiruvananthapuram ,Kerala,695104,ChargeMod (IN),Operational,True,60.0,3,True,2025-06-09T09:07:00Z,2025-06-11T14:01:00Z
313404,Kerala EV Vembayam,8.651754842325019,76.92797970100514,Thiruvananthapuram ,Kerala,695616,ChargeMod (IN),Operational,True,60.0,2,True,2025-06-09T09:03:00Z,2026-01-22T13:46:00Z
313403,Ultralink EVCS Charging Station,8.33075691265681,77.14237583090846,Thiruvananthapuram ,Kerala,695502,ChargeMod (IN),Operational,True,30.0,2,True,2025-06-09T08:58:00Z,2025-06-19T16:34:00Z
313402,Club Mahindra Resort Poovar,8.306583673324084,77.08608641188243,Thiruvananthapuram ,Kerala,695513,Zeon Charging,Operational,True,22.0,2,False,2025-06-09T08:54:00Z,2026-03-16T13:22:00Z
313401,Powerhub EVCS Attukal,8.466545109222693,76.96080801045264,Thiruvananthapuram ,Kerala,695009,ChargeMod (IN),Operational,True,30.0,2,True,2025-06-09T08:50:00Z,2025-06-19T16:35:00Z
313400,Sleeba & Sons Station,8.54498342140748,76.97229843917057,Thiruvananthapuram ,Kerala,695013,Statiq (IN),Temporarily Unavailable,True,30.0,1,True,2025-06-09T08:44:00Z,2026-02-25T11:50:00Z
313399,JKV Power Hub ,8.50366785353485,76.95391617176614,Thiruvananthapuram ,Kerala,695034,ChargeMod (IN),Operational,True,30.0,1,True,2025-06-09T08:39:00Z,2025-06-19T16:38:00Z
313398,Hilton Garden Inn Trivandrum,8.4996352320004,76.95029905839203,Thiruvananthapuram ,Kerala,695039,Statiq (IN),Operational,True,60.0,2,True,2025-06-09T08:35:00Z,2025-06-11T14:01:00Z
313397,CBC Motors Charging Station,8.465871552402248,76.9390975787802,Thiruvananthapuram ,Kerala,695008,Statiq (IN),Operational,True,60.0,1,True,2025-06-09T08:31:00Z,2025-06-11T14:01:00Z
313396,Trivandrum Airport T1,8.476057964902722,76.91830975328156,Thiruvananthapuram ,Kerala,695008,Adani Gas-EV (TR),Operational,True,30.0,2,True,2025-06-09T08:26:00Z,2025-06-11T14:01:00Z
313395,Trivandrum Airport T2,8.488386743772637,76.92245062858052,Thiruvananthapuram ,Kerala,695008,Adani Gas-EV (TR),Temporarily Unavailable,True,30.0,2,True,2025-06-09T08:23:00Z,2025-06-11T14:01:00Z
313394,V Kay Super Market,8.575089637161042,76.86841738658734,Thiruvananthapuram ,Kerala,695301,ChargeMod (IN),Operational,True,30.0,1,True,2025-06-09T08:19:00Z,2025-06-11T14:01:00Z
313393,ChargeMOD EVCS Hub,8.550683857418633,76.87848778223167,Thiruvananthapuram ,Kerala,695581,ChargeMod (IN),Operational,True,60.0,3,True,2025-06-09T08:09:00Z,2025-06-11T14:01:00Z
313392,Delta Power Kulathoor,8.542037312716715,76.87581948417585,Thiruvananthapuram ,Kerala,695583,ChargeMod (IN),Operational,True,60.0,4,True,2025-06-09T08:04:00Z,2025-06-11T14:01:00Z
313391,KIMS Hospital Trivandrum (EVOK),8.514470785074025,76.90784744038086,Thiruvananthapuram ,Kerala,695029,ChargeMod (IN),Operational,True,40.0,2,True,2025-06-09T07:57:00Z,2026-01-22T13:30:00Z
313390,Alpha EVCS Yahoo Super Bazar,8.510831844705734,76.90484031941787,Thiruvanthapuram,Kerala,695029,ChargeMod (IN),Operational,True,60.0,2,True,2025-06-09T07:51:00Z,2026-01-22T13:31:00Z
312635,Mansavi SuperCharge Point,28.455186365944098,77.5035852134958,G B Nagar,Uttar Pradesh,201310,(Unknown Operator),Operational,True,30.0,1,True,2025-05-16T05:19:00Z,2025-05-19T05:24:00Z
312412,Sri Sai Kanchetty Family Restaurant,18.632170838340482,78.20817022692324,Dichpally,Telangana,,Chargezone (India),Operational,True,60.0,2,True,2025-05-09T11:24:00Z,2025-05-12T11:29:00Z
312374,Hotel Topline,20.836967977911712,74.75561014858295,Dhule,Maharashtra,411014,Chargezone (India),Operational,True,60.0,1,True,2025-05-08T09:53:00Z,2025-05-11T09:54:00Z
312373,Hotel Mayur Express,19.520114483627125,74.20273682326365,Sangamner,Maharashtra,411014,Chargezone (India),Operational,True,30.0,1,True,2025-05-08T09:49:00Z,2025-05-11T09:54:00Z
312061,FC - JioBP - The Bengal Dhaba,22.922668495049706,88.45628433804325,Kalyani,West Bengal,743145,JIO BP Pulse (India),Operational,True,60.0,2,True,2025-04-28T16:33:00Z,2025-05-01T16:34:00Z
312060,FC - JioBP - WBSDCL Athupur,22.839467099235264,88.38586414053952,Barrakpore,West Bengal,743128,JIO BP Pulse (India),Operational,True,30.0,4,True,2025-04-28T16:27:00Z,2025-05-01T16:29:00Z
312059,FC - Jio-BP - Khardaha,22.70657211558681,88.37434853401237,Khardaha,West Bengal,700115,JIO BP Pulse (India),Operational,True,60.0,2,True,2025-04-28T16:12:00Z,2025-05-01T16:14:00Z
312058,FC - Tata Power - Taj Raajkutir,22.573505558470004,88.40230025526728,Kolkata,West Bengal,700054,Tata Power,Operational,True,30.0,2,True,2025-04-28T15:59:00Z,2025-05-01T16:04:00Z
312046,Azadpur Metro Station,28.706611759021953,77.18210759629983,Delhi,Delhi,110052,JIO BP Pulse (India),Operational,True,60.0,2,True,2025-04-28T09:55:00Z,2025-05-01T09:59:00Z
311985,Village Vatika Restaurant And Hotel,21.885670593234643,77.88399107096022,Danora,Madhya Pradesh,,Chargezone (India),Operational,True,60.0,2,True,2025-04-27T15:40:00Z,2025-12-27T11:18:00Z
311983,Vithal Kamats,20.574439036798253,78.88230401794569,Hinganghat,Maharashtra,442301,(Unknown Operator),Operational,True,30.0,2,True,2025-04-27T11:08:00Z,2025-04-30T11:09:00Z
311977,Hotel Bluemoon,15.02621863896637,77.62107333728825,Miduthuru,Andhra Pradesh,515405,Chargezone (India),Operational,True,150.0,2,True,2025-04-26T10:48:00Z,2025-07-22T11:59:00Z
311910,Mahaveer Ventures Hotel and Resort - The Padival Grand,12.76619,75.19666,Puttur,Karnataka,574201,Zeon Charging,Operational,True,24.0,2,True,2025-04-23T14:21:00Z,2025-04-23T14:21:00Z
311895,Silavattam Village,12.48148773352969,79.86252229584034,"Madurathakam, Chengalpattu Dt",Tamil Nadu,603306,(Unknown Operator),Operational,True,,1,False,2025-04-22T11:30:00Z,2025-04-28T10:59:00Z
311813,Mahalaxmi EV Charging STATION,28.54753,77.44491,Gautaum Buddha Nagar ,uttar pradesh ,201306,(Unknown Operator),Operational,True,9.0,2,False,2025-04-17T10:44:00Z,2025-04-28T11:02:00Z
311731,"Baboos Triangle, Zeon Charging Station",10.719479255348858,76.07748035368672,Kunnamkulam ,Kerala,680543,Zeon Charging,Operational,True,120.0,2,True,2025-04-13T09:34:00Z,2026-01-23T13:33:00Z
311680,Etron Energies,13.07148,80.11256,Chennai,Tamil Nadu,600077,Zeon Charging,Operational,True,30.0,1,True,2025-04-08T16:59:00Z,2025-04-08T16:59:00Z
311679,Regency Tiruttani by GRT Hotels,13.19516,79.64576,Thiruttani,Tamil Nadu,631209,Zeon Charging,Operational,True,24.0,1,True,2025-04-08T16:52:00Z,2025-04-08T16:52:00Z
311678,RB Business Centre,12.86196,79.13251,Vellore,Tamil Nadu,632011,Zeon Charging,Operational,True,30.0,2,True,2025-04-08T16:49:00Z,2025-04-08T16:49:00Z
311677,Regency Sameera Vellore by GRT Hotels,12.93209,79.13843,Vellore,Tamil Nadu,632004,Zeon Charging,Operational,True,24.0,1,True,2025-04-08T16:46:00Z,2025-04-08T16:46:00Z
311676,7 Star Green Veg Restaurant,12.64682,78.58269,Vaniyambadi,Tamil Nadu,635751,Zeon Charging,Operational,True,60.0,4,True,2025-04-08T16:39:00Z,2025-04-08T16:39:00Z
311648,"Cafe Udupi Ruchi, Ulundurpet",11.71937,79.33668,Ulundurpet,Tamil Nadu,606115,Zeon Charging,Operational,True,30.0,2,True,2025-04-07T14:24:00Z,2025-04-07T14:24:00Z
311647,Hotel Sri Anandhas,11.59206,79.15621,Veppur,Tamil Nadu,606305,Zeon Charging,Operational,True,50.0,1,True,2025-04-07T14:21:00Z,2025-04-07T14:21:00Z
311646,"Adyar Ananda Bhavan, Kallakurichi",11.71086,78.94797,Kallakurichi,Tamil Nadu,606202,Zeon Charging,Operational,True,60.0,2,True,2025-04-07T14:17:00Z,2025-04-07T14:18:00Z
311645,"Adyar Ananda Bhavan, Attur",11.592,78.62726,Attur,Tamil Nadu,636141,Zeon Charging,Operational,True,50.0,2,True,2025-04-07T14:15:00Z,2025-04-07T14:15:00Z
311644,Aswins Veg Restaurant,11.209,78.8828,Perambalur,Tamil Nadu,621113,Zeon Charging,Operational,True,50.0,3,True,2025-04-07T14:10:00Z,2025-04-07T14:10:00Z
311643,AVS Imperiaa,10.93799,79.8224,Karaikal,Puducherry,609602,Zeon Charging,Operational,True,24.0,1,True,2025-04-07T14:07:00Z,2025-04-07T14:07:00Z
311642,Golden Sand,10.68292,79.8478,Velankanni,Tamil Nadu,611111,Zeon Charging,Operational,True,24.0,2,True,2025-04-07T14:04:00Z,2025-04-07T14:04:00Z
311641,"Jayaraj Karz, Vallam Pudur Sethi",10.728,79.04692,Thanjavur,Tamil Nadu,613403,Zeon Charging,Operational,True,30.0,2,True,2025-04-07T14:01:00Z,2025-04-07T14:01:00Z
311640,"Kaveri Garage, Tiruchirapalli",10.85843,78.71129,Tiruchirappalli,Tamil Nadu,620005,Zeon Charging,Operational,True,50.0,3,True,2025-04-07T13:58:00Z,2025-04-07T13:58:00Z
311639,Hotel Arun Cafe,10.6244,78.56317,Viralimalai,Tamil Nadu,621316,Zeon Charging,Operational,True,24.0,1,True,2025-04-07T13:55:00Z,2025-04-07T13:55:00Z
311638,"Kaveri Garage, Piratiyur",10.79194,78.65714,Piratiyur,Tamil Nadu,620009,Zeon Charging,Operational,True,24.0,1,True,2025-04-07T13:50:00Z,2025-04-07T13:50:00Z
311637,Hotel Malar,10.07009,78.76079,Karaikudi,Tamil Nadu,630001,Zeon Charging,Operational,True,30.0,1,True,2025-04-07T13:47:00Z,2025-04-07T13:47:00Z
311636,Regency Tuticorin by GRT Hotels,8.7816,78.10053,Thoothukudi,Tamil Nadu,628101,Zeon Charging,Operational,True,30.0,3,True,2025-04-07T13:44:00Z,2025-04-07T13:44:00Z
311635,Pearl Garden Resort,8.53918,78.11771,Veerapandianpattinam,Tamil Nadu,628217,Zeon Charging,Operational,True,24.0,1,True,2025-04-07T13:42:00Z,2025-04-07T13:42:00Z
311634,"Sree Saravana Bhavan, Sankagiri",11.4866,77.99226,Sangagiri,Tamil Nadu,637103,Zeon Charging,Operational,True,30.0,4,True,2025-04-07T13:35:00Z,2025-04-07T13:35:00Z
311633,"Milky Mist Cafe, Erode Sathy Highway",11.3998,77.62536,Erode,Tamil Nadu ,638012,Zeon Charging,Operational,True,50.0,1,True,2025-04-07T13:30:00Z,2025-04-07T13:30:00Z
311632,Texvalley,11.37172,77.64731,Erode,Tamil Nadu,638102,Zeon Charging,Operational,True,60.0,6,True,2025-04-07T13:26:00Z,2025-04-07T13:26:00Z
311631,Victory Tata,11.31239,77.66505,Erode,Tamil Nadu,638012,Zeon Charging,Operational,True,24.0,1,True,2025-04-07T13:23:00Z,2025-04-07T13:23:00Z
311630,Sri Kongu Bakes,11.28353,77.55823,Perundurai,Tamil Nadu,638052,Zeon Charging,Operational,True,30.0,3,True,2025-04-07T13:20:00Z,2025-04-07T13:20:00Z
311629,Junior Kuppanna,11.17708,77.24713,Avinashi,Tamil Nadu,641654,Zeon Charging,Operational,True,30.0,2,True,2025-04-07T13:15:00Z,2025-04-07T13:17:00Z
311628,"Sree Annapoorna Hotel, Avinashi",11.17513,77.26342,Avinashi,Tamil Nadu,641663,Zeon Charging,Operational,True,60.0,2,True,2025-04-07T13:12:00Z,2025-04-07T13:12:00Z
311627,Cafe Udupi Ruchi,11.17719,77.28392,Avinashi,Tamil Nadu,641654,Zeon Charging,Operational,True,50.0,1,True,2025-04-07T13:09:00Z,2025-04-07T13:09:00Z
311626,Annapoorna - NH Avinashi,11.1778,77.28318,Avinashi,Tamil Nadu,641654,Zeon Charging,Operational,True,30.0,2,True,2025-04-07T13:06:00Z,2025-04-07T13:06:00Z
311625,"Ibex River Resort, Pollachi",10.64693,76.91992,Pollachi,Tamil Nadu,642001,Zeon Charging,Operational,True,7.4,1,False,2025-04-07T13:00:00Z,2025-04-07T13:00:00Z
311624,Travlounge - Palakkad,10.82633,76.82033,Walayar,Kerala ,678624,Zeon Charging,Operational,True,30.0,1,True,2025-04-07T12:58:00Z,2025-04-07T12:58:00Z
311623, Adyar Ananda Bhavan Navakkarai,10.85592,76.86251,Navakkarai,Tamil Nadu,641105,Zeon Charging,Operational,True,60.0,2,True,2025-04-07T12:53:00Z,2025-04-07T12:53:00Z
311622,"SR Jungle Resort, Anaikatti",11.11848,76.75985,Anaikatti,Tamil Nadu ,641108,Zeon Charging,Operational,True,22.0,2,False,2025-04-07T12:50:00Z,2025-04-07T12:50:00Z
311610,Sundaram Motors Coimbatore,10.91863,76.98461,Coimbatore,Tamil Nadu,641021,Chargezone (India),Operational,True,180.0,2,True,2025-04-06T15:06:00Z,2026-02-25T13:36:00Z
311609,Hotel Sri Mu Saravana Bhavan,11.00142,77.06625,Coimbatore,Tamil Nadu,641016,(Unknown Operator),Operational,True,25.0,1,True,2025-04-06T15:00:00Z,2025-04-06T15:00:00Z
311608,IOCL Singanallur,11.0028,77.03874,Coimbatore,Tamil Nadu,641005,Tata Power,Operational,True,30.0,1,True,2025-04-06T14:57:00Z,2025-04-06T14:57:00Z
311607,PPS MG Motors,11.05013,77.05773,Coimbatore,Tamil Nadu,641062,Tata Power,Operational,True,25.0,2,True,2025-04-06T14:55:00Z,2025-04-06T14:55:00Z
311606,Fairfield by Marriott Coimbatore,11.03623,77.03736,Coimbatore,Tamil Nadu,641014,Chargezone (India),Operational,True,30.0,1,True,2025-04-06T14:51:00Z,2025-04-06T14:51:00Z
311605,Zibe Coimbatore by GRT Hotels,11.02287,76.99726,Coimbatore,Tamil Nadu,641004,Zeon Charging,Operational,True,7.4,1,False,2025-04-06T14:41:00Z,2025-04-06T14:41:00Z
311604,3 Star Auto Care,11.01434,76.98979,Coimbatore,Tamil Nadu,641037,(Unknown Operator),Operational,True,30.0,1,True,2025-04-06T14:39:00Z,2025-04-06T14:39:00Z
311603,Ibis Coimbatore City Centre,11.01223,76.98654,Coimbatore,Tamil Nadu,641037,Chargezone (India),Operational,True,60.0,2,True,2025-04-06T14:35:00Z,2026-02-25T13:37:00Z
311602,Zone by The Park Hotel,11.01157,76.98444,Coimbatore,Tamil Nadu,641018,Tata Power,Operational,True,30.0,1,True,2025-04-06T14:28:00Z,2025-04-06T14:28:00Z
311601,Taj Vivanta Coimbatore,11.0025,76.97363,Coimbatore,Tamil Nadu,641018,Tata Power,Operational,True,30.0,4,True,2025-04-06T14:26:00Z,2025-04-06T14:26:00Z
311600,"Welcomhotel By ITC Hotels, Race Course, Coimbatore",10.99713,76.97389,Coimbatore,Tamil Nadu,641018,Statiq (IN),Operational,True,60.0,2,True,2025-04-06T14:22:00Z,2025-04-06T14:22:00Z
311599,VEEV Brookfields,11.00939,76.95905,Coimbatore,Tamil Nadu,641001,Zeon Charging,Operational,True,30.0,9,True,2025-04-06T14:19:00Z,2025-04-06T15:08:00Z
311598,Corporation Parking Lot,11.01695,76.96566,Coimbatore,Tamil Nadu,641009,(Unknown Operator),Operational,True,50.0,1,True,2025-04-06T14:15:00Z,2025-04-06T14:15:00Z
311597,PSV EV Point,11.08231,76.98681,Coimbatore,Tamil Nadu,641035,(Unknown Operator),Operational,True,30.0,1,True,2025-04-06T14:07:00Z,2025-04-06T14:07:00Z
311596,Annalakshmi Drive in,11.42336,76.86669,Kotagiri,Tamil Nadu,643217,(Unknown Operator),Operational,True,15.0,2,False,2025-04-06T13:57:00Z,2025-04-06T13:57:00Z
311595, Lakshmi Retreat,11.42998,76.86711,Kotagiri,Tamil Nadu,643217,Zeon Charging,Operational,True,7.4,1,False,2025-04-06T13:51:00Z,2025-04-06T13:51:00Z
311594,Deccan Park Resort,11.39974,76.66623,Ooty,Tamil Nadu,643004,Zeon Charging,Operational,True,7.4,1,False,2025-04-06T13:47:00Z,2025-04-06T13:47:00Z
311593,Sasthapuri Hotels,11.49862,76.49398,Gudalur,Tamil Nadu,643212,(Unknown Operator),Operational,True,30.0,2,True,2025-04-06T13:44:00Z,2025-04-06T13:44:00Z
311580,OM MADURAI SARAVANA BHAVAN,9.78446,78.094274,Thangalacheri,Tamil Nadu,625022,(Unknown Operator),Operational,True,30.0,1,True,2025-04-05T04:50:00Z,2025-04-05T04:50:00Z
311561,Hotel Star palace,9.28468,79.29506,Rameswaram,Tamil Nadu,623526,Zeon Charging,Operational,True,22.0,1,False,2025-04-04T17:35:00Z,2025-04-04T17:35:00Z
311560,Tucker Rameswaram,9.28616,79.27707,Rameshwaram,Tamil Nadu,623526 ,(Unknown Operator),Operational,True,25.0,2,True,2025-04-04T17:32:00Z,2025-04-04T17:32:00Z
311559,Keerthi Residency,9.35021,78.88531,Vani,Tamil Nadu,623536,Zeon Charging,Operational,True,7.4,1,False,2025-04-04T17:28:00Z,2025-04-04T17:28:00Z
311558,MDS Bakery,9.3909,78.8514,Ramanathapuram,Tamil Nadu,623504,(Unknown Operator),Operational,True,30.0,2,True,2025-04-04T17:25:00Z,2025-04-04T17:25:00Z
311557,Bheemas Nalabagam,9.36109,78.84638,Ramanathapuram,Tamil Nadu,623503,Zeon Charging,Operational,True,22.0,2,False,2025-04-04T17:23:00Z,2025-04-04T17:23:00Z
311556,Hotel Coral Residency,9.35954,78.83801,Ramanathapuram,Tamil Nadu,623501,Zeon Charging,Operational,True,7.4,1,False,2025-04-04T17:18:00Z,2025-04-04T17:18:00Z
311555,Chima Cars,9.36718,78.8099,Ramanathapuram,Tamil Nadu,623502,Tata Power,Operational,True,25.0,1,True,2025-04-04T17:16:00Z,2025-04-04T17:16:00Z
311554,BPCL Manamadurai,9.68846,78.44998,ManaMadurai,Tamil Nadu,630609,Statiq (IN),Operational,True,30.0,1,True,2025-04-04T17:13:00Z,2025-04-04T17:13:00Z
311553,Bharat Petroleum COCO Pump Thirupuvanam,9.81293,78.26301,Tiruppuvanam,Tamil Nadu,630611,(Unknown Operator),Operational,True,30.0,1,True,2025-04-04T17:10:00Z,2025-04-04T17:10:00Z
311552,Jacks Charging Station,9.84301,78.10406,Madurai,Tamil Nadu,625022,(Unknown Operator),Operational,True,30.0,2,True,2025-04-04T17:06:00Z,2025-04-04T17:06:00Z
311551,Jasmine Filling Station,9.84111,78.10481,Madurai,Tamil Nadu,625022,Statiq (IN),Operational,True,30.0,2,True,2025-04-04T17:04:00Z,2025-04-04T17:04:00Z
311550,"Amika Hotel, Madurai",9.86373,78.12427,Madurai,Tamil Nadu,625012,(Unknown Operator),Operational,True,30.0,1,True,2025-04-04T17:01:00Z,2025-04-04T17:01:00Z
311549,Ever Power Charging Station,9.9017,78.04536,Madurai,Tamil Nadu,625006,(Unknown Operator),Operational,True,25.0,2,True,2025-04-04T16:54:00Z,2025-04-04T16:54:00Z
311548,The Gateway Hotel Madurai,9.89713,78.08755,Madurai,Tamil Nadu,625004,Tata Power,Operational,True,30.0,1,True,2025-04-04T16:50:00Z,2025-04-04T16:50:00Z
311547,Tucker Motors Private Limited,9.91161,78.09279,Madurai,Tamil Nadu,625003,(Unknown Operator),Operational,True,30.0,1,True,2025-04-04T16:46:00Z,2025-04-04T16:46:00Z
311546,Velammal Hospital and Medical College Parking - 2,9.886214390792743,78.15132219132656,Madurai ,Tamil Nadu,625009,Zeon Charging,Operational,True,30.0,3,True,2025-04-04T16:43:00Z,2025-04-04T16:43:00Z
311545,Velammal Hospital and Medical College Parking - 1,9.886238411475286,78.15058162707278,Madurai,Tamil Nadu,625009,Zeon Charging,Operational,True,24.0,3,True,2025-04-04T16:40:00Z,2025-04-04T16:40:00Z
311544,Grand Madurai by GRT Hotels,9.885731968730875,78.14862818711826,Madurai,Tamil Nadu,625009,Zeon Charging,Operational,True,60.0,2,True,2025-04-04T16:34:00Z,2025-04-04T16:34:00Z
311543,Regency Madurai by GRT Hotels,9.9049121240053,78.09660199741175,Madurai,Tamil Nadu,625003,Zeon Charging,Operational,True,24.0,1,True,2025-04-04T16:30:00Z,2025-04-04T16:30:00Z
311542,JC Residency Madurai,9.9371685988613,78.13268945175275,Madurai,Tamil Nadu,625002,Zeon Charging,Operational,True,50.0,1,True,2025-04-04T16:28:00Z,2025-04-04T16:28:00Z
311541,Courtyard by Marriott Madurai,9.941091589488616,78.13946537829216,Madurai,Tamil Nadu,625002,Chargezone (India),Operational,True,30.0,2,True,2025-04-04T16:25:00Z,2025-04-04T16:25:00Z
311540,Zibe Salem by GRT Hotels,11.66543,78.14509,Salem,Tamil Nadu,636009,Zeon Charging,Operational,True,7.4,1,False,2025-04-04T16:19:00Z,2025-04-04T16:19:00Z
311539,"Kaveri Auto Garage, Madurai",9.96434,78.06483,Madurai,Tamil Nadu,625402,Tata Power,Operational,True,30.0,1,True,2025-04-04T15:02:00Z,2025-04-04T15:02:00Z
311538,"Aras Kia, Nagarai",10.0124,78.01737,Nagari,Tamil Nadu,625221,Tata Power,Operational,True,75.0,2,True,2025-04-04T14:59:00Z,2025-04-04T14:59:00Z
311537,Hotel Temple City,10.07991,77.97778,Thathampatti,Tamil Nadu,625020,Zeon Charging,Operational,True,50.0,3,True,2025-04-04T14:54:00Z,2025-04-04T14:54:00Z
311536,Hotel Eden Garden,10.11237,77.93769,Pandiarajapuram,Tamil Nadu,624201,Tata Power,Operational,True,30.0,2,True,2025-04-04T14:50:00Z,2025-04-04T14:50:00Z
311535,Bharat Petroleum e-charge station,10.2998,77.9413,Chinnalapatti,Tamil Nadu,624301,Statiq (IN),Operational,True,30.0,2,True,2025-04-04T14:48:00Z,2025-04-04T14:48:00Z
311534,Adyar Ananda Bhavan,10.33668,77.95701,Dindigul,Tamil Nadu,624002,(Unknown Operator),Operational,True,30.0,2,True,2025-04-04T14:43:00Z,2025-04-04T14:43:00Z
311532,Hotel PVK Grand,10.3741,77.96772,Dindigul,Tamil Nadu,624001,(Unknown Operator),Operational,True,25.0,2,True,2025-04-04T14:41:00Z,2025-04-04T14:41:00Z
311531,"Kaveri Garage, Seelapadi",10.38031,77.99536,Dindugal,Tamil Nadu,624005,Zeon Charging,Operational,True,60.0,2,True,2025-04-04T14:38:00Z,2025-04-04T14:38:00Z
311530,Vel Saravana bhavan,10.386,77.96756,Dindigul,Tamil Nadu,624001,Zeon Charging,Operational,True,60.0,2,True,2025-04-04T14:34:00Z,2025-06-14T13:02:00Z
311529,Jio BP Dindigul,10.42633,77.95391,Thadikombu,Tamil Nadu,624709,JIO BP Pulse (India),Operational,True,30.0,2,True,2025-04-04T14:30:00Z,2025-04-04T14:30:00Z
311528,A.R. Fuels,10.42743,77.95434,Thadikombu,Tamil Nadu,624709,Statiq (IN),Operational,True,30.0,2,True,2025-04-04T14:27:00Z,2025-04-04T14:27:00Z
311527,Adyar Ananda Bhavan,10.95696,77.85174,Thennilai,Tamil Nadu,639206,(Unknown Operator),Operational,True,30.0,2,True,2025-04-04T14:23:00Z,2025-04-04T14:23:00Z
311526,Sri Venkateshwara Auto Fuels,10.90851,78.10009,Karur,Tamil Nadu,639001,Statiq (IN),Operational,True,30.0,1,True,2025-04-04T14:19:00Z,2025-04-04T14:19:00Z
311525,Subbanna Hotel,10.95773,78.06033,Karur,Tamil Nadu,639001,Zeon Charging,Operational,True,60.0,2,True,2025-04-04T14:14:00Z,2025-12-12T01:46:00Z
311524,The True Saai Works Karur,10.97867,78.06428,Karur,Tamil Nadu,639002,Tata Power,Operational,True,30.0,2,True,2025-04-04T14:11:00Z,2025-04-04T14:11:00Z
311523,11 to 11 Family Restaurant,11.012148322555575,78.06795342843543,Karur,Tamil Nadu,639006,GO EC (IN),Operational,True,25.0,1,True,2025-04-04T14:07:00Z,2025-12-15T12:52:00Z
311518,Sri Nathi Restaurant,11.17039,78.03892,Paramathi,Tamil Nadu,637207,(Unknown Operator),Operational,True,25.0,1,True,2025-04-03T15:59:00Z,2025-04-03T15:59:00Z
311504,Coastal Grand Hotel,11.23999,78.14177,Namakkal,Tamil Nadu,637003,Tata Power,Operational,True,30.0,1,True,2025-04-02T16:56:00Z,2025-04-02T16:56:00Z
311503,Sri Nathi Restaurant,11.27246,78.16423,Pappinayakkanpatti,Tamil Nadu,637003,(Unknown Operator),Operational,True,30.0,2,True,2025-04-02T16:54:00Z,2025-04-02T16:54:00Z
311502,Jio-BP Namakkal,11.27967,78.16411,Namakkal,Tamil Nadu,637003,JIO BP Pulse (India),Operational,True,30.0,2,True,2025-04-02T16:51:00Z,2025-04-02T16:51:00Z
311501,NEW POESH GARDEN - FAMILY RESTAURANT,11.44779,78.16161,Rasipuram,Tamil Nadu,637408,(Unknown Operator),Operational,True,60.0,2,True,2025-04-02T16:47:00Z,2025-04-02T16:47:00Z
311500,Adyar Ananda Bhavan - A2B,11.49253,78.15367,Rasipuram,Tamil Nadu,637401,Zeon Charging,Operational,True,60.0,2,True,2025-04-02T16:43:00Z,2025-04-02T16:43:00Z
311499,Saravana Parottas,11.53586,78.14556,Mallur,Tamil Nadu,636203,Chargezone (India),Operational,True,60.0,4,True,2025-04-02T16:39:00Z,2026-02-25T13:40:00Z
311498,Sai Annapoorna Veg,11.57838,78.14588,Santhiyur,Tamil Nadu,636203,(Unknown Operator),Operational,True,60.0,2,True,2025-04-02T16:35:00Z,2025-04-02T16:35:00Z
311497,RRK Hitech Petroleum,11.57853,78.14611,Santhiyur,Tamil Nadu,636203,Statiq (IN),Operational,True,60.0,2,True,2025-04-02T16:33:00Z,2025-04-02T16:33:00Z
311496,Adyar Ananda Bhavan - A2B,11.61856,78.107,Salem,Tamil Nadu,636010,(Unknown Operator),Operational,True,60.0,2,True,2025-04-02T16:29:00Z,2025-04-02T16:29:00Z
311495,The True Saai Works Salem,11.68287,78.12606,Salem,Tamil Nadu,636004,Tata Power,Operational,True,25.0,2,True,2025-04-02T16:25:00Z,2025-04-02T16:25:00Z
311494,MG Salem,11.69299,78.11234,Salem,Tamil Nadu,636302,Tata Power,Operational,True,30.0,1,True,2025-04-02T16:23:00Z,2025-04-02T16:23:00Z
311493,Salem RR Biryani,11.72134,78.07146,Salem,Tamil Nadu,636011,(Unknown Operator),Operational,True,60.0,2,True,2025-04-02T16:20:00Z,2025-04-02T16:20:00Z
311492,Aasai Aasai Anandha Bhavan,11.75299,78.05057,Omalur,Tamil Nadu,636455,Zeon Charging,Operational,True,120.0,2,True,2025-04-02T16:16:00Z,2025-04-02T16:16:00Z
311491,Anandha Bhavan,11.75518,78.05113,Omalur,Tamil Nadu,636455,Zeon Charging,Operational,True,50.0,1,True,2025-04-02T16:13:00Z,2025-04-02T16:14:00Z
311490,Jio BP Pulse Salem,11.82426,78.06513,Pallapatti,Tamil Nadu,636305,JIO BP Pulse (India),Operational,True,60.0,2,True,2025-04-02T16:09:00Z,2025-04-02T16:09:00Z
311489,Annai Ananda Bhavan Restaurant,12.12502,78.13515,A.Reddihalli,Tamil Nadu ,636705,(Unknown Operator),Operational,True,60.0,2,True,2025-04-02T16:06:00Z,2025-04-02T16:06:00Z
311488,M K Agencies,12.27429,78.197,Kerakodahalli,Tamil Nadu ,635111,Statiq (IN),Operational,True,60.0,2,True,2025-04-02T16:04:00Z,2025-04-02T16:04:00Z
311487,Italian Lounge - Cafe 66,12.34146,78.21598,Sappanipatti,Tamil Nadu,635111,Chargezone (India),Operational,True,60.0,2,True,2025-04-02T16:01:00Z,2025-04-02T16:01:00Z
311486,The True Saai Works Krishnagiri,12.53084,78.23787,Krishnagiri,Tamil Nadu,635001,Tata Power,Operational,True,25.0,2,True,2025-04-02T15:57:00Z,2025-04-02T15:57:00Z
311485,Hotel Saravana Bhavan Classic,12.55407,78.18823,Krishnagiri,Tamil Nadu,635115,Statiq (IN),Operational,True,60.0,2,True,2025-04-02T15:52:00Z,2025-04-02T15:52:00Z
311484,Hotel Saravanaa Bhava,12.57037,78.17235,Krishnagiri,Tamil Nadu,635121,Chargezone (India),Operational,True,120.0,3,True,2025-04-02T15:48:00Z,2025-04-02T15:48:00Z
311483,LAVATO - A Premium Lounge,12.57339,78.16922,Junjupalli,Tamil Nadu,635115,Statiq (IN),Operational,True,30.0,2,True,2025-04-02T15:45:00Z,2025-04-02T15:45:00Z
311482,Hotel Saravanaa Bavaa,12.589202811747697,78.14394723142271,Krishnagiri,Tamil Nadu,635115,Chargezone (India),Operational,True,120.0,4,True,2025-04-02T15:36:00Z,2025-04-02T15:36:00Z
311481,Sree Saravana Bhavan Veg. Treat,12.5819,78.15707,Krishnagiri,Tamil Nadu ,635115,Zeon Charging,Operational,True,60.0,3,True,2025-04-02T14:46:00Z,2025-04-02T14:51:00Z
311480,Saravana Bhavan Classic,12.58858,78.14646,Sikkarimedu,Tamil Nadu ,635115,Statiq (IN),Operational,True,60.0,2,True,2025-04-02T14:43:00Z,2025-04-02T14:43:00Z
311479,Sangli,16.848363429872336,74.6051597388851,Sangli,,416416,(Unknown Operator),Operational,True,,1,False,2025-04-02T13:57:00Z,2025-04-05T13:59:00Z
311464,Adyar Ananda Bhavan,12.63869,78.06529,Chinnar,Tamil Nadu,635117,(Unknown Operator),Operational,True,120.0,2,True,2025-03-31T16:18:00Z,2025-03-31T16:18:00Z
311463,DSquare Food Hub,12.64608,78.04741,Sundagiri,Tamil Nadu ,635117,Zeon Charging,Operational,True,24.0,1,True,2025-03-31T16:15:00Z,2025-03-31T16:15:00Z
311462,Jio BP Hosur - 2,12.67108,77.97997,Nallaganakothapalli,Tamil Nadu,635117,JIO BP Pulse (India),Operational,True,60.0,2,True,2025-03-31T16:09:00Z,2025-03-31T16:09:00Z
311461,Starbucks & KFC Shoolagiri ,12.6807,77.95265,Shoolagiri,Tamil Nadu,635117,Statiq (IN),Operational,True,60.0,2,True,2025-03-31T16:05:00Z,2025-03-31T16:05:00Z
311460,Jio BP Hosur,12.68784,77.92684,Kamandoddi,Tamil Nadu,635109,JIO BP Pulse (India),Operational,True,30.0,2,True,2025-03-31T16:01:00Z,2025-04-03T15:53:00Z
311459,Siri Motors,12.71462,77.88475,Hosur,Tamil Nadu,635109,Statiq (IN),Operational,True,60.0,1,True,2025-03-31T15:58:00Z,2025-03-31T15:58:00Z
311458,True Sai Tata,12.71741,77.87594,Hosur,Tamil Nadu,635109,Tata Power,Operational,True,25.0,2,True,2025-03-31T15:55:00Z,2025-03-31T15:55:00Z
311457,Chennai Silks Hosur,12.74717,77.81056,,Tamil Nadu,635126,(Unknown Operator),Operational,True,60.0,2,True,2025-03-31T15:51:00Z,2025-03-31T15:51:00Z
311456,"Hotel Hills, Hosur",12.75413,77.80406,Hosur,Tamil Nadu,635126,Tata Power,Operational,True,30.0,4,True,2025-03-31T15:49:00Z,2025-03-31T15:49:00Z
311455,Sowmya Fuel Station,12.78393,77.75433,Attibele,Karnataka,562107,Tata Power,Operational,True,30.0,1,True,2025-03-31T15:43:00Z,2025-03-31T15:43:00Z
311454,Electronic City - BPCL,12.85327,77.6672,Bengaluru,Karnataka,560100,Statiq (IN),Operational,True,30.0,1,True,2025-03-31T15:40:00Z,2025-03-31T15:40:00Z
311453,Monk Mansion,12.841088856819354,77.66441658541129,Bengaluru,Karnataka,560100,Statiq (IN),Operational,True,60.0,4,True,2025-03-31T15:30:00Z,2025-03-31T15:30:00Z
311452,BloomSuites,12.839685411251565,77.65952566488613,Bengaluru,Karnataka,560100,Tata Power,Operational,True,30.0,1,True,2025-03-31T15:28:00Z,2025-03-31T15:28:00Z
311451,Metro Cash&Carry,12.8610658784023,77.66099764437081,Bengaluru,Karnataka ,560100,(Unknown Operator),Operational,True,7.4,1,False,2025-03-31T15:25:00Z,2025-03-31T15:25:00Z
311450,"Zeon Charging, Sathy",11.489923919919761,77.24369168562515,Sathyamangalam ,Tamil Nadu,638402,Zeon Charging,Operational,True,24.0,1,True,2025-03-31T14:36:00Z,2025-03-31T14:36:00Z
311408,Hotel Masala Suruchi,13.0595636,77.1631723,Marur Handpost,Karnataka,562127,JIO BP Pulse (India),Operational,True,60.0,2,True,2025-03-27T16:18:00Z,2025-03-27T16:18:00Z
311407,Swathi Delicacy,12.99504,76.89999,Koppa,Karnataka ,577126,Zeon Charging,Operational,True,120.0,4,True,2025-03-27T15:58:00Z,2025-03-27T15:58:00Z
311285,SRM Eshwari College,13.0352312108773,80.19546897036247,Ramapuram Chennai,Tamil Nadu,600089,(Unknown Operator),Operational,True,7.2,1,False,2025-03-19T16:08:00Z,2025-03-29T03:34:00Z
311284,SRM Institute of science and technology,12.919046997353462,80.2829860791885,chennai,Tamilnadu,600089,(Unknown Operator),Operational,True,1000000.0,11,True,2025-03-19T16:02:00Z,2025-03-29T03:34:00Z
309500,Dhanyalakshmi Fuels BPCL,11.84679,76.67291,Gundlupete,Karnataka ,571111,(Unknown Operator),Operational,True,30.0,1,True,2025-03-12T16:43:00Z,2025-03-12T16:43:00Z
309484,Maruti Charging Station,14.847188334519174,74.13547625586537,Karwar,Karnataka ,581352,(Unknown Operator),Operational,True,7.2,1,False,2025-03-12T07:47:00Z,2025-03-12T07:47:00Z
309483,Pearl EV Fast charger,16.20816450549769,77.35246660991561,Raichur,Karnataka,584101,(Unknown Operator),Operational,True,30.0,1,True,2025-03-12T07:36:00Z,2025-03-12T07:36:00Z
309444,SLV Hotel & Family Restaurant,16.749470877729507,77.13011819812817,Yadgir,Karnataka,585201,(Unknown Operator),Operational,True,30.0,2,True,2025-03-10T16:24:00Z,2025-03-10T16:24:00Z
309442,New Sangeeta Gardens Family Restaurant,16.93447,76.26145,Sindgi Rural,Karnataka,586128,Statiq (IN),Operational,True,60.0,1,True,2025-03-10T16:01:00Z,2025-03-10T16:01:00Z
309441,Sri Nisty Pvt,17.27460609347787,76.8740736873587,Kalaburgi,Karnataka,585102,Tata Power,Operational,True,30.0,1,True,2025-03-10T15:58:00Z,2025-03-10T15:58:00Z
309440,Aashirwaad Mangal Karyalay,17.32724988186756,76.8677995465194,Kalaburagi,Karnataka ,585105,(Unknown Operator),Operational,True,60.0,3,True,2025-03-10T15:55:00Z,2025-03-10T15:55:00Z
309439,Punjabi Dhami Hotel,17.8286,76.90048,Sastapur,Karnataka,585327,Chargezone (India),Operational,True,30.0,4,True,2025-03-10T15:10:00Z,2025-03-10T15:10:00Z
309438,Hotel BHP-6,17.7726,77.11402,Humnabad,Karnataka,585330,Statiq (IN),Operational,True,60.0,2,True,2025-03-10T15:07:00Z,2025-03-10T15:07:00Z
309437,Hotel 24,17.7392,77.3347,Mannaekhelli,Karnataka ,585227,Chargezone (India),Operational,True,90.0,3,True,2025-03-10T15:02:00Z,2025-03-10T15:02:00Z
309436,Vintage Retreat Resort,17.79618,77.42225,Chatnalli,Karnataka ,585226,Chargezone (India),Operational,True,30.0,2,True,2025-03-10T14:59:00Z,2025-03-10T14:59:00Z
309435,Ashoka Village Resort,17.15414,75.79103,Sonakanahalli,Karnataka ,586104,Chargezone (India),Operational,True,30.0,2,True,2025-03-10T14:56:00Z,2025-03-10T14:56:00Z
309427,Bijjargi Motors,16.849167933158057,75.73497557870112,Vijayapura,Karnataka ,586104,Tata Power,Operational,True,30.0,1,True,2025-03-10T07:50:00Z,2025-03-10T07:50:00Z
309426,S-Hyper Mart,16.81325,75.7416,Vijayapura,Karnataka ,586103,(Unknown Operator),Operational,True,60.0,3,True,2025-03-10T07:46:00Z,2025-03-10T07:46:00Z
309425,Tourist Hotel,16.664506543041398,75.80500547067186,Managuli,Karnataka ,586122,Statiq (IN),Operational,True,60.0,2,True,2025-03-10T07:41:00Z,2025-03-10T07:41:00Z
309423,MR Residency,16.053005252157334,76.06577132405101,Hungund,Karnataka,587118,Statiq (IN),Operational,True,60.0,2,True,2025-03-10T07:37:00Z,2025-03-10T07:37:00Z
309422,Jio BP Mobility Station,15.99107,76.10002,Ilkal,Karnataka ,587125,JIO BP Pulse (India),Operational,True,60.0,2,True,2025-03-10T07:34:00Z,2025-03-10T07:54:00Z
309387,"Anand Nagar, Hyderabad",17.0,78.56117774292846,Hyderabad,Telangana,500074,(Unknown Operator),Operational,True,80.0,2,True,2025-03-09T09:15:00Z,2025-03-29T03:39:00Z
309370,Hotel Poorvi,15.638844102151054,76.22021126845289,Uppaldinni,Karnataka,583237,Statiq (IN),Operational,True,60.0,1,True,2025-03-08T17:20:00Z,2025-03-08T17:20:00Z
309369,BPCL Bagalkote,16.18182,75.63617,Bagalkote,Karnataka,587102,(Unknown Operator),Operational,True,30.0,1,True,2025-03-08T17:17:00Z,2025-03-08T17:17:00Z
309368,ITC Welcome Hotel,15.92777043150447,74.53233233195056,Belagavi,Karnataka ,591113,(Unknown Operator),Operational,True,60.0,2,True,2025-03-08T17:07:00Z,2025-03-08T17:07:00Z
309367,OM EV Charging,15.512047073177143,74.94282023254493,Mammigatti,Karnataka ,580011,Bolt.Earth (IN),Operational,True,60.0,3,True,2025-03-08T16:48:00Z,2025-03-08T16:48:00Z
309357,Jio-BP Mobility Station PD Halli,15.14327,77.0632,Hagari,Karnataka,583111,JIO BP Pulse (India),Operational,True,60.0,2,True,2025-03-07T16:32:00Z,2025-03-07T16:59:00Z
309356,Mahindra Bellary Motors,15.14016,76.97093,Ballari,Karnataka,583101,Statiq (IN),Operational,True,60.0,1,True,2025-03-07T16:29:00Z,2025-03-07T16:59:00Z
309355,Bellad Enterprises Pvt Ltd,15.1624,76.86862,Ballari,Karnataka,583102,Tata Power,Operational,True,30.0,1,True,2025-03-07T16:27:00Z,2025-03-07T16:59:00Z
309354,USHA KIRAN SERVICE STATION,15.7612,77.46571,Yemmiganur,Andhra Pradesh,518360,Tata Power,Operational,True,30.0,1,True,2025-03-07T16:23:00Z,2025-03-07T16:59:00Z
309353,Hotel Abode,15.94075,77.42351,Mantralayam,Andhra Pradesh,518345,Joulepoint (IN),Operational,True,30.0,2,True,2025-03-07T16:20:00Z,2025-03-07T16:59:00Z
309352,Miracle Dhaba,13.08468,77.41488,Bengaluru,Karnataka,562123,Adani Gas-EV (TR),Operational,True,60.0,2,True,2025-03-07T16:15:00Z,2025-03-07T16:59:00Z
309351,Lithium Charging Station,13.014903182800126,77.6462047089708,Bengaluru,Karnataka,560043,(Unknown Operator),Operational,True,30.0,2,True,2025-03-07T16:00:00Z,2025-03-07T16:59:00Z
309350,MG Motor B Narayanapura,12.99577,77.6847,Bengaluru,Karnataka,560016,Statiq (IN),Operational,True,50.0,2,True,2025-03-07T15:55:00Z,2025-03-07T16:59:00Z
309349,Trifecta Addatto,12.994305942257284,77.69929493060977,Bengaluru,Karnataka,560048,Statiq (IN),Operational,True,60.0,4,True,2025-03-07T15:49:00Z,2025-03-07T16:59:00Z
309348,Epitome KIA Whitefield,12.985769101393643,77.70856232742358,Bengaluru,Karnataka,560048,Tata Power,Operational,True,150.0,1,True,2025-03-07T13:30:00Z,2025-03-07T16:59:00Z
309347,BMW Deutsche Motoren,12.984136068485071,77.70811153054012,Bengaluru,Karnataka,560048,(Unknown Operator),Operational,True,50.0,2,True,2025-03-07T13:27:00Z,2025-03-07T16:59:00Z
309346,Lithium Urban Tech Pvt Ltd,12.98306,77.70906,Bengaluru,Karnataka ,560048,(Unknown Operator),Operational,True,60.0,4,True,2025-03-07T13:25:00Z,2025-03-07T16:59:00Z
309345,"Fairfield by Marriott, Mahadevapura",12.981842444072356,77.7086328330862,Bengaluru,Karnataka,560048,Chargezone (India),Operational,True,30.0,2,True,2025-03-07T13:20:00Z,2025-03-07T16:59:00Z
309344,Prestige Technostar,12.972600290996027,77.71145680417794,Bengaluru,Karnataka,560048,JIO BP Pulse (India),Operational,True,60.0,2,True,2025-03-07T13:17:00Z,2025-03-07T16:59:00Z
309343,KHT Brookefield,12.96712414548928,77.71696159433418,Bengaluru,Karnataka ,560037,Tata Power,Operational,True,25.0,2,True,2025-03-07T13:13:00Z,2025-03-07T16:59:00Z
309342,JLR Shakti Auto,12.963582255188314,77.7173795341912,Bengaluru,Karnataka,560037,Tata Power,Operational,True,25.0,2,True,2025-03-07T13:11:00Z,2025-03-07T16:59:00Z
309341,goEgo EV CHARGE PARK,12.96316,77.71814,Bengaluru,Karnataka ,560037,(Unknown Operator),Operational,True,60.0,2,True,2025-03-07T13:09:00Z,2025-03-07T16:59:00Z
309340,"Jio-bp Pulse Hub, Siddhapura",12.957173268150797,77.72954555409183,Bengaluru,Karnataka ,560066,JIO BP Pulse (India),Operational,True,60.0,44,True,2025-03-07T13:03:00Z,2025-03-07T16:59:00Z
309339,DivyaSree LitBox,12.97098961190295,77.7250244631253,Bengaluru,Karnataka ,560066,Statiq (IN),Operational,True,60.0,2,True,2025-03-07T12:59:00Z,2025-03-07T16:59:00Z
309338,Marriott Hotel Whitefield,12.979262407836174,77.72744812682743,Bengaluru,Karnataka,560066,Chargezone (India),Operational,True,30.0,2,True,2025-03-07T12:55:00Z,2025-03-07T16:59:00Z
309337,Nexus Shantiniketan Jio-BP,12.989040024957774,77.72758362256013,Bengaluru,Karnataka,560067,JIO BP Pulse (India),Operational,True,60.0,2,True,2025-03-07T12:51:00Z,2025-03-07T16:59:00Z
309336,Nexus Shantiniketan - Statiq,12.989065694796125,77.72760379808074,Bengaluru,Karnataka ,560067,Statiq (IN),Operational,True,60.0,14,True,2025-03-07T12:46:00Z,2025-03-07T16:59:00Z
309335,Sheraton Grand Bengaluru Whitefield Hotel & Convention Center,12.989215375302493,77.72961910576282,Bengaluru,Karnataka,560048,Chargezone (India),Operational,True,30.0,2,True,2025-03-07T12:40:00Z,2025-03-07T16:59:00Z
309334,Divyasree NR Enclave,12.986347110711023,77.73038387486008,Bengaluru,Karnataka,560066,Statiq (IN),Operational,True,60.0,2,True,2025-03-07T12:33:00Z,2025-03-07T16:59:00Z
309333,Park Square Mall,12.987280089618991,77.73628236461366,Bengaluru,Karnataka,560066,(Unknown Operator),Operational,True,25.0,1,True,2025-03-07T12:31:00Z,2025-03-07T16:59:00Z
309332,Taj Vivanta Whitefield,12.98720238234145,77.7373662993079,Bengaluru,Karnataka,560066,Tata Power,Operational,True,30.0,4,True,2025-03-07T12:26:00Z,2025-03-07T16:59:00Z
309331,The Zinc By Fern Hotels,12.97757571689229,77.7570895079167,Bengaluru,Karnataka ,560066,(Unknown Operator),Operational,True,24.0,1,True,2025-03-07T12:21:00Z,2025-03-07T16:59:00Z
309330,Nexus Whitefield Statiq,12.960076399887868,77.74719391663552,Bengaluru,Karnataka ,560066,Statiq (IN),Operational,True,60.0,14,True,2025-03-07T12:15:00Z,2025-03-07T16:59:00Z
309329,Nexus Whitefield Jio-BP,12.960076399887868,77.74719391663552,Bengaluru,Karnataka,560066,JIO BP Pulse (India),Operational,True,60.0,3,True,2025-03-07T12:09:00Z,2025-03-07T16:59:00Z
309328,Forum South Bengaluru,12.88919162512768,77.56343684144673,Bengaluru,Karnataka,560062,Statiq (IN),Operational,True,60.0,29,True,2025-03-07T12:01:00Z,2025-03-07T16:59:00Z
309320,"Global Mall, Okalipuram",12.98211,77.56317,Bengaluru,Karnataka ,560023,Rebolt (IN),Operational,True,30.0,3,True,2025-03-06T17:50:00Z,2025-03-07T16:59:00Z
309319,Freedom Park,12.97859,77.58139,Bengaluru,Karnataka ,560009,Bolt.Earth (IN),Operational,True,25.0,2,True,2025-03-06T17:44:00Z,2025-03-07T16:59:00Z
309318,Jio-BP Pulse Varthur Hub,12.93979,77.73447,Bengaluru,Karnataka ,560087,JIO BP Pulse (India),Operational,True,60.0,136,True,2025-03-06T17:40:00Z,2025-03-07T16:59:00Z
309317,"Jio-BP Pulse Hub, Marathalli",12.95179,77.70207,Bengaluru,Karnataka ,560037,JIO BP Pulse (India),Operational,True,60.0,98,True,2025-03-06T17:35:00Z,2025-03-07T16:59:00Z
309316,Exora Business Park,12.94329,77.69229,Bengaluru,Karnataka ,560103,(Unknown Operator),Operational,True,60.0,1,True,2025-03-06T17:28:00Z,2025-03-07T16:59:00Z
309315,Aloft Bengaluru Outer Ring Road ,12.93674468018763,77.69488851137544,Bengaluru,Karnataka ,560103,Chargezone (India),Operational,True,60.0,2,True,2025-03-06T17:25:00Z,2025-03-07T16:59:00Z
309314,Bellandur Charging Hub,12.92924,77.70305,Bengaluru,Karnataka,560103,Statiq (IN),Operational,True,60.0,20,True,2025-03-06T17:22:00Z,2025-03-07T16:59:00Z
309313,Big Pitcher Sarjapur Road,12.90986,77.68856,Bengaluru,Karnataka ,560035,JIO BP Pulse (India),Operational,True,60.0,2,True,2025-03-06T17:15:00Z,2025-03-07T16:59:00Z
309312,RMZ Eco World,12.92099415205729,77.6860545556384,Bengaluru,Karnataka,560103,Zeon Charging,Operational,True,50.0,1,True,2025-03-06T17:11:00Z,2025-03-07T16:59:00Z
309311,The Bay at Ecoworld,12.921003663939288,77.68539425864924,Bengaluru,Karnataka,560103,(Unknown Operator),Operational,True,80.0,2,True,2025-03-06T17:08:00Z,2025-03-07T16:59:00Z
309310,Courtyard by Marriott,12.928234378881882,77.68218794687056,Bengaluru,Karnataka,560103,Chargezone (India),Operational,True,60.0,2,True,2025-03-06T17:05:00Z,2025-03-07T16:59:00Z
309309,DoubleTree Suites by Hilton Bengaluru Outer Ring Road,12.919111753741149,77.66515519490173,Bengaluru,Karnataka ,560102,Statiq (IN),Operational,True,60.0,2,True,2025-03-06T17:03:00Z,2025-03-07T16:59:00Z
309308,Key Motors,12.57449,77.42937,Kanakapura,Karnataka ,562117,Tata Power,Operational,True,25.0,1,True,2025-03-06T16:59:00Z,2025-03-07T16:59:00Z
309307,Manikanta Filling Centre BPCL,12.6915,77.47631,Harohalli,Karnataka ,562112,Statiq (IN),Operational,True,30.0,1,True,2025-03-06T16:55:00Z,2025-03-07T16:59:00Z
309306,MG Motor Hosur Road,12.86563,77.65753,Bengaluru,Karnataka,560100,Statiq (IN),Operational,True,50.0,2,True,2025-03-06T16:52:00Z,2025-03-07T16:59:00Z
309305,"Kropex Auto, Hosur Road",12.87194,77.65095,Bengaluru,Karnataka,560068,Tata Power,Operational,True,25.0,2,True,2025-03-06T16:47:00Z,2025-03-07T16:59:00Z
309304,Metropolis Gurukrupa,12.87544,77.64835,Bengaluru,Karnataka,560068,Statiq (IN),Operational,True,60.0,6,True,2025-03-06T16:45:00Z,2025-03-07T16:59:00Z
309303,"More Hypermarket, Hosur Road",12.88014,77.64592,Bengaluru,Karnataka ,560068,Statiq (IN),Operational,True,60.0,2,True,2025-03-06T16:39:00Z,2025-03-07T16:59:00Z
309302,"Prerana Motors, Hongasandra",12.8912,77.63829,Bengaluru,Karnataka,560068,Tata Power,Operational,True,25.0,2,True,2025-03-06T16:34:00Z,2025-03-07T16:59:00Z
309301,Pratham Motors,12.89388,77.65157,Bengaluru,Karnataka,560068,JIO BP Pulse (India),Operational,True,60.0,2,True,2025-03-06T16:32:00Z,2025-03-07T16:59:00Z
309300,Divija EV charging Station,12.918010619982525,77.64926514630082,Bengaluru,Karnataka ,560102,(Unknown Operator),Operational,True,25.0,1,True,2025-03-06T14:55:00Z,2025-03-07T16:59:00Z
309299,"Bengaluru One, Old Airport Road",12.95925146155301,77.6627608005785,Bengaluru,Karnataka,560017,(Unknown Operator),Operational,True,25.0,1,True,2025-03-06T14:50:00Z,2025-03-07T16:59:00Z
309298,KTC Legacy Charging Station,12.945761639147051,77.67413004669817,Bangalore,Karnataka,560037,(Unknown Operator),Operational,True,60.0,8,True,2025-03-06T14:47:00Z,2025-03-07T16:59:00Z
309297,Divyashree Greens,12.952724425242494,77.64085233195198,Bengaluru,Karnataka,560071,Statiq (IN),Operational,True,60.0,2,True,2025-03-06T14:44:00Z,2025-03-07T16:59:00Z
309296,Carzonrent,12.974519436687544,77.62146110718822,Bengaluru,Karnataka,560008,Statiq (IN),Operational,True,60.0,3,True,2025-03-06T14:34:00Z,2025-03-07T16:59:00Z
309295,The Park Hotel,12.973940635420362,77.61988884794027,Bengaluru,Karnataka,560001,Tata Power,Operational,True,30.0,2,True,2025-03-06T14:30:00Z,2025-03-07T16:59:00Z
309294,Taj MG Road,12.97331434540071,77.6195781000381,Bengaluru,Karnataka,560001,Tata Power,Operational,True,30.0,2,True,2025-03-06T14:27:00Z,2025-03-07T16:59:00Z
309293,"The Oberoi, Bengaluru",12.972788253204087,77.6184047836071,Bengaluru,Karnataka,560001,Tata Power,Operational,True,60.0,2,True,2025-03-06T14:25:00Z,2025-03-07T16:59:00Z
309285,The Pavilion 2,12.90375,77.60136,Bengaluru,Karnataka,560076,Chargezone (India),Operational,True,150.0,3,True,2025-03-06T13:22:00Z,2025-03-07T16:59:00Z
309283,Anant Cars Bannerghatta Road,12.90302,77.60159,Bengaluru,Karnataka ,560076,Chargezone (India),Operational,True,30.0,2,True,2025-03-06T13:13:00Z,2025-03-07T16:59:00Z
309281,"Key Motors, Bannerghatta Road",12.88912,77.59736,Bengaluru,Karnataka,560076,Tata Power,Operational,True,24.0,1,True,2025-03-06T13:09:00Z,2025-03-07T16:59:00Z
309279,Royal Meenakshi Mall,12.8759,77.59583,Bengaluru,Karnataka ,560076,Statiq (IN),Operational,True,60.0,2,True,2025-03-06T13:04:00Z,2025-03-07T16:59:00Z
309278,"Key Motors, Kanakapura Main Road",12.90401,77.57358,Bengaluru,Karnataka ,560078,Tata Power,Operational,True,25.0,2,True,2025-03-06T13:00:00Z,2025-03-07T16:59:00Z
309277,BESCOM Rajarajeshwari Nagar,12.92905,77.514789,Bengaluru,Karnataka,560098,(Unknown Operator),Operational,True,50.0,1,True,2025-03-06T12:52:00Z,2025-03-07T16:59:00Z
309274,BESCOM Byatarayanapura,12.950278857508295,77.54055692747397,Bengaluru,Karnataka ,560026,(Unknown Operator),Operational,True,15.0,1,False,2025-03-06T12:42:00Z,2025-03-07T16:59:00Z
309273,Welcomhotel Richmond Road,12.968709974182843,77.61440938105488,Bengaluru,Karnataka,560025,Statiq (IN),Operational,True,60.0,1,True,2025-03-06T12:36:00Z,2025-03-07T16:59:00Z
309272,Vivanta by Taj Residency Road,12.97248838809081,77.60854161055966,Bengaluru,Karnataka,560025,Tata Power,Operational,True,30.0,2,True,2025-03-06T12:32:00Z,2025-03-07T16:59:00Z
309271,Forum Rex Walk,12.972458,77.606851,Bengaluru,Karnataka,560025,Statiq (IN),Operational,True,30.0,8,True,2025-03-06T12:28:00Z,2025-03-07T16:59:00Z
309270,BMW Navnit Motors,12.97259859569182,77.59908118684689,Bengaluru,Karnataka,560001,(Unknown Operator),Operational,True,24.0,1,True,2025-03-06T12:23:00Z,2025-03-07T16:59:00Z
309269,Hotel Southern Star,12.974727464060706,77.59942186908683,Bengaluru,Karnataka,560001,Tata Power,Operational,True,30.0,1,True,2025-03-06T12:17:00Z,2025-03-07T16:59:00Z
309268,Sundaram Motors,12.973845154518216,77.59597891080779,Bengaluru,Karnataka,560001,Chargezone (India),Operational,True,90.0,2,True,2025-03-06T12:14:00Z,2025-03-07T16:59:00Z
309267,JW Marriott,12.97228768658023,77.59492658243641,Bengaluru,Karnataka,560001,Chargezone (India),Operational,True,60.0,2,True,2025-03-06T12:10:00Z,2025-03-07T16:59:00Z
309266,Audi Central,12.97001545590929,77.6004747835533,Bengaluru,Karnataka,560001,Statiq (IN),Operational,True,60.0,2,True,2025-03-06T12:02:00Z,2025-03-07T16:59:00Z
309265,Manjunath Fuel Service-BPCL,14.14024,75.55737,Surahonne,Karnataka,577223,Statiq (IN),Operational,True,30.0,1,True,2025-03-06T11:43:00Z,2025-03-07T16:59:00Z
309235,Indira Nagar,19.051818918414952,74.7234314557661,Ahmednagar,Mahrashtra,414001,(Unknown Operator),Operational,True,60.0,2,True,2025-03-05T04:19:00Z,2025-03-08T04:24:00Z
309232,CAFE PARADISE FAMILY RESTAURANT,15.43437,74.46271,Ramnagar,Karnataka,581453,Statiq (IN),Operational,True,60.0,1,True,2025-03-04T17:12:00Z,2025-03-07T16:59:00Z
309231,Arthigamaya Spa & Resort,14.52576,74.31716,Gokarna,Karnataka,581326,Rebolt (IN),Operational,True,7.0,2,False,2025-03-04T17:08:00Z,2025-03-07T16:59:00Z
309230,M/S T.S Tawady - BPCL,14.341170986862267,74.89089758268335,Siddapur,Karnataka,581355,Statiq (IN),Operational,True,30.0,1,True,2025-03-04T17:06:00Z,2025-04-27T03:39:00Z
309229,S.G. Enterprises BPCL,13.85362,74.6304,Byndoor,Karnataka,576214,Statiq (IN),Operational,True,30.0,1,True,2025-03-04T17:02:00Z,2025-03-07T16:59:00Z
309228,Rajani Fuel Centre,13.65205,74.70635,Tallur,Karnataka,576230,Statiq (IN),Operational,True,30.0,1,True,2025-03-04T16:59:00Z,2025-03-07T16:59:00Z
309227,Ashitha Enterprises BPCL,13.47826,74.7132,Sasthan,Karnataka ,576226,Statiq (IN),Operational,True,30.0,1,True,2025-03-04T16:57:00Z,2025-03-07T16:59:00Z
309226,Krupa Motors & Fuels,13.45598,74.98411,Hebri,Karnataka,576112,Statiq (IN),Operational,True,30.0,1,True,2025-03-04T16:53:00Z,2025-03-07T16:54:00Z
309225,"WheelsDrive Charger, Bajagoly",13.19883,75.06799,Bajagoly,Karnataka,576101,Wheels Drive (IN),Operational,True,30.0,1,True,2025-03-04T16:49:00Z,2025-03-07T16:54:00Z
309224,Vibrant PU College,13.05771,75.03821,Mudbidri,Karnataka,574227,Wheels Drive (IN),Operational,True,30.0,1,True,2025-03-04T16:45:00Z,2025-03-07T16:49:00Z
309223,Hotel Indraprastha,12.941033267964471,76.35064287596902,Baragur,Karnataka ,573225,Adani Gas-EV (TR),Operational,True,60.0,2,True,2025-03-04T16:43:00Z,2025-03-07T16:44:00Z
309222,Mangaluru International Airport,12.95149,74.87191,Mangaluru,,574142,Chargezone (India),Operational,True,60.0,2,True,2025-03-04T16:40:00Z,2025-03-07T16:44:00Z
309221,Sundaram Motors Mercedes-Benz,12.86689,74.90518,Mangaluru,Karnataka ,575007,Chargezone (India),Operational,True,60.0,2,True,2025-03-04T16:25:00Z,2025-03-07T16:29:00Z
309220,"Adishakti Cars, Hebbal",13.04291,77.60927,Bengaluru,Karnataka,560045,Tata Power,Operational,True,25.0,2,True,2025-03-04T16:10:00Z,2025-03-07T16:14:00Z
309190,Sixth Gear Cars,13.046755410837207,77.59123644794158,Bengaluru,Karnataka,560024,Chargezone (India),Operational,True,60.0,2,True,2025-03-03T17:21:00Z,2025-03-06T17:24:00Z
309189,Orion Avenue,13.001137938818005,77.63254,Bengaluru,Karnataka,560033,JIO BP Pulse (India),Operational,True,60.0,3,True,2025-03-03T17:18:00Z,2025-03-06T17:19:00Z
309188,Gokulam Grand Hotel & Spa,13.04204,77.55465,Bengaluru,Karnataka ,560054,Tata Power,Operational,True,25.0,2,True,2025-03-03T17:13:00Z,2025-03-06T17:14:00Z
309187,Elements Mall,13.04612,77.6269,Bengaluru,Karnataka,560077,Statiq (IN),Operational,True,150.0,3,True,2025-03-03T17:10:00Z,2025-03-06T17:14:00Z
309186,Jio BP Charging Hub Chikkagubbi ,13.087848141186939,77.66014774782752,Bengaluru,Karnataka ,562149,JIO BP Pulse (India),Operational,True,60.0,56,True,2025-03-03T17:03:00Z,2025-03-06T17:04:00Z
309185,Jaguar Land Rover Cars Airport Road,13.11756,77.60923,Bengaluru,Karnataka,560064,Tata Power,Operational,True,50.0,3,True,2025-03-03T16:55:00Z,2025-03-06T16:59:00Z
309158,Jio BP Chikkajala,13.16554,77.62933,Bengaluru,Karnataka,562157,JIO BP Pulse (India),Operational,True,60.0,2,True,2025-03-01T14:40:00Z,2025-03-04T14:44:00Z
309157,Moxy Bengaluru Airport Prestige Tech Cloud,13.19211,77.64456,Bengaluru,Karnataka ,562157,Chargezone (India),Operational,True,30.0,2,True,2025-03-01T14:37:00Z,2025-03-04T14:39:00Z
309156,Click Hotel Sadahalli,13.19218,77.64652,Sadahalli,Karnataka ,562157,Tata Power,Operational,True,30.0,1,True,2025-03-01T14:32:00Z,2025-03-04T14:34:00Z
309155,Mulberry Shades Bengaluru Nandi Hills,13.34843,77.68211,Devanahally,Karnataka,562110,Chargezone (India),Operational,True,30.0,2,True,2025-03-01T14:24:00Z,2025-03-04T14:29:00Z
309154,JW Marriott Bengaluru Prestige Golfshire Resort & Spa,13.31205,77.69087,Devanahall,Karnataka ,562164,Chargezone (India),Operational,True,30.0,2,True,2025-03-01T14:20:00Z,2025-03-04T14:24:00Z
309153,Taj Bangalore,13.19736,77.71011,Bengaluru,Karnataka ,560300,Statiq (IN),Operational,True,60.0,2,True,2025-03-01T14:13:00Z,2025-03-04T14:14:00Z
309152,Shell Recharge Devanahalli,13.24117,77.70313,Devanahalli,Karnataka ,562110,Shell Recharge (IN),Operational,True,120.0,5,True,2025-03-01T14:00:00Z,2025-03-04T14:04:00Z
309151,GLIDA Charging Hub,13.18324,77.67608,Bengaluru,Karnataka,562157,Statiq (IN),Operational,True,60.0,20,True,2025-03-01T13:55:00Z,2025-03-04T13:59:00Z
309150,GAIL Gas Station -Tata Power,13.15341,77.72827,Bengaluru,Karnataka ,562129,Tata Power,Operational,True,30.0,1,True,2025-03-01T13:08:00Z,2025-03-04T13:09:00Z
309149,Orion Uptown Mall,13.05515,77.7638,Bengaluru,Karnataka,560049,JIO BP Pulse (India),Operational,True,60.0,3,True,2025-03-01T13:04:00Z,2025-03-04T13:09:00Z
309148,Kia India Training Center,13.05242,77.74675,Bengaluru,Karnataka,560049,Tata Power,Operational,True,150.0,1,True,2025-03-01T13:00:00Z,2025-03-04T13:04:00Z
309099,ITC Gardenia Bengaluru,12.96728,77.59552,Bengaluru,Karnataka ,560025,Statiq (IN),Operational,True,30.0,2,True,2025-02-24T15:06:00Z,2025-03-04T03:24:00Z
309098,Divyasree Chambers,12.96192,77.59922,Bengaluru,Karnataka,560025,Statiq (IN),Operational,True,60.0,2,True,2025-02-24T15:03:00Z,2025-03-04T03:24:00Z
309097,ibis Bengaluru City Centre,12.96751,77.5939,Bengaluru,Karnataka,560027,JIO BP Pulse (India),Operational,True,60.0,2,True,2025-02-24T15:00:00Z,2025-03-04T03:24:00Z
309096,Club Mahindra Madikeri,12.440927112565277,75.71641034319009,Madikeri,Karnataka,571204,Zeon Charging,Operational,True,22.0,2,False,2025-02-24T14:51:00Z,2025-06-11T19:20:00Z
309095,Hotel Varun Mansion ,13.00219031804562,76.13960172358225,Boovanahalli,Karnataka,573226,JIO BP Pulse (India),Operational,True,60.0,2,True,2025-02-24T13:47:00Z,2025-03-07T16:45:00Z
309076,Hotel Kadamba Veg,12.9019345,77.4689096,Bengaluru,Karnataka,560060,Zeon Charging,Operational,True,24.0,1,True,2025-02-23T04:46:00Z,2025-03-04T03:24:00Z
309070,Bolt.Earth Charging Station,12.48172,77.03598,Bharathi Nagara,Karnataka,571422,Bolt.Earth (IN),Operational,True,30.0,1,True,2025-02-22T07:02:00Z,2025-03-04T03:24:00Z
309069,Nagalakshmi Fuel Station,12.30446,76.70639,Mysuru,Karnataka,570011,Statiq (IN),Operational,True,30.0,1,True,2025-02-22T06:57:00Z,2025-03-04T03:24:00Z
309068,Adarsh Kia - Mysore,12.30706,76.70759,Mysuru,Karnataka,570011,Tata Power,Operational,True,90.0,2,True,2025-02-22T06:54:00Z,2025-03-04T03:24:00Z
309067,The Quorum Hotel,12.31223,76.64067,Mysuru,Karnataka,570005,ChargeMod (IN),Operational,True,7.4,1,False,2025-02-22T06:46:00Z,2025-03-04T03:24:00Z
309066,Southern Star Mysore,12.31169,76.64328,Mysuru,Karnataka ,570005,Tata Power,Operational,True,60.0,2,True,2025-02-22T06:42:00Z,2025-03-04T03:24:00Z
309065,"Urs Kar, Krishnamurthy Puram",12.29519,76.6415,Mysuru,Karnataka,570004,Tata Power,Operational,True,25.0,2,True,2025-02-22T06:39:00Z,2025-03-04T03:24:00Z
309064,Hotel Siddharta,12.30853,76.66071,Mysuru,Karnataka,570010,Rebolt (IN),Operational,True,30.0,1,True,2025-02-22T06:35:00Z,2025-03-04T03:24:00Z
309063,Nexus Centre City,12.31857,76.66539,Mysuru,Karnataka,570010,Statiq (IN),Operational,True,80.0,5,True,2025-02-22T06:31:00Z,2025-03-04T03:24:00Z
309062,Ganapati Fuel Station,12.35048,76.63894,Mysuru,Karnataka,570003,Statiq (IN),Operational,True,24.0,1,True,2025-02-22T06:23:00Z,2025-03-04T03:24:00Z
309061,GRS Fantasy Park,12.35317,76.6357,Mysuru,Karnataka,570020,Statiq (IN),Operational,True,60.0,4,True,2025-02-22T06:08:00Z,2025-03-04T03:24:00Z
309060,Akshaya Motors,12.35941,76.62151,Mysuru,Karnataka,570016,Chargezone (India),Operational,True,30.0,2,True,2025-02-22T06:02:00Z,2025-03-04T03:24:00Z
309024,Sri Manjunatha Fuel Station,12.83561,75.39953,Nelyadi,Karnataka ,574229,Statiq (IN),Operational,True,30.0,1,True,2025-02-20T17:17:00Z,2025-02-24T10:38:00Z
309023,GL ONE MALL,12.76013,75.20645,Puttur,Karnataka ,574201,Wheels Drive (IN),Operational,True,30.0,1,True,2025-02-20T17:14:00Z,2025-03-04T03:24:00Z
309022,A.R.M Kia,12.86709,74.90488,Mangaluru,Karnataka ,575007,Tata Power,Operational,True,90.0,2,True,2025-02-20T17:10:00Z,2025-03-04T03:24:00Z
309021,"Cauvery Motors, Mangalore",12.87213,74.89078,Mangaluru,Karnataka ,575007,Statiq (IN),Operational,True,25.0,1,True,2025-02-20T17:05:00Z,2025-03-04T03:24:00Z
309020,St Joseph Service Centre,12.8591,74.85515,Mangaluru,Karnataka ,575002,Statiq (IN),Operational,True,30.0,1,True,2025-02-20T17:02:00Z,2025-03-04T03:24:00Z
309019,Fiza by Nexus Mall,12.85763,74.83832,Mangaluru,Karnataka ,575001,JIO BP Pulse (India),Operational,True,60.0,5,True,2025-02-20T16:59:00Z,2025-03-04T03:24:00Z
309018,"Vivanta Mangalore, Old Port Road",12.86212,74.83519,Mangaluru,Karnataka,575001,Tata Power,Operational,True,30.0,1,True,2025-02-20T16:56:00Z,2025-03-04T03:24:00Z
309017,"Auto Matrix, Bejai",12.88567,74.84352,Mangaluru,Karnataka,575004,Tata Power,Temporarily Unavailable,True,25.0,2,True,2025-02-20T16:52:00Z,2026-04-12T04:52:00Z
309016,Mescom Substation Bejai,12.88666,74.84176,Mangaluru,Karnataka,575004,Statiq (IN),Operational,True,25.0,2,True,2025-02-20T16:49:00Z,2025-03-04T03:24:00Z
309015,Sowkar M Baba Pai & Co,12.888069564664889,74.8354843185316,Mangaluru,Karnataka,575006,Statiq (IN),Temporarily Unavailable,True,30.0,1,True,2025-02-20T16:46:00Z,2026-04-12T04:29:00Z
309014,MG Motor Jubilant Motors,12.92394,74.83135,Mangaluru,Karnataka,575013,Tata Power,Operational,True,60.0,2,True,2025-02-20T16:41:00Z,2025-03-04T03:24:00Z
309013,Ginger Hotel,12.908462407676879,74.83580306975753,Mangaluru,Karnataka ,575013,Tata Power,Operational,True,30.0,1,True,2025-02-20T16:36:00Z,2025-03-04T03:24:00Z
308999,Audi Mangaluru,12.923881847417348,74.8296552161257,Mangaluru,Karnataka ,575013,Statiq (IN),Operational,True,30.0,1,True,2025-02-19T17:30:00Z,2025-03-04T03:24:00Z
308998,J B Fuel Station,12.940230312722576,74.81603967380636,Mangaluru,Karnataka,575010,Statiq (IN),Operational,True,30.0,1,True,2025-02-19T17:26:00Z,2025-03-04T03:24:00Z
308997,Deepak Sales and Services - BPCL Petrol Pump,12.94928,74.81044,Panambur,Karnataka ,575010,Statiq (IN),Operational,True,30.0,1,True,2025-02-19T17:23:00Z,2025-03-04T03:24:00Z
308996,Royal Orchid Central Kireeti,15.28683,76.38577,Hosapete,Karnataka ,583201,JIO BP Pulse (India),Operational,True,60.0,2,True,2025-02-19T17:17:00Z,2025-03-04T03:24:00Z
308995,HR Motel,15.9663,75.01014,Yaragatti,Karnataka ,591129,JIO BP Pulse (India),Operational,True,60.0,2,True,2025-02-19T17:13:00Z,2025-03-08T17:13:00Z
308994,Jio-BP Petrol Pump,16.19321,74.518,Chikkalagudda,Karnataka ,591314,JIO BP Pulse (India),Operational,True,60.0,2,True,2025-02-19T17:11:00Z,2025-03-04T03:24:00Z
308993,Hotel Paradise,16.14641,74.21505,Sulgaon,Maharashtra ,416505,Tata Power,Operational,True,60.0,2,True,2025-02-19T17:04:00Z,2025-03-04T03:24:00Z
308992,Gogte Plaza,15.928451456254336,74.52903791342621,Belagavi,Karnataka,591113,Tata Power,Operational,True,60.0,5,True,2025-02-19T17:00:00Z,2025-03-04T03:24:00Z
308991,RR Mall Belagavi,15.901614805901247,74.52143374766956,Belagavi,Karnataka,590010,JIO BP Pulse (India),Operational,True,60.0,2,True,2025-02-19T16:54:00Z,2025-03-04T03:24:00Z
308990,Hotel Ramdev,15.878287475844715,74.51579659267398,Belagavi,Karnataka ,590001,Chargezone (India),Operational,True,30.0,4,True,2025-02-19T16:51:00Z,2025-03-04T03:24:00Z
308989,"UK27 The Fern - An Ecotel Hotel, Belagavi",15.87496,74.51343,Belagavi,Karnataka ,590019,JIO BP Pulse (India),Operational,True,24.0,1,True,2025-02-19T16:49:00Z,2025-03-04T03:24:00Z
308988,Pai Resorts,15.867344553938452,74.52868439845417,Belagavi,Karnataka,590016,Wheels Drive (IN),Operational,True,30.0,1,True,2025-02-19T16:43:00Z,2025-03-04T03:24:00Z
308987,"Manickbag Automobiles, Belagavi",15.8188,74.49224,Belagavi,Karnataka ,590008,Tata Power,Operational,True,25.0,2,True,2025-02-19T16:40:00Z,2025-03-04T03:24:00Z
308986,Miraculum Kia,15.80545,74.48541,Belagavi,Karnataka,590008,Tata Power,Operational,True,90.0,2,True,2025-02-19T16:38:00Z,2025-03-04T03:24:00Z
308985,BPCL Goral Petroleum,15.83662,74.49365,Belagavi,Karnataka,590006,Statiq (IN),Operational,True,30.0,1,True,2025-02-19T16:36:00Z,2025-02-21T12:14:00Z
308984,Shri Mahalingeshwar Petroleums,15.80585,74.57531,Belagavi,Karnataka ,590020,Statiq (IN),Operational,True,30.0,1,True,2025-02-19T16:28:00Z,2025-03-04T03:24:00Z
308983,Hotel Gajaraj Palace,15.58799,74.78388,Kittur,Karnataka,591115,Chargezone (India),Operational,True,30.0,2,True,2025-02-19T15:16:00Z,2025-03-04T03:24:00Z
308982,Nisarga Family Restaurant,14.55971,75.72506,Chalageri,Karnataka,581145,Statiq (IN),Operational,True,120.0,2,True,2025-02-19T15:12:00Z,2025-03-04T03:24:00Z
308981,Raastha Resto Bar,14.44452,75.89139,Davanagere,Karnataka,577004,Chargezone (India),Operational,True,60.0,2,True,2025-02-19T15:08:00Z,2025-03-04T03:24:00Z
308980,Kahaani - The Food Journey,14.44549,75.8911,Davanagere,Karnataka,577004,Chargezone (India),Operational,True,60.0,4,True,2025-02-19T15:06:00Z,2025-03-04T03:24:00Z
308979,Mahindra Mahanth Motors,14.47385,75.88627,Davanagere,Karnataka,577006,Statiq (IN),Operational,True,60.0,1,True,2025-02-19T15:03:00Z,2025-03-04T03:24:00Z
308978,"TSS Super Market, Sirsi",14.624314302978263,74.84155546196445,Sirsi,Karnataka ,581401,Tata Power,Operational,True,30.0,1,True,2025-02-19T14:59:00Z,2025-03-04T03:24:00Z
308977,Shiva Hotel,14.53811,75.75962,Harihar,Karnataka,581123,Tata Power,Operational,True,60.0,2,True,2025-02-19T14:55:00Z,2025-03-04T03:24:00Z
308976,Adishakti Cars,14.44223,75.95212,Davanagere,Karnataka,577003,Tata Power,Operational,True,25.0,2,True,2025-02-19T14:52:00Z,2025-03-04T03:24:00Z
308975,Hotel Anand Vihar,14.62398,76.46012,Hulikere,Karnataka,583218,Statiq (IN),Operational,True,60.0,2,True,2025-02-19T14:49:00Z,2025-03-04T03:24:00Z
308974,Akshara Pure Veg,14.08641,76.54001,Aimangala,Karnataka,577558,Tata Power,Operational,True,60.0,2,True,2025-02-19T14:45:00Z,2025-03-04T03:24:00Z
308973,Purohit Hotel,14.0521,76.56153,Hiriyur,Karnataka ,577558,Chargezone (India),Operational,True,60.0,2,True,2025-02-19T14:43:00Z,2025-03-04T03:24:00Z
308972,Dakshin Motors - TATA Service Center,13.92317,76.64257,Hiriyur Rural,Karnataka,577598,Tata Power,Operational,True,25.0,1,True,2025-02-19T14:40:00Z,2025-03-04T03:24:00Z
308971,Hotel Aroma Natural Veg,13.839530123616814,76.73914834433563,Javagondnahalli,Karnataka,577511,Statiq (IN),Operational,True,60.0,2,True,2025-02-19T14:33:00Z,2026-04-08T16:35:00Z
308970,Hotel Aroma Natural Veg,13.839530123616814,76.73914834433563,Javagondnahalli,Karnataka,577511,Chargezone (India),Operational,True,30.0,2,True,2025-02-19T14:31:00Z,2026-04-08T16:35:00Z
308965,"Sree Auto, Tumkur",13.34529,77.08027,Tumakuru,Karnataka,572107,Tata Power,Operational,True,30.0,1,True,2025-02-18T17:36:00Z,2025-03-04T03:24:00Z
308964,Ghar Ka Khana,13.24891,77.22395,Hale Nijagal,Karnataka,562111,JIO BP Pulse (India),Operational,True,60.0,2,True,2025-02-18T17:33:00Z,2025-03-04T03:24:00Z
308953,Deol Punjabi Hotel & Lodge,14.65406,75.56992,Kunabev,Karnataka,581115,Wheels Drive (IN),Operational,True,30.0,2,True,2025-02-17T17:20:00Z,2025-03-04T03:24:00Z
308951,MG Motor Bellad,15.40827,75.06133,Hubballi,Karnataka,580025,Tata Power,Operational,True,25.0,2,True,2025-02-17T17:07:00Z,2025-03-04T03:24:00Z
308950,Salimath Engineers,15.35533,75.08915,Hubballi,Karnataka,580030,Tata Power,Operational,True,25.0,1,True,2025-02-17T17:03:00Z,2025-03-04T03:24:00Z
308949,Shreya Stellar Mall,15.3593,75.12727,Hubballi,Karnataka,580021,Tata Power,Operational,True,60.0,2,True,2025-02-17T17:00:00Z,2025-03-04T03:24:00Z
308946,Sai Ganesh Restaurant,15.27878,75.14759,Hubli,Karnataka,580028,Chargezone (India),Operational,True,150.0,3,True,2025-02-17T16:56:00Z,2025-03-04T03:24:00Z
308945,Hotel Panchavati,14.94519,75.25032,Munavalli,Karnataka,581202,Chargezone (India),Operational,True,60.0,2,True,2025-02-17T16:50:00Z,2025-03-04T03:24:00Z
308944,"TSS Super Market, Mundagod",14.97927,75.04431,Mundgod,Karnataka,581349,Tata Power,Operational,True,30.0,1,True,2025-02-17T16:46:00Z,2025-03-04T03:24:00Z
308943,TSS Super market,14.96012,74.71765,Yellapur,Karnataka,581359,Tata Power,Operational,True,30.0,1,True,2025-02-17T16:44:00Z,2025-03-04T03:24:00Z
308942,Hotel Lavender Elite,14.3166,74.42836,Honnavar,Karnataka ,581334,Rebolt (IN),Operational,True,7.0,2,False,2025-02-17T16:40:00Z,2025-03-04T03:24:00Z
308941,Shreekumar Residency,14.32599,74.42664,Honnavar,Karnataka,581341,Chargezone (India),Operational,True,60.0,2,True,2025-02-17T16:37:00Z,2025-03-04T03:24:00Z
308940,Jyothis Residency,13.86534,74.81452,Kollur,Karnataka,576220,Rebolt (IN),Operational,True,7.0,1,False,2025-02-17T16:34:00Z,2025-03-04T03:24:00Z
308939,Hotel Sharada Comforts,13.42865,75.25619,Sringeri,Karnataka,577139,Rebolt (IN),Operational,True,7.0,2,False,2025-02-17T16:27:00Z,2025-03-04T03:24:00Z
308938,The Grand Krishna Hotel,13.32784,75.77365,Chikkamagaluru,Karnataka,577101,Rebolt (IN),Operational,True,7.0,1,False,2025-02-17T16:23:00Z,2025-03-04T03:24:00Z
308937,Hotel Aadrika,13.31755,75.77101,Chikkamagaluru,Karnataka ,577101,JIO BP Pulse (India),Operational,True,60.0,2,True,2025-02-17T16:18:00Z,2025-03-04T03:24:00Z
308936,Jio BP Pulse - Mettupalayam,11.27928,76.94778,Mettupalayam,Tamil Nadu,641301,JIO BP Pulse (India),Operational,True,60.0,2,True,2025-02-17T16:06:00Z,2025-03-04T03:24:00Z
308935,Adyar Ananda Bhavan,11.32163,76.9161,Mettupalayam,Tamil Nadu,641305,Statiq (IN),Operational,True,60.0,2,True,2025-02-17T16:03:00Z,2025-03-04T03:24:00Z
308934,Wellington Gymkhana Club,11.36142,76.79607,Wellington,Tamil Nadu,643231,Zeon Charging,Operational,True,22.0,2,False,2025-02-17T15:51:00Z,2025-03-04T03:24:00Z
308933,Gateway Coonoor,11.34605,76.80108,Coonoo,Tamil Nadu,643101,Tata Power,Operational,True,30.0,1,True,2025-02-17T15:42:00Z,2025-03-04T03:24:00Z
308932,"Welcome Heritage Ayatana, Ooty",11.33652,76.71073,Muttinadu,Tamil Nadu,643003,Zeon Charging,Operational,True,22.0,2,False,2025-02-17T14:48:00Z,2025-03-04T03:24:00Z
308931,"Club Mahindra Resort - Derby Green, Ooty",11.4023,76.69714,Ooty,Tamil Nadu,643001,Zeon Charging,Operational,True,22.0,1,False,2025-02-17T14:44:00Z,2025-03-04T03:24:00Z
308930,Sterling Ooty - Fern Hill,11.39057,76.69866,Ooty,Tamil Nadu,643004,Tata Power,Operational,True,60.0,2,True,2025-02-17T14:41:00Z,2025-03-04T03:24:00Z
308929,Hotel Gem Park,11.42074,76.70407,Ooty,Tamil Nadu,643001,Zeon Charging,Operational,True,24.0,2,True,2025-02-17T14:37:00Z,2025-03-04T03:24:00Z
308928,"Savoy, Ooty - IHCL SeleQtions",11.41494,76.69288,Ooty,Tamil Nadu,643001,Tata Power,Operational,True,50.0,2,True,2025-02-17T14:34:00Z,2025-03-04T03:24:00Z
308927,MC Resort Bandipura,11.69692,76.63576,Melukamanahally,Karnataka,571126,Statiq (IN),Operational,True,60.0,2,True,2025-02-17T14:29:00Z,2025-03-04T03:24:00Z
308926,Vana Vihar Resort Bandipur,11.70634,76.64111,Mel Kamanahalli,Karnataka,571126,Tata Power,Operational,True,60.0,2,True,2025-02-17T14:27:00Z,2025-03-04T03:24:00Z
308925,Shivalli Restaurant 1,12.63923,77.14021,Channapatna,Karnataka,562160,JIO BP Pulse (India),Operational,True,80.0,2,True,2025-02-17T14:18:00Z,2025-03-04T03:24:00Z
308924,Eagleton The Golf Resort,12.80007,77.41324,Bidadi,Karnataka,562109,JIO BP Pulse (India),Operational,True,60.0,2,True,2025-02-17T14:11:00Z,2025-03-04T03:24:00Z
308923,ibis Bengaluru Hosur Road,12.90073,77.63203,Bengaluru,Karnataka,560068,JIO BP Pulse (India),Operational,True,60.0,2,True,2025-02-17T13:10:00Z,2025-03-04T03:24:00Z
308922,Blusmart Charging Station (HSR Hub),12.90212,77.64191,Bengaluru,Karnataka,560068,JIO BP Pulse (India),Operational,True,60.0,58,True,2025-02-17T13:06:00Z,2025-03-04T03:24:00Z
308921,"La Maison Citroën Hosur Road, Bengaluru",12.86308,77.65922,Bengaluru,Karnataka,560100,JIO BP Pulse (India),Operational,True,60.0,2,True,2025-02-17T12:59:00Z,2025-03-04T03:24:00Z
308920,JioBP Pulse Charging Hub - Electronic City Phase II,12.86462,77.67486,Bengaluru,Karnataka,560100,JIO BP Pulse (India),Operational,True,60.0,70,True,2025-02-17T12:54:00Z,2025-03-04T03:24:00Z
308919,Jio BP Chandapura,12.79284,77.72766,Bengaluru,Karnataka,562107,JIO BP Pulse (India),Operational,True,60.0,2,True,2025-02-17T12:48:00Z,2025-03-04T03:24:00Z
308918,Blusmart Charging Station Electronic City Phase 1,12.82734,77.65552,Bengaluru,Karnataka,560100,JIO BP Pulse (India),Operational,True,60.0,28,True,2025-02-17T12:43:00Z,2025-03-04T03:24:00Z
308917,Blusmart Charging Station (Gottigere Hub),12.85845,77.58721,Bengaluru,Karnataka,560083,JIO BP Pulse (India),Operational,True,60.0,32,True,2025-02-17T12:35:00Z,2025-03-04T03:29:00Z
308916,Shell Recharge Advaith Hyundai Mysuru ,12.34912,76.57168,Mysuru,Karnataka,570016,Shell Recharge (IN),Operational,True,60.0,2,True,2025-02-17T05:04:00Z,2025-03-04T03:29:00Z
308915,Shell Recharge Advaith Hyundai Mangaluru,12.90145,74.84193,Mangaluru,Karnataka,575006,Shell Recharge (IN),Operational,True,60.0,2,True,2025-02-17T04:58:00Z,2025-03-04T03:29:00Z
308914,Shell Recharge Heggeri Dharwad,15.52849,74.90613,Belur,Karnataka,580011,Shell Recharge (IN),Operational,True,120.0,2,True,2025-02-17T04:54:00Z,2025-03-04T03:29:00Z
308913,Shell Recharge Pale,15.240056,75.14345,Hubballi,Karnataka,581207,Shell Recharge (IN),Operational,True,120.0,2,True,2025-02-17T04:51:00Z,2025-03-04T03:29:00Z
308907,Shell Recharge Anekal Road,12.76356,77.70167,Naganaikanahalli,Karnataka,562106,Shell Recharge (IN),Operational,True,120.0,4,True,2025-02-16T18:56:00Z,2025-03-04T03:29:00Z
308906,Shell Recharge Devanahalli,13.26416,77.71751,Devanahalli,Karnataka,562110,Shell Recharge (IN),Operational,True,120.0,2,True,2025-02-16T18:53:00Z,2025-03-04T03:29:00Z
308905,"Shell Recharge, Chandapura",12.78840738219364,77.73682462376587,Attibele,Karnataka,562107,Shell Recharge (IN),Operational,True,120.0,4,True,2025-02-16T18:51:00Z,2025-03-31T15:21:00Z
308904,Shell Recharge Kanakapura Road,12.86276,77.53146,Bengaluru,Karnataka,560062,Shell Recharge (IN),Operational,True,120.0,2,True,2025-02-16T18:48:00Z,2025-03-04T03:29:00Z
308903,Shell Recharge Yelachenahalli,12.89719,77.57071,Bengaluru,Karnataka,560078,Shell Recharge (IN),Operational,True,120.0,4,True,2025-02-16T18:45:00Z,2025-03-04T03:29:00Z
308902,Shell Recharge Gokare Road,13.23897,77.72394,Devanahalli,Karnataka,562110,Shell Recharge (IN),Operational,True,120.0,4,True,2025-02-16T18:43:00Z,2025-03-04T03:29:00Z
308901,Shell Recharge Haralur,12.91293,77.66542,Bengaluru,Karnataka,560102,Shell Recharge (IN),Operational,True,120.0,2,True,2025-02-16T18:40:00Z,2025-03-04T03:29:00Z
308900,Shell Recharge Marathahalli,12.94285,77.69782,Bengaluru,Karnataka,560037,Shell Recharge (IN),Operational,True,120.0,4,True,2025-02-16T18:36:00Z,2025-03-04T03:29:00Z
308899,Shell Recharge Prestige Tech Park,12.94269,77.69235,Bengaluru,Karnataka,560037,Shell Recharge (IN),Operational,True,30.0,9,True,2025-02-16T18:32:00Z,2025-03-04T03:29:00Z
308898,Shell Recharge Bagmane Solarium,12.9717,77.7075,Bengaluru,Karnataka,560037,Shell Recharge (IN),Operational,True,30.0,4,True,2025-02-16T18:29:00Z,2025-03-04T03:29:00Z
308897,Shell Recharge Prestige Shantiniketan,12.992,77.7299,Bengaluru,Karnataka,560027,Shell Recharge (IN),Operational,True,30.0,5,True,2025-02-16T18:24:00Z,2026-09-09T11:51:00Z
308896,Shell Recharge Brookfield,12.982973492700651,77.7080860046741,Bengaluru,Karnataka,560048,Shell Recharge (IN),Operational,True,120.0,4,True,2025-02-16T18:20:00Z,2025-03-08T02:37:00Z
308895,Shell Recharge Avalahalli,13.04041,77.74131,Bandapura,Karnataka,560049,Shell Recharge (IN),Operational,True,120.0,4,True,2025-02-16T18:16:00Z,2025-03-04T03:29:00Z
308894,Shell Recharge Budigere,13.06226,77.74273,,Karnataka,560049,Shell Recharge (IN),Operational,True,120.0,4,True,2025-02-16T18:12:00Z,2025-03-04T03:29:00Z
308893,Shell Recharge Mahadeva Kodigehalli,13.15446,77.70277,Bengaluru,Karnataka,562149,Shell Recharge (IN),Operational,True,30.0,4,True,2025-02-16T18:09:00Z,2025-03-04T03:29:00Z
308891,Shell Recharge Old Madras Road,12.9923,77.65942,Bengaluru,Karnataka,560093,Shell Recharge (IN),Operational,True,120.0,4,True,2025-02-16T18:02:00Z,2025-03-04T03:29:00Z
308890,Shell Recharge TC Palya,13.02234,77.67867,Bengaluru,Karnataka,560016,Shell Recharge (IN),Operational,True,120.0,5,True,2025-02-16T18:00:00Z,2025-03-04T03:29:00Z
308889,Shell Recharge Thanisandra,13.05367,77.63073,Bengaluru,Karnataka,560077,Shell Recharge (IN),Operational,True,120.0,5,True,2025-02-16T17:57:00Z,2025-03-04T03:29:00Z
308888,Shell Recharge Hennur,13.07536,77.6524,Bengaluru,Karnataka,560077,Shell Recharge (IN),Operational,True,120.0,5,True,2025-02-16T17:55:00Z,2025-03-04T03:29:00Z
308886,Shell Recharge Kogilu Road,13.1043,77.60448,Bengaluru,Karnataka,560064,Shell Recharge (IN),Operational,True,120.0,5,True,2025-02-16T17:50:00Z,2025-03-04T03:29:00Z
308885,Shell Yelahanka New Town,13.098,77.5658,Bengaluru,Karnataka,560064,Shell Recharge (IN),Operational,True,120.0,2,True,2025-02-16T17:47:00Z,2025-03-04T03:29:00Z
308883,MG Motor Mysuru,12.3257,76.61038,Mysuru,Karnataka,570017,Tata Power,Operational,True,60.0,2,True,2025-02-16T17:43:00Z,2025-03-04T03:29:00Z
308882,Shell Recharge Mandakalli,12.24523,76.65978,Gudumadanahalli,Karnataka,570008,Shell Recharge (IN),Operational,True,60.0,2,True,2025-02-16T17:36:00Z,2025-04-01T02:06:00Z
308881,Shell Recharge Hinkal,12.3279,76.60826,Mysuru,Karnataka,570017,Shell Recharge (IN),Operational,True,120.0,2,True,2025-02-16T17:32:00Z,2025-02-25T18:16:00Z
308879,Highway Star Mall,13.13885,78.20935,Vadagur,Karnataka,563101,Zeon Charging,Operational,True,120.0,4,True,2025-02-16T17:15:00Z,2025-03-04T03:29:00Z
308878,"Aaradhya Grand ""Mulbagal Dosa""",13.13522,78.18786,Kolar,Karnataka,563101,Zeon Charging,Operational,True,60.0,2,True,2025-02-16T17:11:00Z,2025-03-04T03:29:00Z
308877,Hotel Guruprasad Veg,14.17052,76.47221,Chitradurga,Karnataka,577524,Zeon Charging,Operational,True,120.0,4,True,2025-02-16T17:01:00Z,2025-03-04T03:29:00Z
308876,Paakashala Sira,13.75492,76.88246,Sira,Karnataka,572137,Zeon Charging,Operational,True,160.0,10,True,2025-02-16T16:59:00Z,2025-03-08T19:04:00Z
308875,Samara's Veg,13.79204,77.76632,Bagepalli,Karnataka,561207,Zeon Charging,Operational,True,240.0,4,True,2025-02-16T16:54:00Z,2026-02-21T14:58:00Z
308874,Hotel Nanjundeshwara,13.28586,77.18248,Pandithanahalli,Karnataka,572104,Zeon Charging,Operational,True,24.0,1,True,2025-02-16T16:51:00Z,2025-03-04T03:29:00Z
308873,Shepra Farms,12.13427,77.07437,Kollegala,Karnataka,571440,Zeon Charging,Operational,True,60.0,2,True,2025-02-16T16:47:00Z,2025-03-04T03:29:00Z
308872,Mulki Sunder Ram Shetty Convention Centre,13.06385,74.79791,Mulki,Karnataka,574154,Zeon Charging,Operational,True,60.0,2,True,2025-02-16T16:41:00Z,2025-03-04T03:29:00Z
308871,Club Mahindra Resort - Virajpet,12.20992,75.73586,Virajpet,Karnataka,571212,Zeon Charging,Operational,True,22.0,2,False,2025-02-16T16:29:00Z,2025-06-11T19:20:00Z
308862,Hotel Sharadha International,13.34939,74.73729,Udupi,Karnataka,576103,Renoch (IN),Operational,True,30.0,2,True,2025-02-15T17:24:00Z,2025-03-04T03:29:00Z
308861,Paradise Isle Beach Resort,13.36063,74.69908,Udupi,Karnataka,576108,Rebolt (IN),Operational,True,7.0,2,False,2025-02-15T17:20:00Z,2025-03-04T03:29:00Z
308860,Malpe Fish Trade Center,13.35205,74.70382,Udupi,Karnataka,576108,Renoch (IN),Operational,True,60.0,2,True,2025-02-15T17:17:00Z,2025-03-04T03:29:00Z
308859,Kaustubha Residency,13.29373,74.74513,Udupi,Karnatak,576122,Renoch (IN),Operational,True,30.0,1,True,2025-02-15T17:14:00Z,2025-03-04T03:29:00Z
308837,Wonderla Bengaluru,12.838006,77.402104,Bengaluru,Karnataka,562109,Statiq (IN),Operational,True,60.0,5,True,2025-02-14T17:33:00Z,2025-03-04T03:29:00Z
308819,Poojari’s Nirantara,12.14124,76.50854," Jayapura, Mysuru",Karnataka ,570008,Zeon Charging,Operational,True,30.0,2,True,2025-02-13T17:15:00Z,2025-02-18T09:15:00Z
308818,"Urs Cars, Hinkal",12.32742,76.60886,Mysuru,Karnataka,560057,Zeon Charging,Operational,True,60.0,2,True,2025-02-13T17:13:00Z,2025-02-18T09:16:00Z
308817,"Urs Kar Service Centre Pvt Ltd, Hebbal",12.35354,76.61858,Mysuru,Karnataka,570016,Zeon Charging,Operational,True,30.0,2,True,2025-02-13T17:11:00Z,2025-02-18T09:16:00Z
308816,Ibis Styles Mysuru,12.35753,76.62834,Mysuru,Karnataka,570016,Zeon Charging,Operational,True,60.0,2,True,2025-02-13T17:09:00Z,2025-02-18T09:16:00Z
308815,Grand Mercure Mysore,12.3307,76.64479,Mysuru,Karnataka,570021,Zeon Charging,Operational,True,120.0,3,True,2025-02-13T17:08:00Z,2025-02-18T09:16:00Z
308814,Mall Of Mysore,12.2977,76.66446,Mysuru,Karnataka,570010,Zeon Charging,Operational,True,60.0,4,True,2025-02-13T17:06:00Z,2025-02-18T09:18:00Z
308813,Metropolis Gurukrupa Apartment,12.87479,77.64694,Bengaluru,Karnataka,560068,Zeon Charging,Operational,True,7.4,1,False,2025-02-13T17:03:00Z,2025-02-18T09:17:00Z
308812,RMZ EcoWorld,12.92542,77.68788,Bengaluru,Karnataka,5600103,Zeon Charging,Operational,True,50.0,1,True,2025-02-13T17:01:00Z,2025-02-18T09:17:00Z
308811,Novotel Bengaluru Outer Ring Road,12.9299,77.68317,Bengaluru,Karnataka,5700103,Zeon Charging,Operational,True,22.0,1,False,2025-02-13T17:00:00Z,2025-02-18T09:17:00Z
308810,Kabra Excelsior,12.92786,77.63306,Bengaluru,Karnataka,560034,Zeon Charging,Operational,True,50.0,2,True,2025-02-13T16:58:00Z,2025-02-18T09:17:00Z
308809,Nexus Mall Koramangala,12.93484,77.6118,Bengaluru,Karnataka,570095,Zeon Charging,Operational,True,24.0,2,True,2025-02-13T16:55:00Z,2025-02-18T09:17:00Z
308808,Grand Mercure Bengaluru,12.99267,77.66117,Bengaluru,Karnataka,570093,Zeon Charging,Operational,True,22.0,1,False,2025-02-13T16:53:00Z,2025-02-18T09:17:00Z
308807,RMZ Infinity,12.99365,77.66045,Bengaluru,Karnataka,570016,Zeon Charging,Operational,True,60.0,2,True,2025-02-13T16:51:00Z,2025-02-18T09:17:00Z
308806,RMZ MILLENIA,12.98247,77.62461,Bengaluru,Karnataka,570042,Zeon Charging,Operational,True,24.0,1,True,2025-02-13T16:49:00Z,2025-02-18T09:18:00Z
308805,Radisson Bengaluru City Center,12.97622,77.61948,Bengaluru,Karnataka,570042,Zeon Charging,Operational,True,22.0,1,False,2025-02-13T16:47:00Z,2025-02-18T09:18:00Z
308804,The Rialto Hotel,12.98026,77.57661,Bengaluru,Karnataka,570009,Zeon Charging,Operational,True,7.0,2,False,2025-02-13T16:45:00Z,2025-02-18T09:18:00Z
308803,GT World Mall,12.97396,77.55157,Bengaluru,Karnataka,560023,Zeon Charging,Operational,True,22.0,1,False,2025-02-13T16:42:00Z,2025-02-18T09:18:00Z
308802,Sheraton Grand Bangalore Hotel at Brigade Gateway,13.01275,77.55504,Bengaluru,Karnataka,560055,Chargezone (India),Operational,True,30.0,2,True,2025-02-13T16:37:00Z,2025-02-18T09:18:00Z
308801,Orion Brigade Gateway,13.01105,77.55471,Bengaluru,Karnataka,560065,JIO BP Pulse (India),Operational,True,60.0,3,True,2025-02-13T16:31:00Z,2025-02-18T09:15:00Z
308800,Orion Mall Outside,13.009553121997012,77.55461112998876,Bengaluru,Karnataka,560055,Zeon Charging,Operational,True,30.0,4,True,2025-02-13T16:28:00Z,2025-04-14T16:57:00Z
308799,"Prerana Motors, Rajaji Nagar",12.99935,77.54971,Bengaluru,Karnataka,560079,Tata Power,Operational,True,25.0,2,True,2025-02-13T16:24:00Z,2025-02-18T09:18:00Z
308798,Taj Yeshwantpur,13.028822486015997,77.54032150168894,Bengaluru,Karnataka,560022,Tata Power,Operational,True,30.0,2,True,2025-02-13T16:20:00Z,2025-03-16T13:31:00Z
308795,IKEA Bengaluru,13.04917,77.49967,Bengaluru,Karnataka,560073,Zeon Charging,Operational,True,7.2,3,False,2025-02-13T16:05:00Z,2025-02-18T09:13:00Z
308792,SS CoCo Nest Luxury Service Apartments,13.31559,75.79555,Chikkamagaluru,Karnataka,577102,Zeon Charging,Operational,True,7.4,2,False,2025-02-13T16:00:00Z,2025-02-18T09:13:00Z
308791,"Sree Auto, Tiptur",13.26252,76.49317,Tiptur,Karnataka,572201,Tata Power,Operational,True,30.0,1,True,2025-02-13T15:57:00Z,2025-02-18T09:12:00Z
308790,KTC Hotel,13.31672,76.68119,Rajathadripura,Karnataka,572114,Zeon Charging,Operational,True,60.0,2,True,2025-02-13T15:54:00Z,2025-02-18T09:12:00Z
308783,Paakashala @ TBegur,13.15172,77.33795,TBegur,Karnataka ,562123,Zeon Charging,Operational,True,200.0,4,True,2025-02-12T15:15:00Z,2025-03-04T03:29:00Z
308782,Saviruchi Veg,12.38494,77.05314,Malavalli,Karnataka,571430,Statiq (IN),Operational,True,30.0,1,True,2025-02-12T14:51:00Z,2025-03-04T03:29:00Z
308781,The Rove Kodagu,12.30143,75.67671,Napoklu,Karnataka,571214,JIO BP Pulse (India),Operational,True,60.0,2,True,2025-02-12T14:47:00Z,2025-03-04T03:29:00Z
308780,Ambatty Greens Resort,12.18228,75.828,Virajpet,Karnataka,571213,Tata Power,Operational,True,25.0,3,True,2025-02-12T14:44:00Z,2025-03-04T03:29:00Z
308779,Kodagu Planter's Club,12.18078,75.91345,Gonikoppa,Karnataka,571213,JIO BP Pulse (India),Operational,True,60.0,2,True,2025-02-12T14:38:00Z,2025-03-04T03:29:00Z
308778,Taj Madikeri Resort & Spa,12.44606,75.68499,Madikeri,Karnataka,571201,Tata Power,Operational,True,30.0,1,True,2025-02-12T14:34:00Z,2025-03-04T03:29:00Z
308777,Church Side Bar & Restuarant,12.41887,75.74048,Madikeri,Karnataka,571201,Tata Power,Operational,True,25.0,2,True,2025-02-12T14:22:00Z,2025-03-04T03:29:00Z
308776,Tata Motors - URS KAR,12.44616,75.93032,Guddehosuru,Karnataka,571234,Zeon Charging,Operational,True,60.0,2,True,2025-02-12T14:19:00Z,2025-03-04T03:29:00Z
308775,Purple Palms Resort & Spa,12.44734,75.93211,Kushalnagar,Karnataka,571234,Zeon Charging,Operational,True,24.0,1,True,2025-02-12T14:15:00Z,2025-03-04T03:29:00Z
308774,Siri Ambari Resorts and Spa,12.40038,76.01705,Manchadevanahalli,Karnataka ,571107,Statiq (IN),Operational,True,60.0,2,True,2025-02-12T14:10:00Z,2025-03-04T03:29:00Z
308773,Hotel Four Seasons,12.38309,76.03155,Kundanahalli,Karnataka,571107,Statiq (IN),Operational,True,60.0,2,True,2025-02-12T14:07:00Z,2025-03-04T03:29:00Z
308763,Udupi Utsav,12.50535,76.83215,Sundahalli,Karnataka,571402,Tata Power,Operational,True,60.0,2,True,2025-02-11T17:21:00Z,2025-03-04T03:29:00Z
308762,Siri Restaurant,12.639274,77.139907,Mathikere,Karnataka,562160,Chargezone (India),Operational,True,60.0,2,True,2025-02-11T17:18:00Z,2025-03-04T03:29:00Z
308761,Hotel Indradhanush,12.6396,77.14106,Channapatna,Karnataka,562160,Statiq (IN),Operational,True,60.0,2,True,2025-02-11T17:15:00Z,2025-03-04T03:29:00Z
308760,Shivalli Chowki Restaurant,12.63923,77.14023,Channapatna,Karnataka,562160,Zeon Charging,Operational,True,30.0,2,True,2025-02-11T17:11:00Z,2025-03-04T03:29:00Z
308759,SM Infra Foods,12.64316,77.15675,Channapatna,Karnataka,562160,Zeon Charging,Operational,True,60.0,4,True,2025-02-11T17:09:00Z,2025-03-04T03:29:00Z
308758,KEVAL Charging Station,13.0001,77.52435,Bengaluru,Karnataka,560058,Chargezone (India),Operational,True,25.0,2,True,2025-02-11T17:00:00Z,2025-03-04T03:29:00Z
308757,Renaissance Bengaluru Race Course Hotel,12.98439,77.57639,Bengaluru,Karnataka,560001,Chargezone (India),Operational,True,60.0,2,True,2025-02-11T16:52:00Z,2025-03-04T03:29:00Z
308734,Shell Recharge Yeshwantpur,13.02499,77.54759,Bengaluru,Karnataka,560022,Shell Recharge (IN),Operational,True,120.0,5,True,2025-02-09T15:22:00Z,2025-02-18T15:45:00Z
308733,VST Central KIA,13.05335,77.50798,Bengaluru,Karnataka,560057,Tata Power,Operational,True,150.0,1,True,2025-02-09T15:14:00Z,2025-02-17T16:58:00Z
308732,Jio BP Pulse,12.98931,77.50062,Bengaluru,Karnataka,560091,JIO BP Pulse (India),Operational,True,60.0,2,True,2025-02-09T15:10:00Z,2025-03-04T03:29:00Z
308731,Shell Recharge Mysore Road,12.94696,77.53247,Bengaluru,Karnataka,560026,Shell Recharge (IN),Operational,True,120.0,5,True,2025-02-09T15:03:00Z,2025-02-18T12:09:00Z
308730,Gateway by Taj,13.33696,75.81749,Chikkamagaluru,Karnataka,577102,Tata Power,Operational,True,25.0,2,True,2025-02-09T14:48:00Z,2025-02-17T16:58:00Z
308729,Grower's Cafe,13.10898,75.74099,Cheekanahalli,Karnataka,573115,Tata Power,Operational,True,30.0,1,True,2025-02-09T14:41:00Z,2025-02-17T16:58:00Z
308728,Audi Service Center,15.36121,73.95358,Verna,Goa,403722,Statiq (IN),Operational,True,60.0,2,True,2025-02-09T14:35:00Z,2025-02-17T16:58:00Z
308727,1930 Vasco Mall,15.39724,73.81304,Vasco Da Gama,Goa,403802,JIO BP Pulse (India),Operational,True,60.0,2,True,2025-02-09T14:30:00Z,2025-02-17T16:57:00Z
308726,Magsons Supermarket,15.38793,73.86319,Vasco Da Gama,Goa,403726,Tata Power,Operational,True,30.0,1,True,2025-02-09T14:25:00Z,2025-03-04T03:29:00Z
308725,Royal Orchid Beach Resort & Spa,15.3203,73.90176,Utorda,Goa,403713,JIO BP Pulse (India),Operational,True,60.0,2,True,2025-02-09T14:21:00Z,2025-02-17T16:58:00Z
308724,Fortune Resort Benaulim,15.24629,73.92976,Benaulim,Goa,403716,Chargezone (India),Operational,True,30.0,1,True,2025-02-09T14:15:00Z,2025-02-17T16:58:00Z
308723,The St. Regis Resort,15.154127161534504,73.95117826325884,Cavelossim,Goa,403731,Chargezone (India),Operational,True,60.0,2,True,2025-02-09T14:13:00Z,2025-02-17T16:58:00Z
308722,Hotel Elite,12.3459,76.43309,Mallinathapura,Karnataka,571103,Statiq (IN),Operational,True,60.0,2,True,2025-02-09T14:07:00Z,2025-04-01T04:26:00Z
308721,Hotel Ankola International,14.666674181461351,74.31221186621315,Ankola,Karnataka,581314,JIO BP Pulse (India),Not Operational,False,60.0,2,True,2025-02-09T13:59:00Z,2025-02-17T16:58:00Z
308719,Hotel Sagar Residency,14.2900734432765,74.46279472020032,Honnavar,Karnataka,581334,JIO BP Pulse (India),Operational,True,60.0,2,True,2025-02-09T13:54:00Z,2025-02-18T09:19:00Z
308716,Shrreyas Inn Hemmadi,13.632720837253624,74.70046050035235,Kundapura,Karnataka,576201,JIO BP Pulse (India),Operational,True,60.0,2,True,2025-02-09T13:49:00Z,2025-02-17T16:58:00Z
308715,Manipal INN,13.350363225074076,74.73695857255427,Udupi,Karnataka,576103,Zeon Charging,Operational,True,60.0,2,True,2025-02-09T13:44:00Z,2025-02-11T08:58:00Z
308714,Hotel K1,13.225673750593353,74.74862369692522,Kaup,Karnataka,574106,JIO BP Pulse (India),Operational,True,60.0,2,True,2025-02-09T13:38:00Z,2025-03-04T03:29:00Z
308713,Ayodhya pure veg,13.194584393803014,74.99894608465658,Karkala,Karnataka,574104,ChargeMod (IN),Operational,True,30.0,1,True,2025-02-09T13:34:00Z,2025-03-04T03:29:00Z
308711,Hotel Birwa Nelyadi,12.833853664571109,75.41335464288888,Nelyadi,Karnataka,574229,Tata Power,Operational,True,60.0,2,True,2025-02-09T13:26:00Z,2025-03-04T03:29:00Z
308708,Hotel Aditya View,12.931223185124566,75.40710480328991,Nidle,Karnataka, 574216,Zeon Charging,Operational,True,24.0,2,True,2025-02-09T13:17:00Z,2025-02-17T16:58:00Z
308679,Kengeri Charging Hub,12.9055171580421,77.47375007379192,Bengaluru,Karnataka,560060,Zeon Charging,Operational,True,75.0,4,True,2025-02-07T16:46:00Z,2025-07-24T04:57:00Z
308678,Akshaya Motors Mercedes-Benz,12.923963230811792,77.49720824597415,Bengaluru,Karnataka,560059,Chargezone (India),Operational,True,90.0,2,True,2025-02-07T16:42:00Z,2025-02-10T16:44:00Z
308663,MEI EV charging hub,13.026816255694186,77.54261284631212,Bengaluru,Karnataka,560022,Statiq (IN),Operational,True,30.0,2,True,2025-02-06T14:56:00Z,2025-02-09T15:17:00Z
308662,Shell Recharge Tumkur Road,13.046725564235746,77.50216038004966,Bengaluru,Karnataka,560073,Shell Recharge (IN),Operational,True,120.0,2,True,2025-02-06T14:47:00Z,2025-02-18T15:45:00Z
308661,Jio BP Nelamangala,13.086525423479687,77.4084730159021,Arasinakunte,Karnataka,562123,JIO BP Pulse (India),Operational,True,60.0,2,True,2025-02-06T14:43:00Z,2025-02-18T15:45:00Z
308660,Hana Impireal 75 Restaurant,13.033112569385736,77.08714465130379,Kunigal,Karnataka,562131,Chargezone (India),Operational,True,30.0,2,True,2025-02-06T14:26:00Z,2025-02-17T16:58:00Z
308659,Hotel Empire Kunigal,12.997770548337403,76.92416917632683,Kunigal,Karnataka,572130,Statiq (IN),Operational,True,120.0,2,True,2025-02-06T14:21:00Z,2025-02-17T16:58:00Z
308658,Paakashala @ Yediyur,12.990239909344549,76.88182264788712,Kunigal,Karnataka,572142,Zeon Charging,Operational,True,60.0,4,True,2025-02-06T14:17:00Z,2025-02-17T16:58:00Z
308657,Hotel Mayur Veg,12.98803757488833,76.87464619838323,Kunigal,Karnataka ,572142,Zeon Charging,Operational,True,24.0,1,True,2025-02-06T14:11:00Z,2025-02-17T16:58:00Z
308656,Dharnika Comforts Bar & Family Restaurant ,12.987620883287613,76.873329144128,Yediyuru,Karnataka,572142,Statiq (IN),Operational,True,60.0,2,True,2025-02-06T14:07:00Z,2025-02-24T10:37:00Z
308655,Hotel Vaishali,12.976021474368096,76.82832026830147,Yediyur,Karnataka,571432,Tata Power,Operational,True,25.0,2,True,2025-02-06T14:01:00Z,2025-02-17T16:58:00Z
308650,Mtr 1924,12.970104275015245,76.80168579999895,Nagamangala,Karnataka,571418,Chargezone (India),Operational,True,150.0,3,True,2025-02-06T07:51:00Z,2025-02-24T10:37:00Z
308649,Hotel Harsha Grand,12.966355400528546,76.78837257783798,Nagamangala,Karnataka,571432,Statiq (IN),Operational,True,60.0,6,True,2025-02-06T07:43:00Z,2025-02-17T16:58:00Z
308648,Cafe Coffee Day,12.962379884986415,76.74911922512898,Bellur,Karnataka,571418,Statiq (IN),Operational,True,50.0,2,True,2025-02-06T07:27:00Z,2025-02-09T07:29:00Z
308647,"Auto Matrix, Tata Motors",12.995358325658975,76.07977485619126,Hassan,Karnataka,573201,Tata Power,Operational,True,30.0,1,True,2025-02-06T07:12:00Z,2025-02-09T07:14:00Z
308646,Surabhi's Delicacy,12.956011770294046,75.85031771427055,Bage,Karnataka,573214,Tata Power,Operational,True,25.0,2,True,2025-02-06T04:51:00Z,2025-02-09T04:54:00Z
308645,Hotel Shiv Surya,12.956363120603813,75.91730927494099,Heddurga,Karnataka,573214,Statiq (IN),Operational,True,120.0,2,True,2025-02-06T04:47:00Z,2025-02-09T04:49:00Z
308644,Hotel Samrat Grand,12.92895876513468,75.76483175276223,Sakleshpura,,573134,Zeon Charging,Operational,True,24.0,1,True,2025-02-06T04:39:00Z,2025-02-09T04:44:00Z
308643,Hotel Sky Birds,12.986921625224198,76.20598917155826,Ranganathapura,Karnataka,573220,Zeon Charging,Operational,True,200.0,8,True,2025-02-06T04:31:00Z,2025-02-09T04:34:00Z
308366,Aryaas Pure Veg,12.90702,78.9619,,Tamil Nadu,635809,Zeon Charging,Operational,True,50.0,3,True,2025-01-25T04:25:00Z,2025-04-08T16:42:00Z
308365,Cafe Coffee Day,12.888168188363297,78.87963197158584,Chennai,Tamil Nadu,635804,Chargezone (India),Operational,True,360.0,5,True,2025-01-25T04:12:00Z,2025-02-09T14:34:00Z
308058,Vijaya Power Charging Station 60 + 60 kW,18.157327156410943,73.960178446226,Shirwal,Maharashtra ,412801,Vijaya Power (IN),Operational,True,120.0,4,True,2025-01-19T03:22:00Z,2025-01-23T07:44:00Z
308057,Hotel Madhuban EV Charging Station ,16.00265709948775,74.04357546588653,Amboli,Maharashtra ,416510,Vijaya Power (IN),Operational,True,60.0,1,True,2025-01-19T03:15:00Z,2025-01-23T07:44:00Z
308043,Vikaya Power Solutions ,18.27204627500295,73.85327216027895,Shirwal,Maharashtra ,412801,(Unknown Operator),Operational,True,60.0,1,True,2025-01-18T13:06:00Z,2025-01-23T07:44:00Z
308042,Hotel Madhuban EV Charging Station ,16.00262179191823,74.04349269609781,Amboli,Maharashtra ,416510,(Unknown Operator),Operational,True,60.0,1,False,2025-01-18T13:04:00Z,2025-01-22T10:44:00Z
307912,Vijata Power Charging Station 60 kW ,16.78233409758907,74.27818103643983,Toap ,Maharashtra ,416114,Vijaya Power (IN),Operational,True,60.0,1,True,2025-01-14T03:18:00Z,2025-01-20T16:05:00Z
307911,Vijaya Power Charging Station 60 Kw + 30 Kw,16.70336850326356,74.25045696673965,Kolhapur ,Maharashtra ,416003,Vijaya Power (IN),Operational,True,60.0,2,True,2025-01-14T03:15:00Z,2025-01-23T07:44:00Z
307481,Powerbank Charging Station,30.702540312547555,76.72955327773525,Chandigarh,Punjab ,160062,Powerbank (IN),Operational,True,50.0,2,True,2024-12-27T14:45:00Z,2025-04-01T09:08:00Z
307480,Tata Power Charging Station,30.700399719540314,76.78958546140177,Chandigarh,Haryana ,160002,Tata Power,Operational,True,50.0,2,True,2024-12-27T14:37:00Z,2025-01-23T07:49:00Z
307469,Hotel Golden hut,29.94598010805896,76.89940448453899,Kurukshetra,Haryana ,136131,Chargezone (India),Operational,True,150.0,3,True,2024-12-27T02:26:00Z,2025-01-23T07:49:00Z
307468,"Golden Hut, Dera Bassi",30.544472740517435,76.82153643075878,Gholu Majra,Punjab ,140507,Chargezone (India),Operational,True,30.0,2,True,2024-12-27T02:13:00Z,2025-01-23T07:49:00Z
307467,The Gillz-Hotel & Restaurant,30.282709190634762,77.0127542970456,Ambala,Haryana ,134203,Chargezone (India),Operational,True,30.0,2,True,2024-12-27T02:04:00Z,2025-01-23T07:49:00Z
307466,BHEL Charging Station,29.975157543755643,76.89180888505803,Kurukshetra,Haryana ,136118,BHEL (IN),Operational,True,50.0,4,True,2024-12-27T01:51:00Z,2025-01-23T07:49:00Z
307465,Haryana Tourism Resort,29.745072848862634,76.97268654292156,Uchana,Haryana ,132116,BHEL (IN),Operational,True,50.0,2,True,2024-12-27T01:41:00Z,2025-01-23T07:49:00Z
307464,Statiq Charging Station,29.726906451979474,76.97863197299682,Karnal,Haryana ,132001,Statiq (IN),Operational,True,30.0,1,True,2024-12-27T01:33:00Z,2025-01-23T07:49:00Z
307463,Tata Power Charging Station,29.157943138865306,77.03586564376201,Sonipat,Haryana ,131101,Tata Power,Operational,True,25.0,1,True,2024-12-27T01:21:00Z,2025-01-23T07:49:00Z
307462,Tata Power Charging Station,29.004736226674396,77.03264404293509,Sonipat,Haryana ,131001,Tata Power,Operational,True,25.0,2,True,2024-12-27T01:16:00Z,2025-01-23T07:49:00Z
307460,Anantam Clubs & Resorts,23.338355438219764,72.70008026097105,Gandhinagar,Gujarat,382610,Chargezone (India),Operational,True,30.0,2,True,2024-12-26T16:32:00Z,2025-01-23T07:49:00Z
307459,"Laxura Restaurant, Banquet & Rooms",23.42888479352183,72.39415885013261,Mandali,Gujarat,382732,Chargezone (India),Operational,True,30.0,2,True,2024-12-26T16:22:00Z,2025-01-23T07:49:00Z
307458,Tectonic Power Charging Station,23.44652295440467,72.39375007283695,Baliyasan,Gujarat,382732,,Operational,True,30.0,2,True,2024-12-26T16:15:00Z,2025-01-23T07:49:00Z
307457,Kesar Hotel & Restaurant,23.091109433821416,72.03001388889709,Viramgam,Gujarat,382150,Chargezone (India),Operational,True,30.0,2,True,2024-12-26T16:04:00Z,2025-01-23T07:49:00Z
307456,Hotel Decent,23.751380803051447,72.3669715507989,Unava,Gujarat,384160,Chargezone (India),Operational,True,30.0,2,True,2024-12-26T15:54:00Z,2025-01-23T07:49:00Z
307455,HOTEL LAGOON PARK,24.065470633155627,72.39331223471561,Palanpur,Gujarat,385520,Chargezone (India),Operational,True,30.0,2,True,2024-12-26T15:46:00Z,2025-01-23T07:49:00Z
307454,Ramee Royal Resort & Spa,24.49438992248743,73.65647369621934,Udaipur,Rajasthan ,313002,Chargezone (India),Operational,True,30.0,4,True,2024-12-26T15:36:00Z,2025-01-23T07:49:00Z
307453,Hotel Raj Palace,24.591189874289228,74.69685913875196,Nimbahera,Rajasthan ,312601,Chargezone (India),Operational,True,30.0,2,True,2024-12-26T15:26:00Z,2025-01-23T07:49:00Z
307452,Chitrakoot Resorts and Restaurant,24.834306274348634,74.56974239797614,Chittorgarh,Rajasthan ,312001,Chargezone (India),Operational,True,30.0,4,True,2024-12-26T15:22:00Z,2025-01-23T07:49:00Z
307382,Tata Power Charging Station,26.426092708593004,74.68143813174765,Ajmer,Rajasthan ,305025,Tata Power,Operational,True,50.0,2,True,2024-12-23T12:29:00Z,2025-01-23T07:49:00Z
307381,Xobolt Charging Station,26.59302924560663,74.9270945358154,Tolamal,Rajasthan ,305801,Xobolt (IN),Operational,True,30.0,2,True,2024-12-23T12:23:00Z,2025-01-23T07:49:00Z
307380,Volttic Charging Station,26.746036944331507,75.32142486724729,Mozamabad,Rajasthan ,303009,Volttic (IN),Operational,True,30.0,2,True,2024-12-23T12:19:00Z,2025-01-23T07:49:00Z
307379,Statiq Charging Station,26.807014914448104,75.6426501962062,Jaipur,Rajasthan ,302037,Statiq (IN),Operational,True,30.0,4,True,2024-12-23T12:15:00Z,2025-01-23T07:49:00Z
307378,Xobolt Charging Station,25.160056858780635,75.8817631296132,Thegda,Rajasthan ,325201,Xobolt (IN),Operational,True,30.0,2,True,2024-12-23T12:09:00Z,2025-01-23T07:49:00Z
307376,Statiq Charging Station,25.147720402033542,75.32436697656817,Bijolia,Rajasthan ,311602,Statiq (IN),Operational,True,30.0,2,True,2024-12-23T11:35:00Z,2025-01-23T07:49:00Z
307296,Tata Power Vehicle Charging Station,25.932108425803833,72.22682392023125,Sambhra,Rajasthan ,344032,Tata Power,Operational,True,30.0,2,True,2024-12-20T16:29:00Z,2025-01-23T07:49:00Z
307295,Xobolt Charging Station,26.261765442877945,73.00007960825451,Jodhpur,Rajasthan ,342001,,Operational,True,30.0,2,True,2024-12-20T16:09:00Z,2025-01-23T07:49:00Z
307294,Statiq Charging Station,26.317608406486926,72.8685610073752,Jodhpur,Rajasthan ,342001,Statiq (IN),Operational,True,30.0,1,True,2024-12-20T16:03:00Z,2025-01-23T07:49:00Z
307293,Xobolt Charging Station,27.66703607364714,73.3682070115093,Bhamatsar,Rajasthan ,334801,,Operational,True,30.0,2,True,2024-12-20T15:52:00Z,2025-01-23T07:49:00Z
307292,Jio-BP pulse,28.026865089968226,73.26409414813043,Bikaner,Rajasthan ,334804,JIO BP Pulse (India),Operational,True,30.0,2,True,2024-12-20T15:46:00Z,2025-01-23T07:49:00Z
307291,Tata Power Charging Station,28.056081181508546,74.60426740521302,Ratangarh,Rajasthan ,331022,Tata Power,Operational,True,30.0,2,True,2024-12-20T15:39:00Z,2025-01-23T07:49:00Z
307290,Xobolt Charging Station,27.679819354023834,75.09126198462002,Jaipur,Rajasthan ,332315,,Operational,True,30.0,2,True,2024-12-20T15:29:00Z,2025-01-23T07:49:00Z
307289,eDRIVE Charging Station,27.86220684239082,76.12080241555566,Haryana ,,123023,,Operational,True,30.0,1,True,2024-12-20T15:20:00Z,2025-01-23T07:49:00Z
307288,GLIDA Charging Station,27.978348871208837,76.40048625643271,Neemrana,Rajasthan ,301705,,Operational,True,30.0,2,True,2024-12-20T15:12:00Z,2025-01-23T07:49:00Z
307286,Statiq Charging Station,27.359134549100673,75.58965654877659,Dheerajpura,,332404,Statiq (IN),Operational,True,30.0,2,True,2024-12-20T14:58:00Z,2025-01-23T07:49:00Z
307284,Xobolt Charging Station,27.34580386334075,75.60212199955231,Parasrampura,Rajasthan ,332404,,Operational,True,30.0,2,True,2024-12-20T14:52:00Z,2025-01-23T07:49:00Z
307283,AARGO EV Charging Station,27.34229196424971,75.60268350952094,Reengus,Rajasthan ,332404,,Operational,True,25.0,1,True,2024-12-20T14:48:00Z,2025-01-23T07:49:00Z
307282,Statiq Charging Station,27.488589068869302,76.05286559100546,Shahpura,Rajasthan ,303119,Statiq (IN),Operational,True,30.0,2,True,2024-12-20T14:40:00Z,2025-01-23T07:49:00Z
307281,Volttic Charging Station,27.287327648985737,76.7732319452175,Jodhpura,Rajasthan ,301413,(Unknown Operator),Operational,True,60.0,2,True,2024-12-20T14:33:00Z,2026-01-20T02:41:00Z
307151,"MobiLane Charging Station, Jamanagar",22.437681215334734,69.96337421027647,Vasai,Gujarat,361325,,Operational,True,40.0,2,True,2024-12-17T16:56:00Z,2025-01-23T07:54:00Z
307150,MobiLane Charging Station,23.654372067989897,73.31678698527378,Samalaji,Gujarat,383355,,Operational,True,40.0,2,True,2024-12-17T16:51:00Z,2025-01-23T07:54:00Z
307149,Statiq Charging Station,24.594579460875863,73.76870844314362,Udaipur,Rajasthan ,313003,Statiq (IN),Operational,True,30.0,1,True,2024-12-17T16:40:00Z,2025-01-23T07:54:00Z
307148,Tata Power Charging Station,24.612250005902666,74.07281591552953,Vallabhnagar,Rajasthan ,313601,Tata Power,Operational,True,30.0,1,True,2024-12-17T16:35:00Z,2025-01-23T07:54:00Z
307147,NEEL-GAGAN PUNJABI DHABA,23.931900176651595,73.5685552796017,Shishod,Rajasthan ,314804,Chargezone (India),Operational,True,30.0,2,True,2024-12-17T14:41:00Z,2025-01-23T07:54:00Z
307146,Hotel Atithi Palace,23.95904257704018,73.58165668548952,Badla,Rajasthan ,314011,Chargezone (India),Operational,True,30.0,2,True,2024-12-17T14:33:00Z,2025-01-23T07:54:00Z
307145,Hotel Green Plaza,25.152314086848122,74.62321291254148,Hamirgarh,Rajasthan ,311025,Chargezone (India),Operational,True,30.0,2,True,2024-12-17T14:24:00Z,2025-01-23T07:54:00Z
307144,HFM - Highway Food Mall,22.56718089038999,71.77418877290575,Limbdi,Gujarat,363421,Chargezone (India),Operational,True,30.0,2,True,2024-12-17T14:17:00Z,2025-01-23T07:54:00Z
307143,Honest Restaurant- Amardeep food court,23.006252965087157,71.08590884054081,Kedariya,Gujarat,363351,Chargezone (India),Operational,True,30.0,2,True,2024-12-17T14:09:00Z,2025-01-23T07:54:00Z
307141,Hotel Choudhary Place,24.757758927696145,73.01997678514408,Pindwara,Rajasthan ,307022,Chargezone (India),Operational,True,30.0,2,True,2024-12-17T13:55:00Z,2025-01-23T07:54:00Z
307140,Hotel Tiranga,25.77983333524196,74.62386820407255,Roopaheli,Rajasthan ,311021,Chargezone (India),Operational,True,30.0,2,True,2024-12-17T13:39:00Z,2025-01-23T07:54:00Z
307139,Novotel Jaipur Convention Centre,26.781055656145412,75.82683190631099,Jaipur,Rajasthan ,302022,Chargezone (India),Operational,True,30.0,2,True,2024-12-17T13:31:00Z,2025-01-23T07:54:00Z
307137,Jaipur Marriott Hotel,26.84202738178776,75.79630011082236,Jaipur,Rajasthan ,302015,Chargezone (India),Operational,True,30.0,2,True,2024-12-17T12:12:00Z,2025-01-23T07:54:00Z
307136,JCR - The Entertainment World,22.445354501742827,70.11665544824245,Jamnagar,Gujarat,361120,Chargezone (India),Operational,True,30.0,2,True,2024-12-17T12:06:00Z,2025-01-23T07:54:00Z
307135,Hotel Express Highway,27.857416853529486,76.26572512526513,Behror,Rajasthan ,301701,Chargezone (India),Operational,True,30.0,2,True,2024-12-17T12:01:00Z,2025-01-23T07:54:00Z
307134,"Hotel Highway Express, Delhi Side",27.874214065578784,76.27630696056292,Behror,Rajasthan ,301701,Chargezone (India),Operational,True,30.0,2,True,2024-12-17T11:58:00Z,2025-01-23T07:54:00Z
307133,Courtyard by Marriott Aravali Resort,28.371639714661967,77.21052937134061,Faridabad,Haryana ,121001,Chargezone (India),Operational,True,30.0,2,True,2024-12-17T11:39:00Z,2025-01-23T07:54:00Z
307132,The Westin Sohna Resort and Spa,28.237237961267226,77.1503866624762,Sohna,Haryana ,122103,Chargezone (India),Operational,True,30.0,2,True,2024-12-17T11:31:00Z,2025-01-23T07:54:00Z
307131,Fortune Park Orange,28.249526490822745,76.81701147473859,Gurugram,Haryana,122413,Chargezone (India),Operational,True,30.0,2,True,2024-12-17T11:24:00Z,2025-01-23T07:54:00Z
307111,Sarhol Charging Hub,28.487569787312736,77.07332084916482,,Haryana ,122001,Chargezone (India),Operational,True,30.0,6,True,2024-12-16T17:29:00Z,2025-01-23T07:54:00Z
307110,Le Meridien,28.480171554411314,77.108377979588,Gurgaon,Haryana,122002,Chargezone (India),Operational,True,30.0,2,True,2024-12-16T17:16:00Z,2025-01-23T07:54:00Z
307109,Courtyard by Marriott,28.460598168650066,77.08066395788569,Gurgaon,Haryana,122002,Chargezone (India),Operational,True,30.0,2,True,2024-12-16T17:12:00Z,2025-01-23T07:54:00Z
307108,Hotel Westinn,28.476847227732307,77.07067560452117,Gurgaon,Haryana,122002,Chargezone (India),Operational,True,30.0,2,True,2024-12-16T17:07:00Z,2025-01-23T07:54:00Z
307107,Hotel Pullman,28.55336145830492,77.12361595842049,New Delhi,Delhi,110037,Chargezone (India),Operational,True,30.0,2,True,2024-12-16T16:53:00Z,2025-01-23T07:54:00Z
307106,Le Méridien,28.618401012446768,77.21783619594248,New Delhi,Delhi,110001,Chargezone (India),Operational,True,30.0,2,True,2024-12-16T16:40:00Z,2025-01-23T07:54:00Z
307105,"Mercedes Benz Silver Arrows, Noida",28.596229451349316,77.33062463881606,Noida,Uttar Pradesh,201301,Chargezone (India),Operational,True,90.0,1,True,2024-12-16T15:50:00Z,2025-01-23T07:54:00Z
307102,Andheri West,19.1166,72.82927,Mumbai,Maharashtra,400057,(Unknown Operator),Operational,True,120.0,2,True,2024-12-16T14:21:00Z,2025-03-10T14:49:00Z
307035,Statiq Charging Station,28.544769248096046,77.18614532390507,New Delhi,Delhi,110016,Statiq (IN),Operational,True,60.0,2,True,2024-12-14T22:45:00Z,2025-01-23T07:54:00Z
307034,Statiq Charging Station,28.51319677910506,77.18607061379248,,Delhi,110016,Statiq (IN),Operational,True,60.0,1,True,2024-12-14T22:38:00Z,2025-01-23T07:54:00Z
307033,Statiq Charging Station,28.561322292839435,77.2696681570884,New Delhi,Delhi ,110025,Statiq (IN),Operational,True,60.0,2,True,2024-12-14T22:30:00Z,2025-01-23T07:54:00Z
307032,Statiq Charging Station,28.45909303657504,77.3063966954278,Faridabad,Haryana ,121003,Statiq (IN),Operational,True,60.0,2,True,2024-12-14T22:25:00Z,2025-01-23T07:54:00Z
307031,Statiq Charging Station,28.51873185562343,77.29479543197851,"Badarpur, New Delhi",Delhi,110044,Statiq (IN),Operational,True,60.0,2,True,2024-12-14T22:19:00Z,2025-01-23T07:54:00Z
307030,Savoy Suites Charging Station,28.464612993216704,77.50846718859088,Noida,Uttar Pradesh,201310,Statiq (IN),Operational,True,120.0,2,True,2024-12-14T22:14:00Z,2025-01-23T07:54:00Z
307029,MLCP Zone3 Captive Charging Station,28.56991650768512,77.32208501201194,Noida,Uttar Pradesh,201301,(Unknown Operator),Operational,True,120.0,2,True,2024-12-14T22:02:00Z,2025-01-23T07:54:00Z
307028,Berger Tower Charging Station,28.5745444478665,77.3134826809137,Noida,Uttar Pradesh,201301,Statiq (IN),Operational,True,120.0,2,True,2024-12-14T21:56:00Z,2025-01-23T07:54:00Z
307027,EESL Charging Station ,28.58796762381138,77.35208697620214,Noida,Uttar Pradesh,201301,EESL (IN),Operational,True,22.0,1,False,2024-12-14T21:40:00Z,2025-01-23T07:54:00Z
306986,EESL Charging Station ,28.583694883108265,77.22222640417203,,Delhi,110003,EESL (IN),Operational,True,15.0,1,False,2024-12-13T16:25:00Z,2025-01-23T07:54:00Z
306985,EESL Charging Station ,28.633916381579937,77.21759418912825,,Delhi,110001,EESL (IN),Operational,True,15.0,1,False,2024-12-13T16:19:00Z,2025-01-23T07:54:00Z
306984,EESL Charging Station ,28.631607433900697,77.2219265686017,,Delhi,110001,EESL (IN),Operational,True,15.0,1,False,2024-12-13T16:16:00Z,2025-01-23T07:54:00Z
306983,EESL Charging Station ,28.633589917686507,77.2235540442191,,Delhi ,110001,EESL (IN),Operational,True,15.0,1,False,2024-12-13T16:13:00Z,2025-01-23T07:54:00Z
306982,EESL Charging Station ,28.634996929264886,77.21967228284348,,Delhi,110001,EESL (IN),Operational,True,15.0,1,False,2024-12-13T16:09:00Z,2025-01-23T07:54:00Z
306981,EESL Charging Station ,28.601894306456046,77.18621160709097,,Delhi,110021,EESL (IN),Operational,True,15.0,1,False,2024-12-13T16:05:00Z,2025-01-23T07:54:00Z
306980,GTB Nagar Metro Station Parking,28.699035764255783,77.20399239975757,,Delhi,110009,JIO BP Pulse (India),Operational,True,60.0,2,True,2024-12-13T16:00:00Z,2025-05-01T09:59:00Z
306979,Hans Resorts,28.125636634536335,76.63806418146169,Rewari,Haryana ,123401,Statiq (IN),Operational,True,60.0,1,True,2024-12-13T15:49:00Z,2025-01-23T07:54:00Z
306978,Subway,28.201921293010187,76.80953730765009,Bhiwadi,Rajasthan ,123106,Statiq (IN),Operational,True,60.0,1,True,2024-12-13T15:44:00Z,2025-01-23T07:54:00Z
306977,Bikanerwala,28.323267826982118,76.90113916868142,Gurugram,Haryana ,122001,Tata Power,Operational,True,30.0,1,True,2024-12-13T15:40:00Z,2025-01-23T07:54:00Z
306976,Krishna Valley Vrindavan,27.57529195154285,77.61453111592505,,Uttar Pradesh,281406,,Operational,True,7.0,1,False,2024-12-13T15:20:00Z,2025-01-23T07:54:00Z
306975,Kosi Gulshan Dhaba,27.829224383124156,77.42106579590018,,Uttar Pradesh,281403,Statiq (IN),Operational,True,30.0,1,True,2024-12-13T15:12:00Z,2025-01-23T07:54:00Z
306974,Haldiram,27.824117649824004,77.42561288952334,,Uttar Pradesh,281403,,Operational,True,25.0,1,True,2024-12-13T15:09:00Z,2025-01-23T07:54:00Z
306973,Asli Pappu Dhaba (2),27.8239739802016,77.42520025285648,,Uttar Pradesh,281403,Statiq (IN),Operational,True,60.0,2,True,2024-12-13T15:05:00Z,2025-01-23T07:54:00Z
306972,Asli Pappu Dhaba,27.816316212144997,77.42763146414052,,Uttar Pradesh,281403,,Operational,True,24.0,1,True,2024-12-13T15:02:00Z,2025-01-23T07:54:00Z
306971,Golden Galaxy Hotels & Resorts,28.289400191910403,77.29664110996032,,Haryana ,121004,,Operational,True,50.0,1,True,2024-12-13T14:51:00Z,2025-01-23T07:54:00Z
306970,Powerbank Ghitorni Metro Station Parking Area,28.492717258554805,77.14844072914548,,Delhi ,110030,,Operational,True,25.0,1,True,2024-12-13T14:43:00Z,2025-01-23T07:54:00Z
306969,Qutab Minar Metro Station,28.51413815545962,77.18681117158155,,Delhi ,110016,,Operational,True,7.0,4,False,2024-12-13T14:14:00Z,2025-01-23T07:54:00Z
306968,ITC Maurya,28.597342023009503,77.17318309763425,,Delhi,110021,Sunfuel Electric (IN),Operational,True,7.0,1,False,2024-12-13T14:08:00Z,2025-01-23T07:54:00Z
306967,EESL Charging Station ,28.60069401609546,77.22615763260933,,Delhi,110003,EESL (IN),Operational,True,22.0,1,False,2024-12-13T13:24:00Z,2025-01-23T07:54:00Z
306953,TML Autovikas,28.362859930602966,77.31481074746614,Faridabad,Haryana ,121001,Tata Power,Operational,True,30.0,1,True,2024-12-11T17:41:00Z,2025-01-23T07:54:00Z
306952,FBD ONE CORPORATION PARK,28.488169168514048,77.30577306018859,Faridabad,Haryana ,121003,JIO BP Pulse (India),Operational,True,30.0,10,True,2024-12-11T17:36:00Z,2025-01-23T07:54:00Z
306951,Moolchand Metro Station,28.564370488731058,77.23404016562915,,Delhi,110048,Statiq (IN),Operational,True,60.0,4,True,2024-12-11T17:28:00Z,2025-01-23T07:54:00Z
306950,"A-359, Varun Marg, Market, near Gol Gumbad",28.574190481126507,77.2310862606812,,Delhi,110024,Statiq (IN),Operational,True,60.0,2,True,2024-12-11T17:22:00Z,2025-01-23T07:54:00Z
306938,EESL Charging Station ,28.633595060545176,77.2235355713151,New Delhi,Delhi ,110001,,Operational,True,15.0,1,False,2024-12-11T12:06:00Z,2024-12-16T11:23:00Z
306937,IOCL Citi Fuels,28.622301091027026,77.09545065018688,New Delhi,Delhi,110058,Tata Power,Operational,True,25.0,1,True,2024-12-11T11:46:00Z,2025-01-23T07:54:00Z
306878,Galleria Charging Station,28.467708660119754,77.08175816547879,Gurugram,Haryana,122022,Statiq (IN),Operational,True,120.0,2,True,2024-12-09T11:09:00Z,2025-01-23T07:59:00Z
306877,JMD Pacific Square Charging Station,28.463932542013964,77.04874615195718,Gurugram,Haryana,122022,Statiq (IN),Operational,True,120.0,5,True,2024-12-09T10:59:00Z,2025-01-23T07:59:00Z
306876,Bikanervala Sec-29 Charging Station,28.468828107284295,77.0638839883693,Gurugram,Haryana ,122001,Statiq (IN),Operational,True,120.0,2,True,2024-12-09T10:51:00Z,2025-01-23T07:59:00Z
306875,Crowne Plaza Gurgaon,28.467984401584445,77.05976818576823,Gurgaon,Haryana,122007,Sunfuel Electric (IN),Operational,True,7.0,2,False,2024-12-09T10:47:00Z,2025-01-23T07:59:00Z
306874,Statiq Charging Station,28.49765504797452,77.09311557895808,Gurugram,Haryana ,122010,Statiq (IN),Operational,True,60.0,1,True,2024-12-09T10:44:00Z,2025-01-23T07:59:00Z
306873,Gulf Adiba,28.507954891453252,77.08585156719187,Gurugram,Haryana,122008,(Unknown Operator),Operational,True,30.0,1,True,2024-12-09T10:38:00Z,2025-01-23T07:59:00Z
306804,JW Marriott - Aerocity,28.553139997543852,77.1212200291775,Delhi,Delhi,110037,Chargezone (India),Operational,True,30.0,2,True,2024-12-06T16:58:00Z,2024-12-16T18:17:00Z
306803,Aloft,28.552367614043746,77.12382001094556,Delhi,Delhi,110037,Chargezone (India),Operational,True,30.0,2,True,2024-12-06T16:54:00Z,2024-12-16T18:17:00Z
306802,Radisson Blu Plaza Delhi Airport,28.543766504559187,77.11959582440068,New Delhi,Delhi,110037,(Unknown Operator),Operational,True,22.0,2,False,2024-12-06T16:47:00Z,2024-12-09T16:49:00Z
306801,Hauz Khas Metro Station Parking Area,28.54490648632479,77.20691680157188,Delhi,Delhi,110016,(Unknown Operator),Operational,True,30.0,2,True,2024-12-06T16:42:00Z,2024-12-09T16:44:00Z
306798,Savoy Suites Noida,28.58017235100563,77.31546217299456,Noida,Uttar Pradesh,201301,(Unknown Operator),Operational,True,22.0,2,True,2024-12-06T16:32:00Z,2024-12-09T16:34:00Z
306797,TERRA CHARGE BSES,28.62519716761517,77.3054969707548,Delhi,Delhi,110092,,Operational,True,,1,False,2024-12-06T16:19:00Z,2024-12-09T16:24:00Z
306796,Terra Charge,28.62961907980423,77.31211257020607,Delhi,Delhi,110092,(Unknown Operator),Operational,True,,1,False,2024-12-06T16:14:00Z,2024-12-09T16:19:00Z
306793,Wave One,28.569778844167317,77.32328834017244,Noida,Uttar Pradesh,201301,(Unknown Operator),Operational,True,,5,False,2024-12-06T12:40:00Z,2024-12-09T12:44:00Z
306792,DLF Mall Of India,28.567208346058862,77.32153396083322,Noida,Uttar Pradesh,201301,(Unknown Operator),Operational,True,60.0,2,True,2024-12-06T12:32:00Z,2024-12-09T12:34:00Z
306791,Windsor Grand DC Charger,28.54219545502093,77.34071382694901,Noida,Uttar Pradesh,201313,(Unknown Operator),Operational,True,120.0,2,True,2024-12-06T12:23:00Z,2024-12-09T12:24:00Z
306790,Windsor IT Park,28.544712416209663,77.3271934556941,Noida,Uttar Pradesh,201313,(Unknown Operator),Operational,True,60.0,3,True,2024-12-06T12:17:00Z,2024-12-09T12:19:00Z
306770,Advant IT Park,28.50091069973459,77.409924693363,Noida,Uttar Pradesh,201305,(Unknown Operator),Operational,True,60.0,1,True,2024-12-05T15:26:00Z,2024-12-08T15:29:00Z
306769,Omaxe Connaught Place Mall,28.48878386342696,77.51396501181864,Greater Noida,Uttar Pradesh,201308,JIO BP Pulse (India),Operational,True,7.0,1,False,2024-12-05T15:18:00Z,2024-12-08T15:19:00Z
306768,Omaxe India Trade Centre,28.478099467287123,77.52147469500414,Noida,Uttar Pradesh,201308,JIO BP Pulse (India),Operational,True,60.0,1,True,2024-12-05T15:12:00Z,2024-12-08T15:14:00Z
306767,Near Snow White,28.633896593694388,77.2207759805442,Delhi,Delhi,110001,(Unknown Operator),Operational,True,15.0,2,False,2024-12-05T15:02:00Z,2024-12-08T15:04:00Z
303772,technoPolis,22.5796706,88.44328991347192,Kolkata,West Bengal,700091,(Unknown Operator),Operational,True,30.0,1,False,2024-09-03T06:38:00Z,2024-09-06T06:39:00Z
303178,Kartavya Path,28.614253161153925,77.2034289006848,,Delhi,110004,(Unknown Operator),Operational,True,,1,False,2024-08-18T13:32:00Z,2024-08-31T05:59:00Z
302744,Kot Safil road,21.190833374358448,72.82874435126223,Surat,Gujarat,395002,(Unknown Operator),Operational,True,2.5,1,False,2024-08-15T11:24:00Z,2024-09-02T01:54:00Z
301966,Harsha the Fernn,13.94855091,75.53166578, Shivamogga,Karnataka ,577202,Relux Electric (India),Operational,True,60.0,1,True,2024-07-27T10:39:00Z,2024-07-27T10:39:00Z
301965,Shanthigrama Toll plaza,12.9821235,76.2293388,Shanthigrama,Karnataka,573220,Relux Electric (India),Operational,True,40.0,2,True,2024-07-27T10:10:00Z,2025-02-24T10:37:00Z
301964,HPCL Shoolagiri,12.6667009,78.00280462,Krishnagiri,Tamil Nadu,637115,Relux Electric (India),Operational,True,30.0,1,True,2024-07-27T10:03:00Z,2024-07-27T10:03:00Z
301963,Quality Inn VIHA,10.9601063,79.3926127,Kumbakonam,Tamil Nadu,621001,Relux Electric (India),Operational,True,40.0,1,True,2024-07-27T09:59:00Z,2024-07-27T09:59:00Z
301962,Marshal E Tech Station,8.115411,77.532217,Kanyakumari ,Tamil Nadu,629703,Relux Electric (India),Operational,True,49.0,2,True,2024-07-27T09:56:00Z,2024-07-27T09:56:00Z
301650,Kallukurichi Toll Plaza,11.73619658,79.00933295, Viluppuram,Tamil Nadu,606206,Relux Electric (India),Operational,True,30.0,1,True,2024-07-23T11:45:00Z,2024-07-26T06:22:00Z
301649,Mettupatty Toll Plaza,11.66173152,78.33119546,selam,Tamil Nadu,636456,Relux Electric (India),Operational,True,31.0,1,True,2024-07-23T11:36:00Z,2024-07-26T06:22:00Z
301648,NS Charging Station,11.22135782,79.73769503,sirkali,Tamil Nadu,609111,Relux Electric (India),Operational,True,30.0,1,True,2024-07-23T11:32:00Z,2024-07-26T06:22:00Z
301647,Prashanth Charging Station,11.40802995,79.67390344,Chidambaram,Tamil Nadu,608001,Relux Electric (India),Operational,True,33.0,1,True,2024-07-23T11:29:00Z,2024-07-26T06:22:00Z
301646,Ocean Spray Resort ,12.06587465,79.88027083,Villupuram,Tamil Nadu,604303,Relux Electric (India),Operational,True,30.0,1,True,2024-07-23T11:25:00Z,2024-07-26T06:22:00Z
301645,VASAN Charging Station ,10.65218943,78.7421418,,Tamil Nadu,622515,Relux Electric (India),Operational,True,30.0,1,True,2024-07-23T11:21:00Z,2024-07-26T06:22:00Z
301644,Charles Mahal,10.80578,78.73219,Tiruchirappalli,Tamil Nadu,620010,Relux Electric (India),Operational,True,30.0,1,True,2024-07-23T11:11:00Z,2025-02-18T09:19:00Z
301643,DYNASTY AK Plaza,9.468266612,77.56613528,Virudhunagar,Tamilnadu,626117,Relux Electric (India),Operational,True,30.0,1,True,2024-07-23T11:08:00Z,2024-07-26T06:22:00Z
301550,Haribhavanam KMCH,11.040221081024029,77.04083279280997,Coimbatore,Tamil Nadu,641014,Relux Electric (India),Operational,True,30.0,1,True,2024-07-22T10:16:00Z,2025-06-11T14:01:00Z
301547,Siva Selvi Charging Station,10.72709336,76.92989238,Pollachi,Tamil Nadu,642005,Relux Electric (India),Operational,True,49.0,2,True,2024-07-22T07:59:00Z,2024-07-26T06:15:00Z
301546,HR Legacy,11.77470055,78.22697854,yercaud,Tamil Nadu,636601,Relux Electric (India),Operational,True,49.0,2,True,2024-07-22T07:49:00Z,2024-07-26T06:15:00Z
301545,Dr. MGR University ,13.06959746,80.1779609,"Maduravoyal, chennai",Tamil Nadu,600095,Relux Electric (India),Operational,True,30.0,2,True,2024-07-22T07:44:00Z,2024-10-21T16:56:00Z
301544,Hotel Benzz Park,12.929099273160231,79.1336516,Vellore,Tamil Nadu,632004,Relux Electric (India),Operational,True,30.0,1,True,2024-07-22T07:39:00Z,2024-07-26T06:15:00Z
301543,Alps Residency - A Bergamont Group of Hotel,12.54195,78.20175,Krishnagiri,Tamil Nadu,635001,Relux Electric (India),Operational,True,66.0,2,True,2024-07-22T07:35:00Z,2025-04-02T15:53:00Z
301542,Ero G Electric Charging Station,9.357267832,11.30199446,Erode,Tamil Nasdu,638052,Relux Electric (India),Operational,True,44.0,1,True,2024-07-22T07:31:00Z,2024-07-26T06:15:00Z
301541,KSN Charging Station,9.357267832,78.87360869,Ramanathapuram,Tamil Nadu ,623503,Relux Electric (India),Operational,True,35.0,1,True,2024-07-22T07:27:00Z,2024-07-26T06:15:00Z
301540,Hotel VPS Grand - Palani,10.44303096,77.51617095,Palani,Tamil Nadu,624601,Relux Electric (India),Operational,True,49.0,1,True,2024-07-22T07:23:00Z,2024-07-26T06:15:00Z
301539,Hotel Temple City Lake Inn,9.987081053,78.24154444,Valaichcherippatti,Tamil Nadu ,625104,Relux Electric (India),Operational,True,37.0,1,True,2024-07-22T07:20:00Z,2024-07-26T06:15:00Z
301398,Haribhavanam KMCH,11.04036238,77.04093889,Coimbatore,Tamil Nadu,641014,Relux Electric (India),Operational,True,30.0,1,True,2024-07-19T10:22:00Z,2024-07-26T06:19:00Z
301385,Dr. MGR University ,13.06959746,80.1779609,chennai,Tamil Nadu,600095,Relux Electric (India),Operational,True,30.0,1,True,2024-07-19T08:10:00Z,2024-07-24T08:19:00Z
301365,Ero G Electric Charging Station,11.230770773921392,78.57300876756312,perundurai ,Tamilnadu,638052 ,Relux Electric (India),Operational,True,44.0,1,True,2024-07-19T07:45:00Z,2024-07-26T06:19:00Z
301229,Sree Annapoorna Restaurant ,12.85301412,78.81703476,Ambur - Vellore,Tamil Nadu,635812,Chargezone (India),Operational,True,120.0,10,True,2024-07-17T07:03:00Z,2025-01-25T18:15:00Z
301228,Thoppur Toll Plaza,12.00702592,78.08084312,Thoppur,Tamil nadu,636708,Relux Electric (India),Operational,True,82.0,2,True,2024-07-17T06:51:00Z,2024-07-26T06:19:00Z
301227,Vaniyambadi Toll Plaza - Relux Charaging station,12.64875446,78.58332854,Vaniyambadi,Tamil Nadu,635751,Relux Electric (India),Operational,True,40.0,1,True,2024-07-17T06:43:00Z,2024-07-26T06:19:00Z
301226,Hotel Himalayaa,12.23639376,79.08960088,Thiruvanamalai,Tamil Nadu,606601,Relux Electric (India),Operational,True,40.0,1,True,2024-07-17T06:32:00Z,2024-07-26T06:19:00Z
301155,Hotel Aishwarya Bhavan,12.24034498,79.66228159,Tindivanam - Villupuram,Tamil Nadu,604001,Relux Electric (India),Operational,True,110.0,4,True,2024-07-16T07:09:00Z,2024-07-26T06:19:00Z
301154,MM Legacy ,12.9036054,80.167116,Kanchipuram,Tamil nadu,635812,Relux Electric (India),Operational,True,60.0,2,True,2024-07-16T07:01:00Z,2024-07-26T06:19:00Z
301153,EVP Cinemas - Relux Charging Station,13.03601745,80.04651678,Chembarambakkam,Tamil Nadu,600123,Relux Electric (India),Operational,True,30.0,1,True,2024-07-16T06:56:00Z,2024-07-26T06:19:00Z
300747,Hotel Aaryas Garden - Relux Charging Station,12.2406595,79.663151,Tindivanam,Villupuram, 604001,Relux Electric (India),Operational,True,49.0,2,True,2024-07-09T09:48:00Z,2024-07-12T09:49:00Z
300746,Hotel Aaryas Garden - Relux Electric,12.38530243,79.7960046,kandigai,chennai, 603201,Relux Electric (India),Operational,True,49.0,2,True,2024-07-09T09:44:00Z,2024-07-12T09:49:00Z
300745,Cosmopolitan Club - Relux Electric,13.10080944,80.19059824, Chennai,Tamil Nadu, 600098,Relux Electric (India),Operational,True,30.0,1,True,2024-07-09T09:34:00Z,2024-07-12T09:39:00Z
300744,Saravana Stores - Padi - Relux Electric ,13.10080944,80.19059824, Chennai, Tamil Nadu,600098,Relux Electric (India),Operational,True,60.0,2,True,2024-07-09T09:31:00Z,2024-07-12T09:34:00Z
298738,Balasaheb Thackeray Flyover,19.139950824152606,72.85197359742608,,Maharashtra,400029,(Unknown Operator),Operational,True,,1,False,2024-05-13T02:22:00Z,2024-05-20T09:21:00Z
297901,Hindustan EV Charge ,12.79947247256655,80.22763805069019,Tiruporur,,603103,(Unknown Operator),Operational,True,2.5,1,False,2024-04-26T05:41:00Z,2026-05-11T05:14:00Z
297821,Joance Regency,9.89428770289264,76.71587116008152,Thodupuzha,Kerala,685608,Zeon Charging,Operational,True,24.0,1,True,2024-04-22T12:44:00Z,2025-06-11T14:01:00Z
297660,"#1043, 11th cross",12.335348865021999,76.62012790912104,mysore,karnataka,570008,(Unknown Operator),Operational,True,11.0,1,False,2024-04-18T06:25:00Z,2024-04-25T11:18:00Z
297630,Ganesh Hotel,15.16839,75.14055,Tirumalakoppa,Karnataka,581207,Zeon Charging,Operational,True,50.0,2,True,2024-04-17T17:18:00Z,2025-02-17T16:56:00Z
297629,Jio BP Kamadod,14.57297,75.69027,Kamadod,Karnataka,581145,(Unknown Operator),Operational,True,60.0,2,True,2024-04-17T17:14:00Z,2025-02-18T09:19:00Z
297628,Zeon 24KW Kyathasandra,10.081199096245427,77.63011747389908,Kyathasandra,Karnataka,572104,Zeon Charging,Operational,True,24.0,1,True,2024-04-17T17:10:00Z,2024-04-25T11:18:00Z
297627,Relux 25KW Chidambaram,11.485037495015149,78.01971132004519,Chidambaram, Tamil Nadu,608602,(Unknown Operator),Operational,True,30.0,1,True,2024-04-17T17:02:00Z,2024-04-25T11:18:00Z
297626,chargemod 30kw Amoha hotel,11.485037495015149,78.01971132004519, Tiruvannamalai, Tamil Nadu,606601,(Unknown Operator),Operational,True,30.0,1,True,2024-04-17T16:59:00Z,2024-04-25T11:18:00Z
297625,Relux 30KW Hotel Himalaya,12.246919944087182,78.07576854682719,Annamalai R.F, Tamil Nadu,606604,(Unknown Operator),Operational,True,30.0,1,True,2024-04-17T16:56:00Z,2024-04-25T11:18:00Z
297624,Statiq 60kW Tirunelveli,8.66847,77.71834,Tirunelveli,Tamil Nadu, 627007,(Unknown Operator),Operational,True,60.0,1,True,2024-04-17T15:16:00Z,2025-03-31T16:20:00Z
297622,Regency Tirunelveli By GRT Hotels,8.72921,77.72092,Tirunelveli,Tamil Nadu,627003,Zeon Charging,Operational,True,50.0,1,True,2024-04-17T15:08:00Z,2025-04-07T13:39:00Z
297621,Kannada Parisath Road,12.336275917196616,76.61874659765198,Mysuru,Karnataka,570001,(Unknown Operator),Operational,True,100.0,1,False,2024-04-17T15:07:00Z,2024-04-25T11:18:00Z
279447,Knowledge park,28.46223750240044,77.49128580570192,Greater Noida,Uttar Pradesh,,(Unknown Operator),Operational,True,2.5,1,False,2023-10-26T16:57:00Z,2023-10-29T16:59:00Z
273116,Urs Kar,12.17768,75.90516,Gonikoppa,Karnataka,571213,Zeon Charging,Operational,True,24.0,1,True,2023-07-25T17:12:00Z,2025-02-17T16:56:00Z
267109,Punkunnam-Guruvayoor Road,10.537654030632055,76.19714944011241,Thrissur,Kerala,680002,Ather Grid Point (India),Operational,True,2.5,1,False,2023-06-21T05:31:00Z,2023-07-04T03:26:00Z
266916,Viyyur KSEB,10.559346433034207,76.2173581272001,Thrissur,Kerala,680010,(Unknown Operator),Operational,True,30.0,1,True,2023-06-18T17:36:00Z,2025-06-13T10:35:00Z
266276,KSEB Charging Station,10.00539481230841,76.30472192063007,Kochi,Kerala,682017,ChargeMod (IN),Operational,True,50.0,2,True,2023-05-30T20:27:00Z,2026-09-09T03:55:00Z
259197,GoElectrify-EV Charger ,23.0239226,72.4589304,Ahmedabad,Gujarat,380058,(Unknown Operator),Operational,True,3.6,3,False,2023-03-28T14:43:00Z,2023-03-28T20:46:00Z
258754,ChargePod Charging Station,23.175841,72.6267489,Gandhinagar,Gujarat,382421,(Unknown Operator),Not Operational,False,,1,False,2023-03-26T09:55:00Z,2024-08-08T12:49:00Z
258753,Fortum Charge & Drive Charging Station,22.9966818,72.3581511,Ahmedabad,Gujarat,380051,(Unknown Operator),Operational,True,50.0,2,True,2023-03-26T08:44:00Z,2023-03-26T21:56:00Z
258572,Ather Grid Charging Station,23.231491,72.6673639,Gandhinagar,Gujarat,382021,(Unknown Operator),Operational,True,2.5,1,False,2023-03-23T15:18:00Z,2023-03-23T20:25:00Z
258336,Taj Hotel,23.075554346771156,72.56854041975487,Ahmedabad ,Gujarat ,380058,Tata Power,Operational,True,30.0,2,True,2023-03-21T17:44:00Z,2023-03-21T17:51:00Z
258302,MobiLane Charging Station,23.1664285,72.6839839,Gandhinagar,Gujarat,382355,(Business Owner at Location),Operational,True,80.0,1,True,2023-03-21T12:40:00Z,2023-03-30T16:39:00Z
258294,Sargasan Cross Rd,23.178342756362767,72.61224558603294,Gandhinagar,Gujarat,382421,(Unknown Operator),Operational,True,30.0,1,True,2023-03-21T12:11:00Z,2023-03-23T23:04:00Z
257048,Agora Mall Charging Station,23.0675460902371,72.6648092874053,Gandhinagar,Gujarat,382424,JIO BP Pulse (India),Operational,True,,2,False,2023-03-17T05:35:00Z,2024-12-16T11:24:00Z
257047,Capital EV Charging Station (Kalupur),23.067645727534426,72.66492752114209,Ahmedabad,Gujarat,380002,(Unknown Operator),Operational,True,25.0,7,True,2023-03-17T05:19:00Z,2023-03-26T11:50:00Z
238134,Technopark EVCS,8.559479356189598,76.87807877486341,Thiruvananthapuram ,Kerala,695581,ChargeMod (IN),Operational,True,30.0,5,True,2023-03-02T07:29:00Z,2025-06-11T14:01:00Z
201254,Cinemax,19.24365159150088,73.13475572207244,Kalyan,Maharashtra,421301,(Unknown Operator),Operational,True,3.0,1,False,2022-08-25T17:05:00Z,2022-08-28T17:09:00Z
195401,Kalyan Grand Business Hotel,12.873800155645254,80.07849378133422,Vandalur,Tamil Nadu,600048,(Unknown Operator),Operational,True,24.0,1,True,2022-08-20T12:46:00Z,2022-08-20T15:02:00Z
195400,Muscat bakery & Restaurants,13.008010578515618,79.99673028011085,Irungattukottai,Tamil Nadu,602105,(Unknown Operator),Operational,True,50.0,3,True,2022-08-20T12:41:00Z,2022-08-20T15:02:00Z
195399,Holiday Inn Chennai OMR,12.98007448484978,80.25315304085922,Chennai,Tamil Nadu,600096,(Unknown Operator),Operational,True,25.0,1,True,2022-08-20T12:33:00Z,2022-08-20T15:02:00Z
195398,Grand Chennai by GRT Hotels,13.039883703809373,80.24507602103657,Chennai,Tamilnadu,600017,(Unknown Operator),Operational,True,22.0,1,False,2022-08-20T12:25:00Z,2022-08-20T15:03:00Z
195397,Spencer plaza,13.086440939321662,80.24611761923632,Chennai,TamilNadu,600002,(Unknown Operator),Operational,True,25.0,1,True,2022-08-20T12:00:00Z,2022-08-20T15:05:00Z
195339,Chandni Chowk,28.656025225797094,77.23119760294571,Delhi,Delhi,110006,(Unknown Operator),Operational,True,3.0,2,False,2022-08-16T10:38:00Z,2022-08-30T08:26:00Z
190068,Mira Road ,19.140006053456133,72.85344382844949,Maharashtra,India,401107,(Unknown Operator),Operational,True,,1,False,2021-11-18T06:57:00Z,2024-06-07T09:50:00Z
189046,Sardar Patel Ring Road,23.01811407692714,72.67117696624051,Ahmedabad,Gujarat,380001,(Unknown Operator),Operational,True,,1,False,2021-09-04T07:00:00Z,2021-09-05T15:01:00Z
189037,Shawadi Road,22.95898656230746,72.57343764720804,Ahmedabad,Gujarat,382405,(Unknown Operator),Operational,True,50.0,1,True,2021-09-02T11:26:00Z,2023-03-23T23:05:00Z
188200,Hosa Road,12.911521506082025,77.67629825827191, Chikkanayakanahalli,Karnataka,560035,(Unknown Operator),Operational,True,3.3,1,False,2021-07-14T04:38:00Z,2021-07-16T19:32:00Z
173082,Tata Fast Charger,12.952438850806772,77.63973152758626,Bangalore,Karnataka,,Tata Power,Operational,True,22.0,2,True,2021-03-03T06:46:00Z,2021-03-03T10:10:00Z
172465,Bharay,27.9383458,75.2314383,Mukundgarh Mandi,Rajasthan,333705,(Unknown Operator),Operational,True,3.0,1,False,2021-02-03T11:24:00Z,2021-02-03T17:34:00Z
171101,Saravana Bhavan,11.519422436107646,77.93477088670943,Vaigundam,Tamil Nadu,637103,(Unknown Operator),Operational,True,50.0,2,True,2020-12-20T13:41:00Z,2025-04-02T16:49:00Z
170932,IITM Research Park,12.9908,80.2424,Chennai City Corporation Limits,Tamil Nadu,600113,Relux Electric (India),Operational,True,37.0,3,False,2020-12-12T07:01:00Z,2024-07-09T12:38:00Z
167208,Assam Electric Point ,26.1619712,91.76678400000003,Guwahati,Assam,787059,(Unknown Operator),Operational,True,3.0,1,False,2020-08-29T14:29:00Z,2023-03-26T11:51:00Z
149812,Electrify Bihar EV Charging Station,26.156965,85.899512,Darbhanga,Bihar,846004,(Business Owner at Location),Operational,True,2.3,5,False,2020-03-06T04:28:00Z,2023-03-28T19:20:00Z
149534,Fortum Mahindra,17.44366,78.46395,Hyderabad,Telangana,500016,(Unknown Operator),Operational,True,,1,False,2020-02-27T16:28:00Z,2023-03-26T11:52:00Z
149533,Amplify Mobility,17.4249236,78.4219657,Hyderabad,Telangana,500034,(Unknown Operator),Operational,True,,1,False,2020-02-27T16:22:00Z,2023-04-04T10:44:00Z
149527,Fortum Mahindra ,17.36334,78.4337,Hyderabad,Telangana,500264,(Unknown Operator),Operational,True,,1,False,2020-02-27T15:28:00Z,2023-03-26T11:51:00Z
149524,Bharat Charge Ev Charging Station,17.5365276,78.3930837,Hyderabad,Telangana,500090,(Unknown Operator),Operational,True,240.0,8,True,2020-02-27T15:19:00Z,2026-07-16T19:26:00Z
146678,Jawahar Marg,22.71655434470766,75.85496372756984,Indore,Madhya Pradesh,452001,(Unknown Operator),Operational,True,3.0,1,False,2020-01-13T17:09:00Z,2020-01-13T20:22:00Z
129323,Kailash Bhavan,9.08818839762424,76.485887744861,Clappana,Kerala,690525,Midgard Electric,Operational,True,3.3,3,False,2019-07-17T11:08:00Z,2023-05-05T17:17:00Z
107668,AtherGrid Go Native Cafe,12.9224636436796,77.5846883396955,Bangalore,KA,560041,,Operational,True,2.0,1,False,2018-08-06T09:52:00Z,2018-08-06T21:39:00Z
103746,BESCOM Head Office,12.9755314120859,77.5883364581665,Bengaluru,Bangalore Urban,560053,(Business Owner at Location),Operational,True,3.6,2,True,2018-05-06T14:17:00Z,2020-04-14T16:02:00Z
103616,Ather Space,12.9756892941475,77.6412298094218,Bengaluru,Bangalore Urban,570008,(Unknown Operator),Operational,True,3.0,4,False,2018-05-04T08:50:00Z,2018-05-11T11:03:00Z
103615,Ather Grid Point - Herbs and Spices,12.9679246469975,77.7497762255596,Bengaluru,Bangalore Urban,560066,(Unknown Operator),Operational,True,3.0,1,False,2018-05-04T08:44:00Z,2018-05-11T11:04:00Z
103614,Ather Grid Point - 6000 Miles to Isle of Man,12.9756828,77.5982326000001,Bengaluru,Bangalore Urban,560053,(Unknown Operator),Operational,True,3.0,1,False,2018-05-04T08:42:00Z,2022-08-30T10:54:00Z
103613,Ather Grid Point - Sunny Side Bistro,13.0018168,77.6235465,Bengaluru,Bangalore Urban,560084,(Unknown Operator),Operational,True,3.0,1,False,2018-05-04T08:41:00Z,2018-05-11T11:04:00Z
103612,Ather Grid Point - Patel's Inn,13.0212463,77.5980284,Bengaluru,Bangalore Urban,560024,(Unknown Operator),Operational,True,3.0,1,False,2018-05-04T08:39:00Z,2018-05-17T14:58:00Z
103611,Ather Grid Point - Chapter One,13.0323019,77.5697127,Bengaluru,Bangalore Urban,560094,(Unknown Operator),Operational,True,3.0,1,False,2018-05-04T08:38:00Z,2018-05-11T11:05:00Z
103610,Ather Grid Point - Royal Airawat Residency,12.9222872,77.4954903,Bengaluru,Bangalore Urban,560059,(Unknown Operator),Operational,True,3.0,1,False,2018-05-04T08:37:00Z,2024-07-26T06:36:00Z
103609,Ather Grid Point - Caf Eleven,12.9233342441394,77.5548753083467,Bengaluru,Bangalore Urban,560085,(Unknown Operator),Operational,True,3.0,1,False,2018-05-04T08:35:00Z,2018-05-11T11:05:00Z
103607,Ather Grid Point - Fab Cafe,12.9339420487577,77.517451890213,Bengaluru,Bangalore Urban,560098,(Unknown Operator),Operational,True,3.0,1,False,2018-05-04T08:28:00Z,2018-05-11T11:06:00Z
103606,Ather Grid Point - Moto Store & Cafe,12.9875541362772,77.6208706943579,Bangalore,KARNATAKA,560042,(Unknown Operator),Operational,True,3.0,1,False,2018-05-04T08:14:00Z,2018-05-11T11:06:00Z
103604,"International Tech Park, Bangalore",12.985420937588,77.7385128788513,Bangalore,KARNATAKA,560066,(Unknown Operator),Operational,True,3.0,2,False,2018-05-04T08:06:00Z,2018-05-11T11:06:00Z
103603,Ather Grid Point - Ascendas Park square mall,12.9872191,77.7364744,Bangalore,KARNATAKA,560066,(Unknown Operator),Operational,True,3.0,2,False,2018-05-04T08:01:00Z,2018-05-11T11:06:00Z
96047,Tellus Power ,17.4133616071295,78.4265966206543,Hyderabad,Telangana,500034,,Operational,True,7.2,1,False,2017-12-07T10:12:00Z,2017-12-08T08:52:00Z
92772,Tata Power Receiving Station,19.0957956,72.92601089999994,Mumbai,,400077,(Business Owner at Location),Operational,True,,3,False,2017-09-10T11:59:00Z,2017-09-10T11:59:00Z
92771,Ola Charging Point,21.088567856547,79.0543895880828,Nagpur,Maharashtra,440001,(Business Owner at Location),Operational,True,,4,False,2017-09-10T11:39:00Z,2017-09-10T11:46:00Z
